DEBUG outSpeedKill - moveView: Skull Bash
DEBUG outSpeedKill - myPokemon: Dragonite
DEBUG outSpeedKill - oppPokemon: Onix
DEBUG outSpeedKill - Checking move: Skull Bash
DEBUG outSpeedKill - real_move: NOT NULL
DEBUG outSpeedKill - real_myPokemon: Dragonite
DEBUG outSpeedKill - real_oppPokemon: Onix
DEBUG slowKill oneshot check - oppMove: Rage
DEBUG slowKill oneshot check - real_oppMove: NOT NULL
DEBUG slowKill oneshot check - real_myPokemon: Slowbro
DEBUG slowKill oneshot check - real_oppPokemon: Ivysaur
DEBUG slowKill oneshot check - oppMove: Double-Edge
DEBUG slowKill oneshot check - real_oppMove: NOT NULL
DEBUG slowKill oneshot check - real_myPokemon: Slowbro
DEBUG slowKill oneshot check - real_oppPokemon: Ivysaur
DEBUG slowKill oneshot check - oppMove: Mega Drain
DEBUG slowKill oneshot check - real_oppMove: NOT NULL
DEBUG slowKill oneshot check - real_myPokemon: Slowbro
DEBUG slowKill oneshot check - real_oppPokemon: Ivysaur
DEBUG slowKill oneshot check - oppMove: Leech Seed
DEBUG slowKill oneshot check - real_oppMove: NOT NULL
DEBUG slowKill oneshot check - real_myPokemon: Slowbro
DEBUG slowKill oneshot check - real_oppPokemon: Ivysaur
DEBUG outSpeedKill - moveView: Bubble Beam
DEBUG outSpeedKill - myPokemon: Dragonite
DEBUG outSpeedKill - oppPokemon: Lickitung
DEBUG outSpeedKill - Checking move: Bubble Beam
DEBUG outSpeedKill - real_move: NOT NULL
DEBUG outSpeedKill - real_myPokemon: Dragonite
DEBUG outSpeedKill - real_oppPokemon: Lickitung
DEBUG outSpeedKill - moveView: Strength
DEBUG outSpeedKill - myPokemon: Dragonite
DEBUG outSpeedKill - oppPokemon: Lickitung
DEBUG outSpeedKill - Checking move: Strength
DEBUG outSpeedKill - real_move: NOT NULL
DEBUG outSpeedKill - real_myPokemon: Dragonite
DEBUG outSpeedKill - real_oppPokemon: Lickitung
DEBUG outSpeedKill - moveView: Dragon Rage
DEBUG outSpeedKill - myPokemon: Dragonite
DEBUG outSpeedKill - oppPokemon: Lickitung
DEBUG outSpeedKill - Checking move: Dragon Rage
DEBUG outSpeedKill - real_move: NOT NULL
DEBUG outSpeedKill - real_myPokemon: Dragonite
DEBUG outSpeedKill - real_oppPokemon: Lickitung
DEBUG outSpeedKill - moveView: Withdraw
DEBUG outSpeedKill - myPokemon: Wartortle
DEBUG outSpeedKill - oppPokemon: Bellsprout
DEBUG outSpeedKill - Checking move: Withdraw
DEBUG outSpeedKill - real_move: NOT NULL
DEBUG outSpeedKill - real_myPokemon: Wartortle
DEBUG outSpeedKill - real_oppPokemon: Bellsprout
DEBUG outSpeedKill - moveView: Substitute
DEBUG outSpeedKill - myPokemon: Tauros
DEBUG outSpeedKill - oppPokemon: Nidoqueen
DEBUG outSpeedKill - Checking move: Substitute
DEBUG outSpeedKill - real_move: NOT NULL
DEBUG outSpeedKill - real_myPokemon: Tauros
DEBUG outSpeedKill - real_oppPokemon: Nidoqueen
DEBUG outSpeedKill - moveView: Substitute
DEBUG outSpeedKill - myPokemon: Doduo
DEBUG outSpeedKill - oppPokemon: Paras
DEBUG outSpeedKill - Checking move: Substitute
DEBUG outSpeedKill - real_move: NOT NULL
DEBUG outSpeedKill - real_myPokemon: Doduo
DEBUG outSpeedKill - real_oppPokemon: Paras
DEBUG outSpeedKill - moveView: Take Down
DEBUG outSpeedKill - myPokemon: Doduo
DEBUG outSpeedKill - oppPokemon: Bulbasaur
DEBUG outSpeedKill - Checking move: Take Down
DEBUG outSpeedKill - real_move: NOT NULL
DEBUG outSpeedKill - real_myPokemon: Doduo
DEBUG outSpeedKill - real_oppPokemon: Bulbasaur
DEBUG outSpeedKill - moveView: Substitute
DEBUG outSpeedKill - myPokemon: Doduo
DEBUG outSpeedKill - oppPokemon: Bulbasaur
DEBUG outSpeedKill - Checking move: Substitute
DEBUG outSpeedKill - real_move: NOT NULL
DEBUG outSpeedKill - real_myPokemon: Doduo
DEBUG outSpeedKill - real_oppPokemon: Bulbasaur
DEBUG outSpeedKill - moveView: Toxic
DEBUG outSpeedKill - myPokemon: Blastoise
DEBUG outSpeedKill - oppPokemon: Weezing
DEBUG outSpeedKill - Checking move: Toxic
DEBUG outSpeedKill - real_move: NOT NULL
DEBUG outSpeedKill - real_myPokemon: Blastoise
DEBUG outSpeedKill - real_oppPokemon: Weezing
DEBUG outSpeedKill - moveView: Wrap
DEBUG outSpeedKill - myPokemon: Dragonair
DEBUG outSpeedKill - oppPokemon: Drowzee
DEBUG outSpeedKill - Checking move: Wrap
DEBUG outSpeedKill - real_move: NOT NULL
DEBUG outSpeedKill - real_myPokemon: Dragonair
DEBUG outSpeedKill - real_oppPokemon: Drowzee
DEBUG outSpeedKill - moveView: Bubble Beam
DEBUG outSpeedKill - myPokemon: Dragonair
DEBUG outSpeedKill - oppPokemon: Drowzee
DEBUG outSpeedKill - Checking move: Bubble Beam
DEBUG outSpeedKill - real_move: NOT NULL
DEBUG outSpeedKill - real_myPokemon: Dragonair
DEBUG outSpeedKill - real_oppPokemon: Drowzee
DEBUG outSpeedKill - moveView: Skull Bash
DEBUG outSpeedKill - myPokemon: Dragonair
DEBUG outSpeedKill - oppPokemon: Drowzee
DEBUG outSpeedKill - Checking move: Skull Bash
DEBUG outSpeedKill - real_move: NOT NULL
DEBUG outSpeedKill - real_myPokemon: Dragonair
DEBUG outSpeedKill - real_oppPokemon: Drowzee
DEBUG outSpeedKill - moveView: Hyper Beam
DEBUG outSpeedKill - myPokemon: Dragonair
DEBUG outSpeedKill - oppPokemon: Drowzee
DEBUG outSpeedKill - Checking move: Hyper Beam
DEBUG outSpeedKill - real_move: NOT NULL
DEBUG outSpeedKill - real_myPokemon: Dragonair
DEBUG outSpeedKill - real_oppPokemon: Drowzee
DEBUG outSpeedKill - moveView: Double Team
DEBUG outSpeedKill - myPokemon: Cloyster
DEBUG outSpeedKill - oppPokemon: Drowzee
DEBUG outSpeedKill - Checking move: Double Team
DEBUG outSpeedKill - real_move: NOT NULL
DEBUG outSpeedKill - real_myPokemon: Cloyster
DEBUG outSpeedKill - real_oppPokemon: Drowzee
DEBUG outSpeedKill - moveView: Slam
DEBUG outSpeedKill - myPokemon: Pikachu
DEBUG outSpeedKill - oppPokemon: Doduo
DEBUG outSpeedKill - Checking move: Slam
DEBUG outSpeedKill - real_move: NOT NULL
DEBUG outSpeedKill - real_myPokemon: Pikachu
DEBUG outSpeedKill - real_oppPokemon: Doduo
DEBUG outSpeedKill - moveView: Double Team
DEBUG outSpeedKill - myPokemon: Pikachu
DEBUG outSpeedKill - oppPokemon: Doduo
DEBUG outSpeedKill - Checking move: Double Team
DEBUG outSpeedKill - real_move: NOT NULL
DEBUG outSpeedKill - real_myPokemon: Pikachu
DEBUG outSpeedKill - real_oppPokemon: Doduo
DEBUG outSpeedKill - moveView: Take Down
DEBUG outSpeedKill - myPokemon: Porygon
DEBUG outSpeedKill - oppPokemon: Koffing
DEBUG outSpeedKill - Checking move: Take Down
DEBUG outSpeedKill - real_move: NOT NULL
DEBUG outSpeedKill - real_myPokemon: Porygon
DEBUG outSpeedKill - real_oppPokemon: Koffing
DEBUG outSpeedKill - moveView: Whirlwind
DEBUG outSpeedKill - myPokemon: Articuno
DEBUG outSpeedKill - oppPokemon: Kabutops
DEBUG outSpeedKill - Checking move: Whirlwind
DEBUG outSpeedKill - real_move: NOT NULL
DEBUG outSpeedKill - real_myPokemon: Articuno
DEBUG outSpeedKill - real_oppPokemon: Kabutops
DEBUG slowKill oneshot check - oppMove: Blizzard
DEBUG slowKill oneshot check - real_oppMove: NOT NULL
DEBUG slowKill oneshot check - real_myPokemon: Magneton
DEBUG slowKill oneshot check - real_oppPokemon: Dragonair
DEBUG slowKill oneshot check - oppMove: Rest
DEBUG slowKill oneshot check - real_oppMove: NOT NULL
DEBUG slowKill oneshot check - real_myPokemon: Magneton
DEBUG slowKill oneshot check - real_oppPokemon: Dragonair
DEBUG outSpeedKill - moveView: Reflect
DEBUG outSpeedKill - myPokemon: Venomoth
DEBUG outSpeedKill - oppPokemon: Exeggutor
DEBUG outSpeedKill - Checking move: Reflect
DEBUG outSpeedKill - real_move: NOT NULL
DEBUG outSpeedKill - real_myPokemon: Venomoth
DEBUG outSpeedKill - real_oppPokemon: Exeggutor
DEBUG slowKill oneshot check - oppMove: Double-Edge
DEBUG slowKill oneshot check - real_oppMove: NOT NULL
DEBUG slowKill oneshot check - real_myPokemon: Omastar
DEBUG slowKill oneshot check - real_oppPokemon: Gengar
DEBUG slowKill oneshot check - oppMove: Night Shade
DEBUG slowKill oneshot check - real_oppMove: NOT NULL
DEBUG slowKill oneshot check - real_myPokemon: Omastar
DEBUG slowKill oneshot check - real_oppPokemon: Gengar
DEBUG outSpeedKill - moveView: Growl
DEBUG outSpeedKill - myPokemon: Persian
DEBUG outSpeedKill - oppPokemon: Graveler
DEBUG outSpeedKill - Checking move: Growl
DEBUG outSpeedKill - real_move: NOT NULL
DEBUG outSpeedKill - real_myPokemon: Persian
DEBUG outSpeedKill - real_oppPokemon: Graveler
DEBUG slowKill oneshot check - oppMove: Fly
DEBUG slowKill oneshot check - real_oppMove: NOT NULL
DEBUG slowKill oneshot check - real_myPokemon: Weedle
DEBUG slowKill oneshot check - real_oppPokemon: Articuno
DEBUG slowKill oneshot check - oppMove: Mist
DEBUG slowKill oneshot check - real_oppMove: NOT NULL
DEBUG slowKill oneshot check - real_myPokemon: Weedle
DEBUG slowKill oneshot check - real_oppPokemon: Articuno
DEBUG outSpeedKill - moveView: Teleport
DEBUG outSpeedKill - myPokemon: Magneton
DEBUG outSpeedKill - oppPokemon: Bulbasaur
DEBUG outSpeedKill - Checking move: Teleport
DEBUG outSpeedKill - real_move: NOT NULL
DEBUG outSpeedKill - real_myPokemon: Magneton
DEBUG outSpeedKill - real_oppPokemon: Bulbasaur
DEBUG outSpeedKill - moveView: Thunder
DEBUG outSpeedKill - myPokemon: Persian
DEBUG outSpeedKill - oppPokemon: Vaporeon
DEBUG outSpeedKill - Checking move: Thunder
DEBUG outSpeedKill - real_move: NOT NULL
DEBUG outSpeedKill - real_myPokemon: Persian
DEBUG outSpeedKill - real_oppPokemon: Vaporeon
DEBUG outSpeedKill - moveView: Thunderbolt
DEBUG outSpeedKill - myPokemon: Persian
DEBUG outSpeedKill - oppPokemon: Vaporeon
DEBUG outSpeedKill - Checking move: Thunderbolt
DEBUG outSpeedKill - real_move: NOT NULL
DEBUG outSpeedKill - real_myPokemon: Persian
DEBUG outSpeedKill - real_oppPokemon: Vaporeon
DEBUG outSpeedKill - moveView: Body Slam
DEBUG outSpeedKill - myPokemon: Persian
DEBUG outSpeedKill - oppPokemon: Vaporeon
DEBUG outSpeedKill - Checking move: Body Slam
DEBUG outSpeedKill - real_move: NOT NULL
DEBUG outSpeedKill - real_myPokemon: Persian
DEBUG outSpeedKill - real_oppPokemon: Vaporeon
DEBUG outSpeedKill - moveView: Substitute
DEBUG outSpeedKill - myPokemon: Persian
DEBUG outSpeedKill - oppPokemon: Vaporeon
DEBUG outSpeedKill - Checking move: Substitute
DEBUG outSpeedKill - real_move: NOT NULL
DEBUG outSpeedKill - real_myPokemon: Persian
DEBUG outSpeedKill - real_oppPokemon: Vaporeon
DEBUG outSpeedKill - moveView: Bide
DEBUG outSpeedKill - myPokemon: Zapdos
DEBUG outSpeedKill - oppPokemon: Clefairy
DEBUG outSpeedKill - Checking move: Bide
DEBUG outSpeedKill - real_move: NOT NULL
DEBUG outSpeedKill - real_myPokemon: Zapdos
DEBUG outSpeedKill - real_oppPokemon: Clefairy
DEBUG outSpeedKill - moveView: Dig
DEBUG outSpeedKill - myPokemon: Primeape
DEBUG outSpeedKill - oppPokemon: Victreebel
DEBUG outSpeedKill - Checking move: Dig
DEBUG outSpeedKill - real_move: NOT NULL
DEBUG outSpeedKill - real_myPokemon: Primeape
DEBUG outSpeedKill - real_oppPokemon: Victreebel
DEBUG outSpeedKill - moveView: Counter
DEBUG outSpeedKill - myPokemon: Primeape
DEBUG outSpeedKill - oppPokemon: Victreebel
DEBUG outSpeedKill - Checking move: Counter
DEBUG outSpeedKill - real_move: NOT NULL
DEBUG outSpeedKill - real_myPokemon: Primeape
DEBUG outSpeedKill - real_oppPokemon: Victreebel
DEBUG outSpeedKill - moveView: Constrict
DEBUG outSpeedKill - myPokemon: Tentacool
DEBUG outSpeedKill - oppPokemon: Muk
DEBUG outSpeedKill - Checking move: Constrict
DEBUG outSpeedKill - real_move: NOT NULL
DEBUG outSpeedKill - real_myPokemon: Tentacool
DEBUG outSpeedKill - real_oppPokemon: Muk
DEBUG outSpeedKill - moveView: Bide
DEBUG outSpeedKill - myPokemon: Tentacool
DEBUG outSpeedKill - oppPokemon: Muk
DEBUG outSpeedKill - Checking move: Bide
DEBUG outSpeedKill - real_move: NOT NULL
DEBUG outSpeedKill - real_myPokemon: Tentacool
DEBUG outSpeedKill - real_oppPokemon: Muk
DEBUG outSpeedKill - moveView: Ice Beam
DEBUG outSpeedKill - myPokemon: Dewgong
DEBUG outSpeedKill - oppPokemon: Cubone
DEBUG outSpeedKill - Checking move: Ice Beam
DEBUG outSpeedKill - real_move: NOT NULL
DEBUG outSpeedKill - real_myPokemon: Dewgong
DEBUG outSpeedKill - real_oppPokemon: Cubone
DEBUG outSpeedKill - moveView: Blizzard
DEBUG outSpeedKill - myPokemon: Dewgong
DEBUG outSpeedKill - oppPokemon: Cubone
DEBUG outSpeedKill - Checking move: Blizzard
DEBUG outSpeedKill - real_move: NOT NULL
DEBUG outSpeedKill - real_myPokemon: Dewgong
DEBUG outSpeedKill - real_oppPokemon: Cubone
DEBUG outSpeedKill - moveView: Double Team
DEBUG outSpeedKill - myPokemon: Dewgong
DEBUG outSpeedKill - oppPokemon: Cubone
DEBUG outSpeedKill - Checking move: Double Team
DEBUG outSpeedKill - real_move: NOT NULL
DEBUG outSpeedKill - real_myPokemon: Dewgong
DEBUG outSpeedKill - real_oppPokemon: Cubone
DEBUG outSpeedKill - moveView: Double Team
DEBUG outSpeedKill - myPokemon: Mankey
DEBUG outSpeedKill - oppPokemon: Rhyhorn
DEBUG outSpeedKill - Checking move: Double Team
DEBUG outSpeedKill - real_move: NOT NULL
DEBUG outSpeedKill - real_myPokemon: Mankey
DEBUG outSpeedKill - real_oppPokemon: Rhyhorn
DEBUG slowKill oneshot check - oppMove: Strength
DEBUG slowKill oneshot check - real_oppMove: NOT NULL
DEBUG slowKill oneshot check - real_myPokemon: Pidgey
DEBUG slowKill oneshot check - real_oppPokemon: Hitmonlee
DEBUG slowKill oneshot check - oppMove: Jump Kick
DEBUG slowKill oneshot check - real_oppMove: NOT NULL
DEBUG slowKill oneshot check - real_myPokemon: Pidgey
DEBUG slowKill oneshot check - real_oppPokemon: Hitmonlee
DEBUG slowKill oneshot check - oppMove: Rest
DEBUG slowKill oneshot check - real_oppMove: NOT NULL
DEBUG slowKill oneshot check - real_myPokemon: Pidgey
DEBUG slowKill oneshot check - real_oppPokemon: Hitmonlee
DEBUG outSpeedKill - moveView: Rage
DEBUG outSpeedKill - myPokemon: Vaporeon
DEBUG outSpeedKill - oppPokemon: Tangela
DEBUG outSpeedKill - Checking move: Rage
DEBUG outSpeedKill - real_move: NOT NULL
DEBUG outSpeedKill - real_myPokemon: Vaporeon
DEBUG outSpeedKill - real_oppPokemon: Tangela
DEBUG outSpeedKill - moveView: Take Down
DEBUG outSpeedKill - myPokemon: Vaporeon
DEBUG outSpeedKill - oppPokemon: Tangela
DEBUG outSpeedKill - Checking move: Take Down
DEBUG outSpeedKill - real_move: NOT NULL
DEBUG outSpeedKill - real_myPokemon: Vaporeon
DEBUG outSpeedKill - real_oppPokemon: Tangela
DEBUG outSpeedKill - moveView: Tackle
DEBUG outSpeedKill - myPokemon: Vaporeon
DEBUG outSpeedKill - oppPokemon: Tangela
DEBUG outSpeedKill - Checking move: Tackle
DEBUG outSpeedKill - real_move: NOT NULL
DEBUG outSpeedKill - real_myPokemon: Vaporeon
DEBUG outSpeedKill - real_oppPokemon: Tangela
DEBUG outSpeedKill - moveView: Tail Whip
DEBUG outSpeedKill - myPokemon: Vaporeon
DEBUG outSpeedKill - oppPokemon: Tangela
DEBUG outSpeedKill - Checking move: Tail Whip
DEBUG outSpeedKill - real_move: NOT NULL
DEBUG outSpeedKill - real_myPokemon: Vaporeon
DEBUG outSpeedKill - real_oppPokemon: Tangela
DEBUG outSpeedKill - moveView: Bide
DEBUG outSpeedKill - myPokemon: Aerodactyl
DEBUG outSpeedKill - oppPokemon: Marowak
DEBUG outSpeedKill - Checking move: Bide
DEBUG outSpeedKill - real_move: NOT NULL
DEBUG outSpeedKill - real_myPokemon: Aerodactyl
DEBUG outSpeedKill - real_oppPokemon: Marowak
DEBUG outSpeedKill - moveView: Fire Blast
DEBUG outSpeedKill - myPokemon: Charizard
DEBUG outSpeedKill - oppPokemon: Moltres
DEBUG outSpeedKill - Checking move: Fire Blast
DEBUG outSpeedKill - real_move: NOT NULL
DEBUG outSpeedKill - real_myPokemon: Charizard
DEBUG outSpeedKill - real_oppPokemon: Moltres
DEBUG outSpeedKill - moveView: Fire Spin
DEBUG outSpeedKill - myPokemon: Charizard
DEBUG outSpeedKill - oppPokemon: Moltres
DEBUG outSpeedKill - Checking move: Fire Spin
DEBUG outSpeedKill - real_move: NOT NULL
DEBUG outSpeedKill - real_myPokemon: Charizard
DEBUG outSpeedKill - real_oppPokemon: Moltres
DEBUG outSpeedKill - moveView: Fly
DEBUG outSpeedKill - myPokemon: Charizard
DEBUG outSpeedKill - oppPokemon: Moltres
DEBUG outSpeedKill - Checking move: Fly
DEBUG outSpeedKill - real_move: NOT NULL
DEBUG outSpeedKill - real_myPokemon: Charizard
DEBUG outSpeedKill - real_oppPokemon: Moltres
DEBUG outSpeedKill - moveView: Counter
DEBUG outSpeedKill - myPokemon: Charizard
DEBUG outSpeedKill - oppPokemon: Moltres
DEBUG outSpeedKill - Checking move: Counter
DEBUG outSpeedKill - real_move: NOT NULL
DEBUG outSpeedKill - real_myPokemon: Charizard
DEBUG outSpeedKill - real_oppPokemon: Moltres
DEBUG slowKill oneshot check - oppMove: Double-Edge
DEBUG slowKill oneshot check - real_oppMove: NOT NULL
DEBUG slowKill oneshot check - real_myPokemon: Sandslash
DEBUG slowKill oneshot check - real_oppPokemon: Vaporeon
DEBUG slowKill oneshot check - oppMove: Mist
DEBUG slowKill oneshot check - real_oppMove: NOT NULL
DEBUG slowKill oneshot check - real_myPokemon: Sandslash
DEBUG slowKill oneshot check - real_oppPokemon: Vaporeon
DEBUG outSpeedKill - moveView: Double-Edge
DEBUG outSpeedKill - myPokemon: Pidgeot
DEBUG outSpeedKill - oppPokemon: Machop
DEBUG outSpeedKill - Checking move: Double-Edge
DEBUG outSpeedKill - real_move: NOT NULL
DEBUG outSpeedKill - real_myPokemon: Pidgeot
DEBUG outSpeedKill - real_oppPokemon: Machop
DEBUG outSpeedKill - moveView: Bide
DEBUG outSpeedKill - myPokemon: Pidgeot
DEBUG outSpeedKill - oppPokemon: Machop
DEBUG outSpeedKill - Checking move: Bide
DEBUG outSpeedKill - real_move: NOT NULL
DEBUG outSpeedKill - real_myPokemon: Pidgeot
DEBUG outSpeedKill - real_oppPokemon: Machop
DEBUG outSpeedKill - moveView: Rest
DEBUG outSpeedKill - myPokemon: Nidorino
DEBUG outSpeedKill - oppPokemon: Tangela
DEBUG outSpeedKill - Checking move: Rest
DEBUG outSpeedKill - real_move: NOT NULL
DEBUG outSpeedKill - real_myPokemon: Nidorino
DEBUG outSpeedKill - real_oppPokemon: Tangela
DEBUG slowKill oneshot check - oppMove: Sand Attack
DEBUG slowKill oneshot check - real_oppMove: NOT NULL
DEBUG slowKill oneshot check - real_myPokemon: Dragonite
DEBUG slowKill oneshot check - real_oppPokemon: Dugtrio
DEBUG outSpeedKill - moveView: Mega Drain
DEBUG outSpeedKill - myPokemon: Venusaur
DEBUG outSpeedKill - oppPokemon: Omastar
DEBUG outSpeedKill - Checking move: Mega Drain
DEBUG outSpeedKill - real_move: NOT NULL
DEBUG outSpeedKill - real_myPokemon: Venusaur
DEBUG outSpeedKill - real_oppPokemon: Omastar
DEBUG outSpeedKill - moveView: Growl
DEBUG outSpeedKill - myPokemon: Venusaur
DEBUG outSpeedKill - oppPokemon: Omastar
DEBUG outSpeedKill - Checking move: Growl
DEBUG outSpeedKill - real_move: NOT NULL
DEBUG outSpeedKill - real_myPokemon: Venusaur
DEBUG outSpeedKill - real_oppPokemon: Omastar
DEBUG outSpeedKill - moveView: Tail Whip
DEBUG outSpeedKill - myPokemon: Vulpix
DEBUG outSpeedKill - oppPokemon: Weedle
DEBUG outSpeedKill - Checking move: Tail Whip
DEBUG outSpeedKill - real_move: NOT NULL
DEBUG outSpeedKill - real_myPokemon: Vulpix
DEBUG outSpeedKill - real_oppPokemon: Weedle
DEBUG slowKill oneshot check - oppMove: Double Slap
DEBUG slowKill oneshot check - real_oppMove: NOT NULL
DEBUG slowKill oneshot check - real_myPokemon: Machoke
DEBUG slowKill oneshot check - real_oppPokemon: Poliwhirl
DEBUG slowKill oneshot check - oppMove: Double-Edge
DEBUG slowKill oneshot check - real_oppMove: NOT NULL
DEBUG slowKill oneshot check - real_myPokemon: Machoke
DEBUG slowKill oneshot check - real_oppPokemon: Poliwhirl
DEBUG slowKill oneshot check - oppMove: Water Gun
DEBUG slowKill oneshot check - real_oppMove: NOT NULL
DEBUG slowKill oneshot check - real_myPokemon: Machoke
DEBUG slowKill oneshot check - real_oppPokemon: Poliwhirl
DEBUG slowKill - Checking move: Fissure
DEBUG slowKill - real_move: NOT NULL
DEBUG slowKill - real_myPokemon: Machoke
DEBUG slowKill - real_oppPokemon: Poliwhirl
DEBUG slowKill oneshot check - oppMove: Agility
DEBUG slowKill oneshot check - real_oppMove: NOT NULL
DEBUG slowKill oneshot check - real_myPokemon: Onix
DEBUG slowKill oneshot check - real_oppPokemon: Articuno
DEBUG outSpeedKill - moveView: Sand Attack
DEBUG outSpeedKill - myPokemon: Diglett
DEBUG outSpeedKill - oppPokemon: Growlithe
DEBUG outSpeedKill - Checking move: Sand Attack
DEBUG outSpeedKill - real_move: NOT NULL
DEBUG outSpeedKill - real_myPokemon: Diglett
DEBUG outSpeedKill - real_oppPokemon: Growlithe
DEBUG outSpeedKill - moveView: Mega Drain
DEBUG outSpeedKill - myPokemon: Gengar
DEBUG outSpeedKill - oppPokemon: Fearow
DEBUG outSpeedKill - Checking move: Mega Drain
DEBUG outSpeedKill - real_move: NOT NULL
DEBUG outSpeedKill - real_myPokemon: Gengar
DEBUG outSpeedKill - real_oppPokemon: Fearow
DEBUG slowKill oneshot check - oppMove: Agility
DEBUG slowKill oneshot check - real_oppMove: NOT NULL
DEBUG slowKill oneshot check - real_myPokemon: Kangaskhan
DEBUG slowKill oneshot check - real_oppPokemon: Rapidash
DEBUG outSpeedKill - moveView: Strength
DEBUG outSpeedKill - myPokemon: Gyarados
DEBUG outSpeedKill - oppPokemon: Venusaur
DEBUG outSpeedKill - Checking move: Strength
DEBUG outSpeedKill - real_move: NOT NULL
DEBUG outSpeedKill - real_myPokemon: Gyarados
DEBUG outSpeedKill - real_oppPokemon: Venusaur
DEBUG outSpeedKill - moveView: Splash
DEBUG outSpeedKill - myPokemon: Gyarados
DEBUG outSpeedKill - oppPokemon: Venusaur
DEBUG outSpeedKill - Checking move: Splash
DEBUG outSpeedKill - real_move: NOT NULL
DEBUG outSpeedKill - real_myPokemon: Gyarados
DEBUG outSpeedKill - real_oppPokemon: Venusaur
DEBUG outSpeedKill - moveView: Agility
DEBUG outSpeedKill - myPokemon: Beedrill
DEBUG outSpeedKill - oppPokemon: Omanyte
DEBUG outSpeedKill - Checking move: Agility
DEBUG outSpeedKill - real_move: NOT NULL
DEBUG outSpeedKill - real_myPokemon: Beedrill
DEBUG outSpeedKill - real_oppPokemon: Omanyte
DEBUG outSpeedKill - moveView: Double Team
DEBUG outSpeedKill - myPokemon: Voltorb
DEBUG outSpeedKill - oppPokemon: Hypno
DEBUG outSpeedKill - Checking move: Double Team
DEBUG outSpeedKill - real_move: NOT NULL
DEBUG outSpeedKill - real_myPokemon: Voltorb
DEBUG outSpeedKill - real_oppPokemon: Hypno
DEBUG outSpeedKill - moveView: Surf
DEBUG outSpeedKill - myPokemon: Vaporeon
DEBUG outSpeedKill - oppPokemon: Tangela
DEBUG outSpeedKill - Checking move: Surf
DEBUG outSpeedKill - real_move: NOT NULL
DEBUG outSpeedKill - real_myPokemon: Vaporeon
DEBUG outSpeedKill - real_oppPokemon: Tangela
DEBUG outSpeedKill - moveView: Sand Attack
DEBUG outSpeedKill - myPokemon: Vaporeon
DEBUG outSpeedKill - oppPokemon: Tangela
DEBUG outSpeedKill - Checking move: Sand Attack
DEBUG outSpeedKill - real_move: NOT NULL
DEBUG outSpeedKill - real_myPokemon: Vaporeon
DEBUG outSpeedKill - real_oppPokemon: Tangela
DEBUG outSpeedKill - moveView: Sky Attack
DEBUG outSpeedKill - myPokemon: Spearow
DEBUG outSpeedKill - oppPokemon: Rhyhorn
DEBUG outSpeedKill - Checking move: Sky Attack
DEBUG outSpeedKill - real_move: NOT NULL
DEBUG outSpeedKill - real_myPokemon: Spearow
DEBUG outSpeedKill - real_oppPokemon: Rhyhorn
DEBUG outSpeedKill - moveView: Peck
DEBUG outSpeedKill - myPokemon: Spearow
DEBUG outSpeedKill - oppPokemon: Rhyhorn
DEBUG outSpeedKill - Checking move: Peck
DEBUG outSpeedKill - real_move: NOT NULL
DEBUG outSpeedKill - real_myPokemon: Spearow
DEBUG outSpeedKill - real_oppPokemon: Rhyhorn
DEBUG outSpeedKill - moveView: Double-Edge
DEBUG outSpeedKill - myPokemon: Spearow
DEBUG outSpeedKill - oppPokemon: Rhyhorn
DEBUG outSpeedKill - Checking move: Double-Edge
DEBUG outSpeedKill - real_move: NOT NULL
DEBUG outSpeedKill - real_myPokemon: Spearow
DEBUG outSpeedKill - real_oppPokemon: Rhyhorn
DEBUG outSpeedKill - moveView: Take Down
DEBUG outSpeedKill - myPokemon: Spearow
DEBUG outSpeedKill - oppPokemon: Rhyhorn
DEBUG outSpeedKill - Checking move: Take Down
DEBUG outSpeedKill - real_move: NOT NULL
DEBUG outSpeedKill - real_myPokemon: Spearow
DEBUG outSpeedKill - real_oppPokemon: Rhyhorn
DEBUG outSpeedKill - moveView: Double Team
DEBUG outSpeedKill - myPokemon: Charmeleon
DEBUG outSpeedKill - oppPokemon: Rhyhorn
DEBUG outSpeedKill - Checking move: Double Team
DEBUG outSpeedKill - real_move: NOT NULL
DEBUG outSpeedKill - real_myPokemon: Charmeleon
DEBUG outSpeedKill - real_oppPokemon: Rhyhorn
DEBUG slowKill oneshot check - oppMove: Rage
DEBUG slowKill oneshot check - real_oppMove: NOT NULL
DEBUG slowKill oneshot check - real_myPokemon: Rhyhorn
DEBUG slowKill oneshot check - real_oppPokemon: Rapidash
DEBUG slowKill oneshot check - oppMove: Body Slam
DEBUG slowKill oneshot check - real_oppMove: NOT NULL
DEBUG slowKill oneshot check - real_myPokemon: Rhyhorn
DEBUG slowKill oneshot check - real_oppPokemon: Rapidash
DEBUG slowKill oneshot check - oppMove: Stomp
DEBUG slowKill oneshot check - real_oppMove: NOT NULL
DEBUG slowKill oneshot check - real_myPokemon: Rhyhorn
DEBUG slowKill oneshot check - real_oppPokemon: Rapidash
DEBUG slowKill oneshot check - oppMove: Agility
DEBUG slowKill oneshot check - real_oppMove: NOT NULL
DEBUG slowKill oneshot check - real_myPokemon: Rhyhorn
DEBUG slowKill oneshot check - real_oppPokemon: Rapidash
DEBUG outSpeedKill - moveView: Seismic Toss
DEBUG outSpeedKill - myPokemon: Mewtwo
DEBUG outSpeedKill - oppPokemon: Weedle
DEBUG outSpeedKill - Checking move: Seismic Toss
DEBUG outSpeedKill - real_move: NOT NULL
DEBUG outSpeedKill - real_myPokemon: Mewtwo
DEBUG outSpeedKill - real_oppPokemon: Weedle
DEBUG outSpeedKill - moveView: Reflect
DEBUG outSpeedKill - myPokemon: Electrode
DEBUG outSpeedKill - oppPokemon: Ponyta
DEBUG outSpeedKill - Checking move: Reflect
DEBUG outSpeedKill - real_move: NOT NULL
DEBUG outSpeedKill - real_myPokemon: Electrode
DEBUG outSpeedKill - real_oppPokemon: Ponyta
DEBUG outSpeedKill - moveView: Take Down
DEBUG outSpeedKill - myPokemon: Mewtwo
DEBUG outSpeedKill - oppPokemon: Magmar
DEBUG outSpeedKill - Checking move: Take Down
DEBUG outSpeedKill - real_move: NOT NULL
DEBUG outSpeedKill - real_myPokemon: Mewtwo
DEBUG outSpeedKill - real_oppPokemon: Magmar
DEBUG outSpeedKill - moveView: Rage
DEBUG outSpeedKill - myPokemon: Mewtwo
DEBUG outSpeedKill - oppPokemon: Magmar
DEBUG outSpeedKill - Checking move: Rage
DEBUG outSpeedKill - real_move: NOT NULL
DEBUG outSpeedKill - real_myPokemon: Mewtwo
DEBUG outSpeedKill - real_oppPokemon: Magmar
DEBUG outSpeedKill - moveView: Blizzard
DEBUG outSpeedKill - myPokemon: Mewtwo
DEBUG outSpeedKill - oppPokemon: Magmar
DEBUG outSpeedKill - Checking move: Blizzard
DEBUG outSpeedKill - real_move: NOT NULL
DEBUG outSpeedKill - real_myPokemon: Mewtwo
DEBUG outSpeedKill - real_oppPokemon: Magmar
DEBUG outSpeedKill - moveView: Mega Punch
DEBUG outSpeedKill - myPokemon: Mewtwo
DEBUG outSpeedKill - oppPokemon: Magmar
DEBUG outSpeedKill - Checking move: Mega Punch
DEBUG outSpeedKill - real_move: NOT NULL
DEBUG outSpeedKill - real_myPokemon: Mewtwo
DEBUG outSpeedKill - real_oppPokemon: Magmar
DEBUG slowKill oneshot check - oppMove: Hyper Beam
DEBUG slowKill oneshot check - real_oppMove: NOT NULL
DEBUG slowKill oneshot check - real_myPokemon: Vileplume
DEBUG slowKill oneshot check - real_oppPokemon: Magmar
DEBUG slowKill oneshot check - oppMove: Substitute
DEBUG slowKill oneshot check - real_oppMove: NOT NULL
DEBUG slowKill oneshot check - real_myPokemon: Vileplume
DEBUG slowKill oneshot check - real_oppPokemon: Magmar
DEBUG outSpeedKill - moveView: Rest
DEBUG outSpeedKill - myPokemon: Electrode
DEBUG outSpeedKill - oppPokemon: Weepinbell
DEBUG outSpeedKill - Checking move: Rest
DEBUG outSpeedKill - real_move: NOT NULL
DEBUG outSpeedKill - real_myPokemon: Electrode
DEBUG outSpeedKill - real_oppPokemon: Weepinbell
DEBUG slowKill oneshot check - oppMove: Substitute
DEBUG slowKill oneshot check - real_oppMove: NOT NULL
DEBUG slowKill oneshot check - real_myPokemon: Oddish
DEBUG slowKill oneshot check - real_oppPokemon: Jolteon
DEBUG outSpeedKill - moveView: Hyper Beam
DEBUG outSpeedKill - myPokemon: Raichu
DEBUG outSpeedKill - oppPokemon: Golduck
DEBUG outSpeedKill - Checking move: Hyper Beam
DEBUG outSpeedKill - real_move: NOT NULL
DEBUG outSpeedKill - real_myPokemon: Raichu
DEBUG outSpeedKill - real_oppPokemon: Golduck
DEBUG outSpeedKill - moveView: Thunderbolt
DEBUG outSpeedKill - myPokemon: Raichu
DEBUG outSpeedKill - oppPokemon: Golduck
DEBUG outSpeedKill - Checking move: Thunderbolt
DEBUG outSpeedKill - real_move: NOT NULL
DEBUG outSpeedKill - real_myPokemon: Raichu
DEBUG outSpeedKill - real_oppPokemon: Golduck
DEBUG outSpeedKill - moveView: Bide
DEBUG outSpeedKill - myPokemon: Raichu
DEBUG outSpeedKill - oppPokemon: Golduck
DEBUG outSpeedKill - Checking move: Bide
DEBUG outSpeedKill - real_move: NOT NULL
DEBUG outSpeedKill - real_myPokemon: Raichu
DEBUG outSpeedKill - real_oppPokemon: Golduck
DEBUG outSpeedKill - moveView: Fire Spin
DEBUG outSpeedKill - myPokemon: Charizard
DEBUG outSpeedKill - oppPokemon: Rhyhorn
DEBUG outSpeedKill - Checking move: Fire Spin
DEBUG outSpeedKill - real_move: NOT NULL
DEBUG outSpeedKill - real_myPokemon: Charizard
DEBUG outSpeedKill - real_oppPokemon: Rhyhorn
DEBUG outSpeedKill - moveView: Reflect
DEBUG outSpeedKill - myPokemon: Charizard
DEBUG outSpeedKill - oppPokemon: Rhyhorn
DEBUG outSpeedKill - Checking move: Reflect
DEBUG outSpeedKill - real_move: NOT NULL
DEBUG outSpeedKill - real_myPokemon: Charizard
DEBUG outSpeedKill - real_oppPokemon: Rhyhorn
DEBUG outSpeedKill - moveView: Ice Beam
DEBUG outSpeedKill - myPokemon: Wigglytuff
DEBUG outSpeedKill - oppPokemon: Slowbro
DEBUG outSpeedKill - Checking move: Ice Beam
DEBUG outSpeedKill - real_move: NOT NULL
DEBUG outSpeedKill - real_myPokemon: Wigglytuff
DEBUG outSpeedKill - real_oppPokemon: Slowbro
DEBUG outSpeedKill - moveView: Sing
DEBUG outSpeedKill - myPokemon: Wigglytuff
DEBUG outSpeedKill - oppPokemon: Slowbro
DEBUG outSpeedKill - Checking move: Sing
DEBUG outSpeedKill - real_move: NOT NULL
DEBUG outSpeedKill - real_myPokemon: Wigglytuff
DEBUG outSpeedKill - real_oppPokemon: Slowbro
DEBUG outSpeedKill - moveView: Teleport
DEBUG outSpeedKill - myPokemon: Alakazam
DEBUG outSpeedKill - oppPokemon: Vaporeon
DEBUG outSpeedKill - Checking move: Teleport
DEBUG outSpeedKill - real_move: NOT NULL
DEBUG outSpeedKill - real_myPokemon: Alakazam
DEBUG outSpeedKill - real_oppPokemon: Vaporeon
DEBUG outSpeedKill - moveView: Rest
DEBUG outSpeedKill - myPokemon: Scyther
DEBUG outSpeedKill - oppPokemon: Onix
DEBUG outSpeedKill - Checking move: Rest
DEBUG outSpeedKill - real_move: NOT NULL
DEBUG outSpeedKill - real_myPokemon: Scyther
DEBUG outSpeedKill - real_oppPokemon: Onix
DEBUG outSpeedKill - moveView: Hyper Beam
DEBUG outSpeedKill - myPokemon: Dugtrio
DEBUG outSpeedKill - oppPokemon: Charmander
DEBUG outSpeedKill - Checking move: Hyper Beam
DEBUG outSpeedKill - real_move: NOT NULL
DEBUG outSpeedKill - real_myPokemon: Dugtrio
DEBUG outSpeedKill - real_oppPokemon: Charmander
DEBUG outSpeedKill - moveView: Rage
DEBUG outSpeedKill - myPokemon: Dugtrio
DEBUG outSpeedKill - oppPokemon: Charmander
DEBUG outSpeedKill - Checking move: Rage
DEBUG outSpeedKill - real_move: NOT NULL
DEBUG outSpeedKill - real_myPokemon: Dugtrio
DEBUG outSpeedKill - real_oppPokemon: Charmander
DEBUG outSpeedKill - moveView: Take Down
DEBUG outSpeedKill - myPokemon: Dugtrio
DEBUG outSpeedKill - oppPokemon: Charmander
DEBUG outSpeedKill - Checking move: Take Down
DEBUG outSpeedKill - real_move: NOT NULL
DEBUG outSpeedKill - real_myPokemon: Dugtrio
DEBUG outSpeedKill - real_oppPokemon: Charmander
DEBUG outSpeedKill - moveView: Fissure
DEBUG outSpeedKill - myPokemon: Dugtrio
DEBUG outSpeedKill - oppPokemon: Charmander
DEBUG outSpeedKill - Checking move: Fissure
DEBUG outSpeedKill - real_move: NOT NULL
DEBUG outSpeedKill - real_myPokemon: Dugtrio
DEBUG outSpeedKill - real_oppPokemon: Charmander
DEBUG outSpeedKill - moveView: Whirlwind
DEBUG outSpeedKill - myPokemon: Articuno
DEBUG outSpeedKill - oppPokemon: Weezing
DEBUG outSpeedKill - Checking move: Whirlwind
DEBUG outSpeedKill - real_move: NOT NULL
DEBUG outSpeedKill - real_myPokemon: Articuno
DEBUG outSpeedKill - real_oppPokemon: Weezing
DEBUG outSpeedKill - moveView: Skull Bash
DEBUG outSpeedKill - myPokemon: Raichu
DEBUG outSpeedKill - oppPokemon: Scyther
DEBUG outSpeedKill - Checking move: Skull Bash
DEBUG outSpeedKill - real_move: NOT NULL
DEBUG outSpeedKill - real_myPokemon: Raichu
DEBUG outSpeedKill - real_oppPokemon: Scyther
DEBUG outSpeedKill - moveView: Thunderbolt
DEBUG outSpeedKill - myPokemon: Raichu
DEBUG outSpeedKill - oppPokemon: Scyther
DEBUG outSpeedKill - Checking move: Thunderbolt
DEBUG outSpeedKill - real_move: NOT NULL
DEBUG outSpeedKill - real_myPokemon: Raichu
DEBUG outSpeedKill - real_oppPokemon: Scyther
DEBUG outSpeedKill - moveView: Slam
DEBUG outSpeedKill - myPokemon: Raichu
DEBUG outSpeedKill - oppPokemon: Scyther
DEBUG outSpeedKill - Checking move: Slam
DEBUG outSpeedKill - real_move: NOT NULL
DEBUG outSpeedKill - real_myPokemon: Raichu
DEBUG outSpeedKill - real_oppPokemon: Scyther
DEBUG outSpeedKill - moveView: Agility
DEBUG outSpeedKill - myPokemon: Raichu
DEBUG outSpeedKill - oppPokemon: Scyther
DEBUG outSpeedKill - Checking move: Agility
DEBUG outSpeedKill - real_move: NOT NULL
DEBUG outSpeedKill - real_myPokemon: Raichu
DEBUG outSpeedKill - real_oppPokemon: Scyther
DEBUG outSpeedKill - moveView: Take Down
DEBUG outSpeedKill - myPokemon: Raticate
DEBUG outSpeedKill - oppPokemon: Jynx
DEBUG outSpeedKill - Checking move: Take Down
DEBUG outSpeedKill - real_move: NOT NULL
DEBUG outSpeedKill - real_myPokemon: Raticate
DEBUG outSpeedKill - real_oppPokemon: Jynx
DEBUG outSpeedKill - moveView: Toxic
DEBUG outSpeedKill - myPokemon: Raticate
DEBUG outSpeedKill - oppPokemon: Jynx
DEBUG outSpeedKill - Checking move: Toxic
DEBUG outSpeedKill - real_move: NOT NULL
DEBUG outSpeedKill - real_myPokemon: Raticate
DEBUG outSpeedKill - real_oppPokemon: Jynx
DEBUG outSpeedKill - moveView: Rest
DEBUG outSpeedKill - myPokemon: Aerodactyl
DEBUG outSpeedKill - oppPokemon: Hitmonlee
DEBUG outSpeedKill - Checking move: Rest
DEBUG outSpeedKill - real_move: NOT NULL
DEBUG outSpeedKill - real_myPokemon: Aerodactyl
DEBUG outSpeedKill - real_oppPokemon: Hitmonlee
DEBUG slowKill oneshot check - oppMove: Earthquake
DEBUG slowKill oneshot check - real_oppMove: NOT NULL
DEBUG slowKill oneshot check - real_myPokemon: Lickitung
DEBUG slowKill oneshot check - real_oppPokemon: Poliwhirl
DEBUG slowKill oneshot check - oppMove: Submission
DEBUG slowKill oneshot check - real_oppMove: NOT NULL
DEBUG slowKill oneshot check - real_myPokemon: Lickitung
DEBUG slowKill oneshot check - real_oppPokemon: Poliwhirl
DEBUG slowKill oneshot check - oppMove: Seismic Toss
DEBUG slowKill oneshot check - real_oppMove: NOT NULL
DEBUG slowKill oneshot check - real_myPokemon: Lickitung
DEBUG slowKill oneshot check - real_oppPokemon: Poliwhirl
DEBUG outSpeedKill - moveView: Dig
DEBUG outSpeedKill - myPokemon: Sandslash
DEBUG outSpeedKill - oppPokemon: Ekans
DEBUG outSpeedKill - Checking move: Dig
DEBUG outSpeedKill - real_move: NOT NULL
DEBUG outSpeedKill - real_myPokemon: Sandslash
DEBUG outSpeedKill - real_oppPokemon: Ekans
DEBUG outSpeedKill - moveView: Rock Slide
DEBUG outSpeedKill - myPokemon: Sandslash
DEBUG outSpeedKill - oppPokemon: Ekans
DEBUG outSpeedKill - Checking move: Rock Slide
DEBUG outSpeedKill - real_move: NOT NULL
DEBUG outSpeedKill - real_myPokemon: Sandslash
DEBUG outSpeedKill - real_oppPokemon: Ekans
DEBUG outSpeedKill - moveView: Earthquake
DEBUG outSpeedKill - myPokemon: Sandslash
DEBUG outSpeedKill - oppPokemon: Ekans
DEBUG outSpeedKill - Checking move: Earthquake
DEBUG outSpeedKill - real_move: NOT NULL
DEBUG outSpeedKill - real_myPokemon: Sandslash
DEBUG outSpeedKill - real_oppPokemon: Ekans
DEBUG outSpeedKill - moveView: Bide
DEBUG outSpeedKill - myPokemon: Sandslash
DEBUG outSpeedKill - oppPokemon: Ekans
DEBUG outSpeedKill - Checking move: Bide
DEBUG outSpeedKill - real_move: NOT NULL
DEBUG outSpeedKill - real_myPokemon: Sandslash
DEBUG outSpeedKill - real_oppPokemon: Ekans
DEBUG outSpeedKill - moveView: Flamethrower
DEBUG outSpeedKill - myPokemon: Magmar
DEBUG outSpeedKill - oppPokemon: Gastly
DEBUG outSpeedKill - Checking move: Flamethrower
DEBUG outSpeedKill - real_move: NOT NULL
DEBUG outSpeedKill - real_myPokemon: Magmar
DEBUG outSpeedKill - real_oppPokemon: Gastly
DEBUG outSpeedKill - moveView: Counter
DEBUG outSpeedKill - myPokemon: Magmar
DEBUG outSpeedKill - oppPokemon: Gastly
DEBUG outSpeedKill - Checking move: Counter
DEBUG outSpeedKill - real_move: NOT NULL
DEBUG outSpeedKill - real_myPokemon: Magmar
DEBUG outSpeedKill - real_oppPokemon: Gastly
DEBUG slowKill oneshot check - oppMove: Rage
DEBUG slowKill oneshot check - real_oppMove: NOT NULL
DEBUG slowKill oneshot check - real_myPokemon: Paras
DEBUG slowKill oneshot check - real_oppPokemon: Persian
DEBUG slowKill oneshot check - oppMove: Bubble Beam
DEBUG slowKill oneshot check - real_oppMove: NOT NULL
DEBUG slowKill oneshot check - real_myPokemon: Paras
DEBUG slowKill oneshot check - real_oppPokemon: Persian
DEBUG slowKill oneshot check - oppMove: Take Down
DEBUG slowKill oneshot check - real_oppMove: NOT NULL
DEBUG slowKill oneshot check - real_myPokemon: Paras
DEBUG slowKill oneshot check - real_oppPokemon: Persian
DEBUG slowKill oneshot check - oppMove: Thunder
DEBUG slowKill oneshot check - real_oppMove: NOT NULL
DEBUG slowKill oneshot check - real_myPokemon: Paras
DEBUG slowKill oneshot check - real_oppPokemon: Persian
DEBUG slowKill - Checking move: Cut
DEBUG slowKill - real_move: NOT NULL
DEBUG slowKill - real_myPokemon: Paras
DEBUG slowKill - real_oppPokemon: Persian
DEBUG slowKill - Checking move: Bide
DEBUG slowKill - real_move: NOT NULL
DEBUG slowKill - real_myPokemon: Paras
DEBUG slowKill - real_oppPokemon: Persian
DEBUG outSpeedKill - moveView: Fissure
DEBUG outSpeedKill - myPokemon: Arbok
DEBUG outSpeedKill - oppPokemon: Goldeen
DEBUG outSpeedKill - Checking move: Fissure
DEBUG outSpeedKill - real_move: NOT NULL
DEBUG outSpeedKill - real_myPokemon: Arbok
DEBUG outSpeedKill - real_oppPokemon: Goldeen
DEBUG outSpeedKill - moveView: Recover
DEBUG outSpeedKill - myPokemon: Alakazam
DEBUG outSpeedKill - oppPokemon: Raticate
DEBUG outSpeedKill - Checking move: Recover
DEBUG outSpeedKill - real_move: NOT NULL
DEBUG outSpeedKill - real_myPokemon: Alakazam
DEBUG outSpeedKill - real_oppPokemon: Raticate
DEBUG outSpeedKill - moveView: Blizzard
DEBUG outSpeedKill - myPokemon: Poliwhirl
DEBUG outSpeedKill - oppPokemon: Dragonair
DEBUG outSpeedKill - Checking move: Blizzard
DEBUG outSpeedKill - real_move: NOT NULL
DEBUG outSpeedKill - real_myPokemon: Poliwhirl
DEBUG outSpeedKill - real_oppPokemon: Dragonair
DEBUG outSpeedKill - moveView: Psychic
DEBUG outSpeedKill - myPokemon: Poliwhirl
DEBUG outSpeedKill - oppPokemon: Dragonair
DEBUG outSpeedKill - Checking move: Psychic
DEBUG outSpeedKill - real_move: NOT NULL
DEBUG outSpeedKill - real_myPokemon: Poliwhirl
DEBUG outSpeedKill - real_oppPokemon: Dragonair
DEBUG outSpeedKill - moveView: Body Slam
DEBUG outSpeedKill - myPokemon: Poliwhirl
DEBUG outSpeedKill - oppPokemon: Dragonair
DEBUG outSpeedKill - Checking move: Body Slam
DEBUG outSpeedKill - real_move: NOT NULL
DEBUG outSpeedKill - real_myPokemon: Poliwhirl
DEBUG outSpeedKill - real_oppPokemon: Dragonair
DEBUG outSpeedKill - moveView: Hydro Pump
DEBUG outSpeedKill - myPokemon: Poliwhirl
DEBUG outSpeedKill - oppPokemon: Dragonair
DEBUG outSpeedKill - Checking move: Hydro Pump
DEBUG outSpeedKill - real_move: NOT NULL
DEBUG outSpeedKill - real_myPokemon: Poliwhirl
DEBUG outSpeedKill - real_oppPokemon: Dragonair
DEBUG outSpeedKill - moveView: Ember
DEBUG outSpeedKill - myPokemon: Rapidash
DEBUG outSpeedKill - oppPokemon: Dragonair
DEBUG outSpeedKill - Checking move: Ember
DEBUG outSpeedKill - real_move: NOT NULL
DEBUG outSpeedKill - real_myPokemon: Rapidash
DEBUG outSpeedKill - real_oppPokemon: Dragonair
DEBUG outSpeedKill - moveView: Double Team
DEBUG outSpeedKill - myPokemon: Rapidash
DEBUG outSpeedKill - oppPokemon: Dragonair
DEBUG outSpeedKill - Checking move: Double Team
DEBUG outSpeedKill - real_move: NOT NULL
DEBUG outSpeedKill - real_myPokemon: Rapidash
DEBUG outSpeedKill - real_oppPokemon: Dragonair
DEBUG outSpeedKill - moveView: Thunder Shock
DEBUG outSpeedKill - myPokemon: Jolteon
DEBUG outSpeedKill - oppPokemon: Nidorino
DEBUG outSpeedKill - Checking move: Thunder Shock
DEBUG outSpeedKill - real_move: NOT NULL
DEBUG outSpeedKill - real_myPokemon: Jolteon
DEBUG outSpeedKill - real_oppPokemon: Nidorino
DEBUG outSpeedKill - moveView: Hyper Beam
DEBUG outSpeedKill - myPokemon: Jolteon
DEBUG outSpeedKill - oppPokemon: Nidorino
DEBUG outSpeedKill - Checking move: Hyper Beam
DEBUG outSpeedKill - real_move: NOT NULL
DEBUG outSpeedKill - real_myPokemon: Jolteon
DEBUG outSpeedKill - real_oppPokemon: Nidorino
DEBUG outSpeedKill - moveView: Double-Edge
DEBUG outSpeedKill - myPokemon: Jolteon
DEBUG outSpeedKill - oppPokemon: Nidorino
DEBUG outSpeedKill - Checking move: Double-Edge
DEBUG outSpeedKill - real_move: NOT NULL
DEBUG outSpeedKill - real_myPokemon: Jolteon
DEBUG outSpeedKill - real_oppPokemon: Nidorino
DEBUG outSpeedKill - moveView: Quick Attack
DEBUG outSpeedKill - myPokemon: Jolteon
DEBUG outSpeedKill - oppPokemon: Nidorino
DEBUG outSpeedKill - Checking move: Quick Attack
DEBUG outSpeedKill - real_move: NOT NULL
DEBUG outSpeedKill - real_myPokemon: Jolteon
DEBUG outSpeedKill - real_oppPokemon: Nidorino
DEBUG outSpeedKill - moveView: Rage
DEBUG outSpeedKill - myPokemon: Jynx
DEBUG outSpeedKill - oppPokemon: Nidorino
DEBUG outSpeedKill - Checking move: Rage
DEBUG outSpeedKill - real_move: NOT NULL
DEBUG outSpeedKill - real_myPokemon: Jynx
DEBUG outSpeedKill - real_oppPokemon: Nidorino
DEBUG outSpeedKill - moveView: Mega Kick
DEBUG outSpeedKill - myPokemon: Jynx
DEBUG outSpeedKill - oppPokemon: Nidorino
DEBUG outSpeedKill - Checking move: Mega Kick
DEBUG outSpeedKill - real_move: NOT NULL
DEBUG outSpeedKill - real_myPokemon: Jynx
DEBUG outSpeedKill - real_oppPokemon: Nidorino
DEBUG outSpeedKill - moveView: Seismic Toss
DEBUG outSpeedKill - myPokemon: Jynx
DEBUG outSpeedKill - oppPokemon: Nidorino
DEBUG outSpeedKill - Checking move: Seismic Toss
DEBUG outSpeedKill - real_move: NOT NULL
DEBUG outSpeedKill - real_myPokemon: Jynx
DEBUG outSpeedKill - real_oppPokemon: Nidorino
DEBUG outSpeedKill - moveView: Wrap
DEBUG outSpeedKill - myPokemon: Arbok
DEBUG outSpeedKill - oppPokemon: Lickitung
DEBUG outSpeedKill - Checking move: Wrap
DEBUG outSpeedKill - real_move: NOT NULL
DEBUG outSpeedKill - real_myPokemon: Arbok
DEBUG outSpeedKill - real_oppPokemon: Lickitung
DEBUG outSpeedKill - moveView: Double Team
DEBUG outSpeedKill - myPokemon: Arbok
DEBUG outSpeedKill - oppPokemon: Lickitung
DEBUG outSpeedKill - Checking move: Double Team
DEBUG outSpeedKill - real_move: NOT NULL
DEBUG outSpeedKill - real_myPokemon: Arbok
DEBUG outSpeedKill - real_oppPokemon: Lickitung
DEBUG outSpeedKill - moveView: Bide
DEBUG outSpeedKill - myPokemon: Jynx
DEBUG outSpeedKill - oppPokemon: Muk
DEBUG outSpeedKill - Checking move: Bide
DEBUG outSpeedKill - real_move: NOT NULL
DEBUG outSpeedKill - real_myPokemon: Jynx
DEBUG outSpeedKill - real_oppPokemon: Muk
DEBUG outSpeedKill - moveView: Thunder Wave
DEBUG outSpeedKill - myPokemon: Clefable
DEBUG outSpeedKill - oppPokemon: Gloom
DEBUG outSpeedKill - Checking move: Thunder Wave
DEBUG outSpeedKill - real_move: NOT NULL
DEBUG outSpeedKill - real_myPokemon: Clefable
DEBUG outSpeedKill - real_oppPokemon: Gloom
DEBUG outSpeedKill - moveView: Fissure
DEBUG outSpeedKill - myPokemon: Poliwrath
DEBUG outSpeedKill - oppPokemon: Nidorina
DEBUG outSpeedKill - Checking move: Fissure
DEBUG outSpeedKill - real_move: NOT NULL
DEBUG outSpeedKill - real_myPokemon: Poliwrath
DEBUG outSpeedKill - real_oppPokemon: Nidorina
DEBUG outSpeedKill - moveView: Toxic
DEBUG outSpeedKill - myPokemon: Articuno
DEBUG outSpeedKill - oppPokemon: Rhydon
DEBUG outSpeedKill - Checking move: Toxic
DEBUG outSpeedKill - real_move: NOT NULL
DEBUG outSpeedKill - real_myPokemon: Articuno
DEBUG outSpeedKill - real_oppPokemon: Rhydon
DEBUG outSpeedKill - moveView: Light Screen
DEBUG outSpeedKill - myPokemon: Electrode
DEBUG outSpeedKill - oppPokemon: Persian
DEBUG outSpeedKill - Checking move: Light Screen
DEBUG outSpeedKill - real_move: NOT NULL
DEBUG outSpeedKill - real_myPokemon: Electrode
DEBUG outSpeedKill - real_oppPokemon: Persian
DEBUG outSpeedKill - moveView: Swift
DEBUG outSpeedKill - myPokemon: Seadra
DEBUG outSpeedKill - oppPokemon: Dratini
DEBUG outSpeedKill - Checking move: Swift
DEBUG outSpeedKill - real_move: NOT NULL
DEBUG outSpeedKill - real_myPokemon: Seadra
DEBUG outSpeedKill - real_oppPokemon: Dratini
DEBUG outSpeedKill - moveView: Surf
DEBUG outSpeedKill - myPokemon: Seadra
DEBUG outSpeedKill - oppPokemon: Dratini
DEBUG outSpeedKill - Checking move: Surf
DEBUG outSpeedKill - real_move: NOT NULL
DEBUG outSpeedKill - real_myPokemon: Seadra
DEBUG outSpeedKill - real_oppPokemon: Dratini
DEBUG outSpeedKill - moveView: Ice Beam
DEBUG outSpeedKill - myPokemon: Seadra
DEBUG outSpeedKill - oppPokemon: Dratini
DEBUG outSpeedKill - Checking move: Ice Beam
DEBUG outSpeedKill - real_move: NOT NULL
DEBUG outSpeedKill - real_myPokemon: Seadra
DEBUG outSpeedKill - real_oppPokemon: Dratini
DEBUG outSpeedKill - moveView: Rest
DEBUG outSpeedKill - myPokemon: Seadra
DEBUG outSpeedKill - oppPokemon: Dratini
DEBUG outSpeedKill - Checking move: Rest
DEBUG outSpeedKill - real_move: NOT NULL
DEBUG outSpeedKill - real_myPokemon: Seadra
DEBUG outSpeedKill - real_oppPokemon: Dratini
DEBUG outSpeedKill - moveView: Skull Bash
DEBUG outSpeedKill - myPokemon: Ponyta
DEBUG outSpeedKill - oppPokemon: Wartortle
DEBUG outSpeedKill - Checking move: Skull Bash
DEBUG outSpeedKill - real_move: NOT NULL
DEBUG outSpeedKill - real_myPokemon: Ponyta
DEBUG outSpeedKill - real_oppPokemon: Wartortle
DEBUG outSpeedKill - moveView: Tail Whip
DEBUG outSpeedKill - myPokemon: Ponyta
DEBUG outSpeedKill - oppPokemon: Wartortle
DEBUG outSpeedKill - Checking move: Tail Whip
DEBUG outSpeedKill - real_move: NOT NULL
DEBUG outSpeedKill - real_myPokemon: Ponyta
DEBUG outSpeedKill - real_oppPokemon: Wartortle
DEBUG outSpeedKill - moveView: Psybeam
DEBUG outSpeedKill - myPokemon: Venomoth
DEBUG outSpeedKill - oppPokemon: Clefairy
DEBUG outSpeedKill - Checking move: Psybeam
DEBUG outSpeedKill - real_move: NOT NULL
DEBUG outSpeedKill - real_myPokemon: Venomoth
DEBUG outSpeedKill - real_oppPokemon: Clefairy
DEBUG outSpeedKill - moveView: Confusion
DEBUG outSpeedKill - myPokemon: Venomoth
DEBUG outSpeedKill - oppPokemon: Clefairy
DEBUG outSpeedKill - Checking move: Confusion
DEBUG outSpeedKill - real_move: NOT NULL
DEBUG outSpeedKill - real_myPokemon: Venomoth
DEBUG outSpeedKill - real_oppPokemon: Clefairy
DEBUG outSpeedKill - moveView: Reflect
DEBUG outSpeedKill - myPokemon: Venomoth
DEBUG outSpeedKill - oppPokemon: Clefairy
DEBUG outSpeedKill - Checking move: Reflect
DEBUG outSpeedKill - real_move: NOT NULL
DEBUG outSpeedKill - real_myPokemon: Venomoth
DEBUG outSpeedKill - real_oppPokemon: Clefairy
DEBUG slowKill oneshot check - oppMove: Hyper Beam
DEBUG slowKill oneshot check - real_oppMove: NOT NULL
DEBUG slowKill oneshot check - real_myPokemon: Pidgey
DEBUG slowKill oneshot check - real_oppPokemon: Magmar
DEBUG slowKill - Checking move: Double Team
DEBUG slowKill - real_move: NOT NULL
DEBUG slowKill - real_myPokemon: Pidgey
DEBUG slowKill - real_oppPokemon: Magmar
DEBUG outSpeedKill - moveView: Rock Slide
DEBUG outSpeedKill - myPokemon: Arbok
DEBUG outSpeedKill - oppPokemon: Tentacool
DEBUG outSpeedKill - Checking move: Rock Slide
DEBUG outSpeedKill - real_move: NOT NULL
DEBUG outSpeedKill - real_myPokemon: Arbok
DEBUG outSpeedKill - real_oppPokemon: Tentacool
DEBUG outSpeedKill - moveView: Mega Drain
DEBUG outSpeedKill - myPokemon: Arbok
DEBUG outSpeedKill - oppPokemon: Tentacool
DEBUG outSpeedKill - Checking move: Mega Drain
DEBUG outSpeedKill - real_move: NOT NULL
DEBUG outSpeedKill - real_myPokemon: Arbok
DEBUG outSpeedKill - real_oppPokemon: Tentacool
DEBUG outSpeedKill - moveView: Acid
DEBUG outSpeedKill - myPokemon: Arbok
DEBUG outSpeedKill - oppPokemon: Tentacool
DEBUG outSpeedKill - Checking move: Acid
DEBUG outSpeedKill - real_move: NOT NULL
DEBUG outSpeedKill - real_myPokemon: Arbok
DEBUG outSpeedKill - real_oppPokemon: Tentacool
DEBUG outSpeedKill - moveView: Wrap
DEBUG outSpeedKill - myPokemon: Arbok
DEBUG outSpeedKill - oppPokemon: Tentacool
DEBUG outSpeedKill - Checking move: Wrap
DEBUG outSpeedKill - real_move: NOT NULL
DEBUG outSpeedKill - real_myPokemon: Arbok
DEBUG outSpeedKill - real_oppPokemon: Tentacool
DEBUG outSpeedKill - moveView: Hyper Beam
DEBUG outSpeedKill - myPokemon: Dragonite
DEBUG outSpeedKill - oppPokemon: Tentacool
DEBUG outSpeedKill - Checking move: Hyper Beam
DEBUG outSpeedKill - real_move: NOT NULL
DEBUG outSpeedKill - real_myPokemon: Dragonite
DEBUG outSpeedKill - real_oppPokemon: Tentacool
DEBUG outSpeedKill - moveView: Substitute
DEBUG outSpeedKill - myPokemon: Dragonite
DEBUG outSpeedKill - oppPokemon: Tentacool
DEBUG outSpeedKill - Checking move: Substitute
DEBUG outSpeedKill - real_move: NOT NULL
DEBUG outSpeedKill - real_myPokemon: Dragonite
DEBUG outSpeedKill - real_oppPokemon: Tentacool
DEBUG slowKill oneshot check - oppMove: Light Screen
DEBUG slowKill oneshot check - real_oppMove: NOT NULL
DEBUG slowKill oneshot check - real_myPokemon: Snorlax
DEBUG slowKill oneshot check - real_oppPokemon: Electrode
DEBUG slowKill oneshot check - oppMove: Amnesia
DEBUG slowKill oneshot check - real_oppMove: NOT NULL
DEBUG slowKill oneshot check - real_myPokemon: Pikachu
DEBUG slowKill oneshot check - real_oppPokemon: Poliwag
DEBUG outSpeedKill - moveView: Rage
DEBUG outSpeedKill - myPokemon: Butterfree
DEBUG outSpeedKill - oppPokemon: Rhyhorn
DEBUG outSpeedKill - Checking move: Rage
DEBUG outSpeedKill - real_move: NOT NULL
DEBUG outSpeedKill - real_myPokemon: Butterfree
DEBUG outSpeedKill - real_oppPokemon: Rhyhorn
DEBUG outSpeedKill - moveView: Hyper Beam
DEBUG outSpeedKill - myPokemon: Butterfree
DEBUG outSpeedKill - oppPokemon: Rhyhorn
DEBUG outSpeedKill - Checking move: Hyper Beam
DEBUG outSpeedKill - real_move: NOT NULL
DEBUG outSpeedKill - real_myPokemon: Butterfree
DEBUG outSpeedKill - real_oppPokemon: Rhyhorn
DEBUG outSpeedKill - moveView: Swift
DEBUG outSpeedKill - myPokemon: Butterfree
DEBUG outSpeedKill - oppPokemon: Rhyhorn
DEBUG outSpeedKill - Checking move: Swift
DEBUG outSpeedKill - real_move: NOT NULL
DEBUG outSpeedKill - real_myPokemon: Butterfree
DEBUG outSpeedKill - real_oppPokemon: Rhyhorn
DEBUG outSpeedKill - moveView: Toxic
DEBUG outSpeedKill - myPokemon: Butterfree
DEBUG outSpeedKill - oppPokemon: Rhyhorn
DEBUG outSpeedKill - Checking move: Toxic
DEBUG outSpeedKill - real_move: NOT NULL
DEBUG outSpeedKill - real_myPokemon: Butterfree
DEBUG outSpeedKill - real_oppPokemon: Rhyhorn
DEBUG outSpeedKill - moveView: Take Down
DEBUG outSpeedKill - myPokemon: Jolteon
DEBUG outSpeedKill - oppPokemon: Hitmonlee
DEBUG outSpeedKill - Checking move: Take Down
DEBUG outSpeedKill - real_move: NOT NULL
DEBUG outSpeedKill - real_myPokemon: Jolteon
DEBUG outSpeedKill - real_oppPokemon: Hitmonlee
DEBUG outSpeedKill - moveView: Skull Bash
DEBUG outSpeedKill - myPokemon: Jolteon
DEBUG outSpeedKill - oppPokemon: Hitmonlee
DEBUG outSpeedKill - Checking move: Skull Bash
DEBUG outSpeedKill - real_move: NOT NULL
DEBUG outSpeedKill - real_myPokemon: Jolteon
DEBUG outSpeedKill - real_oppPokemon: Hitmonlee
DEBUG outSpeedKill - moveView: Double Kick
DEBUG outSpeedKill - myPokemon: Jolteon
DEBUG outSpeedKill - oppPokemon: Hitmonlee
DEBUG outSpeedKill - Checking move: Double Kick
DEBUG outSpeedKill - real_move: NOT NULL
DEBUG outSpeedKill - real_myPokemon: Jolteon
DEBUG outSpeedKill - real_oppPokemon: Hitmonlee
DEBUG outSpeedKill - moveView: Body Slam
DEBUG outSpeedKill - myPokemon: Jolteon
DEBUG outSpeedKill - oppPokemon: Hitmonlee
DEBUG outSpeedKill - Checking move: Body Slam
DEBUG outSpeedKill - real_move: NOT NULL
DEBUG outSpeedKill - real_myPokemon: Jolteon
DEBUG outSpeedKill - real_oppPokemon: Hitmonlee
DEBUG outSpeedKill - moveView: Substitute
DEBUG outSpeedKill - myPokemon: Venomoth
DEBUG outSpeedKill - oppPokemon: Hitmonlee
DEBUG outSpeedKill - Checking move: Substitute
DEBUG outSpeedKill - real_move: NOT NULL
DEBUG outSpeedKill - real_myPokemon: Venomoth
DEBUG outSpeedKill - real_oppPokemon: Hitmonlee
DEBUG outSpeedKill - moveView: Screech
DEBUG outSpeedKill - myPokemon: Mankey
DEBUG outSpeedKill - oppPokemon: Jigglypuff
DEBUG outSpeedKill - Checking move: Screech
DEBUG outSpeedKill - real_move: NOT NULL
DEBUG outSpeedKill - real_myPokemon: Mankey
DEBUG outSpeedKill - real_oppPokemon: Jigglypuff
DEBUG outSpeedKill - moveView: Confusion
DEBUG outSpeedKill - myPokemon: Golduck
DEBUG outSpeedKill - oppPokemon: Magneton
DEBUG outSpeedKill - Checking move: Confusion
DEBUG outSpeedKill - real_move: NOT NULL
DEBUG outSpeedKill - real_myPokemon: Golduck
DEBUG outSpeedKill - real_oppPokemon: Magneton
DEBUG outSpeedKill - moveView: Strength
DEBUG outSpeedKill - myPokemon: Golduck
DEBUG outSpeedKill - oppPokemon: Magneton
DEBUG outSpeedKill - Checking move: Strength
DEBUG outSpeedKill - real_move: NOT NULL
DEBUG outSpeedKill - real_myPokemon: Golduck
DEBUG outSpeedKill - real_oppPokemon: Magneton
DEBUG outSpeedKill - moveView: Bubble Beam
DEBUG outSpeedKill - myPokemon: Golduck
DEBUG outSpeedKill - oppPokemon: Magneton
DEBUG outSpeedKill - Checking move: Bubble Beam
DEBUG outSpeedKill - real_move: NOT NULL
DEBUG outSpeedKill - real_myPokemon: Golduck
DEBUG outSpeedKill - real_oppPokemon: Magneton
DEBUG outSpeedKill - moveView: Take Down
DEBUG outSpeedKill - myPokemon: Golduck
DEBUG outSpeedKill - oppPokemon: Magneton
DEBUG outSpeedKill - Checking move: Take Down
DEBUG outSpeedKill - real_move: NOT NULL
DEBUG outSpeedKill - real_myPokemon: Golduck
DEBUG outSpeedKill - real_oppPokemon: Magneton
DEBUG slowKill oneshot check - oppMove: Rage
DEBUG slowKill oneshot check - real_oppMove: NOT NULL
DEBUG slowKill oneshot check - real_myPokemon: Victreebel
DEBUG slowKill oneshot check - real_oppPokemon: Magneton
DEBUG slowKill oneshot check - oppMove: Screech
DEBUG slowKill oneshot check - real_oppMove: NOT NULL
DEBUG slowKill oneshot check - real_myPokemon: Victreebel
DEBUG slowKill oneshot check - real_oppPokemon: Magneton
DEBUG outSpeedKill - moveView: Reflect
DEBUG outSpeedKill - myPokemon: Alakazam
DEBUG outSpeedKill - oppPokemon: Ekans
DEBUG outSpeedKill - Checking move: Reflect
DEBUG outSpeedKill - real_move: NOT NULL
DEBUG outSpeedKill - real_myPokemon: Alakazam
DEBUG outSpeedKill - real_oppPokemon: Ekans
DEBUG outSpeedKill - moveView: Explosion
DEBUG outSpeedKill - myPokemon: Gastly
DEBUG outSpeedKill - oppPokemon: Omastar
DEBUG outSpeedKill - Checking move: Explosion
DEBUG outSpeedKill - real_move: NOT NULL
DEBUG outSpeedKill - real_myPokemon: Gastly
DEBUG outSpeedKill - real_oppPokemon: Omastar
DEBUG outSpeedKill - moveView: Rage
DEBUG outSpeedKill - myPokemon: Gastly
DEBUG outSpeedKill - oppPokemon: Omastar
DEBUG outSpeedKill - Checking move: Rage
DEBUG outSpeedKill - real_move: NOT NULL
DEBUG outSpeedKill - real_myPokemon: Gastly
DEBUG outSpeedKill - real_oppPokemon: Omastar
DEBUG outSpeedKill - moveView: Lick
DEBUG outSpeedKill - myPokemon: Gastly
DEBUG outSpeedKill - oppPokemon: Omastar
DEBUG outSpeedKill - Checking move: Lick
DEBUG outSpeedKill - real_move: NOT NULL
DEBUG outSpeedKill - real_myPokemon: Gastly
DEBUG outSpeedKill - real_oppPokemon: Omastar
DEBUG outSpeedKill - moveView: Substitute
DEBUG outSpeedKill - myPokemon: Gastly
DEBUG outSpeedKill - oppPokemon: Omastar
DEBUG outSpeedKill - Checking move: Substitute
DEBUG outSpeedKill - real_move: NOT NULL
DEBUG outSpeedKill - real_myPokemon: Gastly
DEBUG outSpeedKill - real_oppPokemon: Omastar
DEBUG outSpeedKill - moveView: Double-Edge
DEBUG outSpeedKill - myPokemon: Rapidash
DEBUG outSpeedKill - oppPokemon: Vileplume
DEBUG outSpeedKill - Checking move: Double-Edge
DEBUG outSpeedKill - real_move: NOT NULL
DEBUG outSpeedKill - real_myPokemon: Rapidash
DEBUG outSpeedKill - real_oppPokemon: Vileplume
DEBUG outSpeedKill - moveView: Fire Spin
DEBUG outSpeedKill - myPokemon: Rapidash
DEBUG outSpeedKill - oppPokemon: Vileplume
DEBUG outSpeedKill - Checking move: Fire Spin
DEBUG outSpeedKill - real_move: NOT NULL
DEBUG outSpeedKill - real_myPokemon: Rapidash
DEBUG outSpeedKill - real_oppPokemon: Vileplume
DEBUG outSpeedKill - moveView: Horn Drill
DEBUG outSpeedKill - myPokemon: Rapidash
DEBUG outSpeedKill - oppPokemon: Vileplume
DEBUG outSpeedKill - Checking move: Horn Drill
DEBUG outSpeedKill - real_move: NOT NULL
DEBUG outSpeedKill - real_myPokemon: Rapidash
DEBUG outSpeedKill - real_oppPokemon: Vileplume
DEBUG outSpeedKill - moveView: Swift
DEBUG outSpeedKill - myPokemon: Voltorb
DEBUG outSpeedKill - oppPokemon: Bulbasaur
DEBUG outSpeedKill - Checking move: Swift
DEBUG outSpeedKill - real_move: NOT NULL
DEBUG outSpeedKill - real_myPokemon: Voltorb
DEBUG outSpeedKill - real_oppPokemon: Bulbasaur
DEBUG outSpeedKill - moveView: Rest
DEBUG outSpeedKill - myPokemon: Voltorb
DEBUG outSpeedKill - oppPokemon: Bulbasaur
DEBUG outSpeedKill - Checking move: Rest
DEBUG outSpeedKill - real_move: NOT NULL
DEBUG outSpeedKill - real_myPokemon: Voltorb
DEBUG outSpeedKill - real_oppPokemon: Bulbasaur
DEBUG outSpeedKill - moveView: Take Down
DEBUG outSpeedKill - myPokemon: Voltorb
DEBUG outSpeedKill - oppPokemon: Porygon
DEBUG outSpeedKill - Checking move: Take Down
DEBUG outSpeedKill - real_move: NOT NULL
DEBUG outSpeedKill - real_myPokemon: Voltorb
DEBUG outSpeedKill - real_oppPokemon: Porygon
DEBUG outSpeedKill - moveView: Bide
DEBUG outSpeedKill - myPokemon: Voltorb
DEBUG outSpeedKill - oppPokemon: Porygon
DEBUG outSpeedKill - Checking move: Bide
DEBUG outSpeedKill - real_move: NOT NULL
DEBUG outSpeedKill - real_myPokemon: Voltorb
DEBUG outSpeedKill - real_oppPokemon: Porygon
DEBUG outSpeedKill - moveView: Bide
DEBUG outSpeedKill - myPokemon: Beedrill
DEBUG outSpeedKill - oppPokemon: Koffing
DEBUG outSpeedKill - Checking move: Bide
DEBUG outSpeedKill - real_move: NOT NULL
DEBUG outSpeedKill - real_myPokemon: Beedrill
DEBUG outSpeedKill - real_oppPokemon: Koffing
DEBUG outSpeedKill - moveView: Double-Edge
DEBUG outSpeedKill - myPokemon: Starmie
DEBUG outSpeedKill - oppPokemon: Abra
DEBUG outSpeedKill - Checking move: Double-Edge
DEBUG outSpeedKill - real_move: NOT NULL
DEBUG outSpeedKill - real_myPokemon: Starmie
DEBUG outSpeedKill - real_oppPokemon: Abra
DEBUG outSpeedKill - moveView: Leer
DEBUG outSpeedKill - myPokemon: Horsea
DEBUG outSpeedKill - oppPokemon: Squirtle
DEBUG outSpeedKill - Checking move: Leer
DEBUG outSpeedKill - real_move: NOT NULL
DEBUG outSpeedKill - real_myPokemon: Horsea
DEBUG outSpeedKill - real_oppPokemon: Squirtle
DEBUG outSpeedKill - moveView: Tail Whip
DEBUG outSpeedKill - myPokemon: Tauros
DEBUG outSpeedKill - oppPokemon: Dewgong
DEBUG outSpeedKill - Checking move: Tail Whip
DEBUG outSpeedKill - real_move: NOT NULL
DEBUG outSpeedKill - real_myPokemon: Tauros
DEBUG outSpeedKill - real_oppPokemon: Dewgong
DEBUG slowKill oneshot check - oppMove: Double Kick
DEBUG slowKill oneshot check - real_oppMove: NOT NULL
DEBUG slowKill oneshot check - real_myPokemon: Nidoran♂
DEBUG slowKill oneshot check - real_oppPokemon: Hitmonlee
DEBUG slowKill oneshot check - oppMove: Toxic
DEBUG slowKill oneshot check - real_oppMove: NOT NULL
DEBUG slowKill oneshot check - real_myPokemon: Nidoran♂
DEBUG slowKill oneshot check - real_oppPokemon: Hitmonlee
DEBUG outSpeedKill - moveView: Razor Wind
DEBUG outSpeedKill - myPokemon: Kabutops
DEBUG outSpeedKill - oppPokemon: Kabuto
DEBUG outSpeedKill - Checking move: Razor Wind
DEBUG outSpeedKill - real_move: NOT NULL
DEBUG outSpeedKill - real_myPokemon: Kabutops
DEBUG outSpeedKill - real_oppPokemon: Kabuto
DEBUG outSpeedKill - moveView: Harden
DEBUG outSpeedKill - myPokemon: Kabutops
DEBUG outSpeedKill - oppPokemon: Kabuto
DEBUG outSpeedKill - Checking move: Harden
DEBUG outSpeedKill - real_move: NOT NULL
DEBUG outSpeedKill - real_myPokemon: Kabutops
DEBUG outSpeedKill - real_oppPokemon: Kabuto
DEBUG slowKill oneshot check - oppMove: Rest
DEBUG slowKill oneshot check - real_oppMove: NOT NULL
DEBUG slowKill oneshot check - real_myPokemon: Magneton
DEBUG slowKill oneshot check - real_oppPokemon: Diglett
DEBUG outSpeedKill - moveView: Bite
DEBUG outSpeedKill - myPokemon: Aerodactyl
DEBUG outSpeedKill - oppPokemon: Pidgeot
DEBUG outSpeedKill - Checking move: Bite
DEBUG outSpeedKill - real_move: NOT NULL
DEBUG outSpeedKill - real_myPokemon: Aerodactyl
DEBUG outSpeedKill - real_oppPokemon: Pidgeot
DEBUG outSpeedKill - moveView: Counter
DEBUG outSpeedKill - myPokemon: Charizard
DEBUG outSpeedKill - oppPokemon: Clefairy
DEBUG outSpeedKill - Checking move: Counter
DEBUG outSpeedKill - real_move: NOT NULL
DEBUG outSpeedKill - real_myPokemon: Charizard
DEBUG outSpeedKill - real_oppPokemon: Clefairy
DEBUG outSpeedKill - moveView: Rage
DEBUG outSpeedKill - myPokemon: Pinsir
DEBUG outSpeedKill - oppPokemon: Tentacool
DEBUG outSpeedKill - Checking move: Rage
DEBUG outSpeedKill - real_move: NOT NULL
DEBUG outSpeedKill - real_myPokemon: Pinsir
DEBUG outSpeedKill - real_oppPokemon: Tentacool
DEBUG outSpeedKill - moveView: Double-Edge
DEBUG outSpeedKill - myPokemon: Pinsir
DEBUG outSpeedKill - oppPokemon: Tentacool
DEBUG outSpeedKill - Checking move: Double-Edge
DEBUG outSpeedKill - real_move: NOT NULL
DEBUG outSpeedKill - real_myPokemon: Pinsir
DEBUG outSpeedKill - real_oppPokemon: Tentacool
DEBUG outSpeedKill - moveView: Toxic
DEBUG outSpeedKill - myPokemon: Pinsir
DEBUG outSpeedKill - oppPokemon: Tentacool
DEBUG outSpeedKill - Checking move: Toxic
DEBUG outSpeedKill - real_move: NOT NULL
DEBUG outSpeedKill - real_myPokemon: Pinsir
DEBUG outSpeedKill - real_oppPokemon: Tentacool
DEBUG outSpeedKill - moveView: Bide
DEBUG outSpeedKill - myPokemon: Arcanine
DEBUG outSpeedKill - oppPokemon: Clefairy
DEBUG outSpeedKill - Checking move: Bide
DEBUG outSpeedKill - real_move: NOT NULL
DEBUG outSpeedKill - real_myPokemon: Arcanine
DEBUG outSpeedKill - real_oppPokemon: Clefairy
DEBUG slowKill oneshot check - oppMove: Screech
DEBUG slowKill oneshot check - real_oppMove: NOT NULL
DEBUG slowKill oneshot check - real_myPokemon: Horsea
DEBUG slowKill oneshot check - real_oppPokemon: Tentacruel
DEBUG outSpeedKill - moveView: Peck
DEBUG outSpeedKill - myPokemon: Moltres
DEBUG outSpeedKill - oppPokemon: Ekans
DEBUG outSpeedKill - Checking move: Peck
DEBUG outSpeedKill - real_move: NOT NULL
DEBUG outSpeedKill - real_myPokemon: Moltres
DEBUG outSpeedKill - real_oppPokemon: Ekans
DEBUG outSpeedKill - moveView: Toxic
DEBUG outSpeedKill - myPokemon: Moltres
DEBUG outSpeedKill - oppPokemon: Ekans
DEBUG outSpeedKill - Checking move: Toxic
DEBUG outSpeedKill - real_move: NOT NULL
DEBUG outSpeedKill - real_myPokemon: Moltres
DEBUG outSpeedKill - real_oppPokemon: Ekans
DEBUG outSpeedKill - moveView: Double-Edge
DEBUG outSpeedKill - myPokemon: Dugtrio
DEBUG outSpeedKill - oppPokemon: Machop
DEBUG outSpeedKill - Checking move: Double-Edge
DEBUG outSpeedKill - real_move: NOT NULL
DEBUG outSpeedKill - real_myPokemon: Dugtrio
DEBUG outSpeedKill - real_oppPokemon: Machop
DEBUG outSpeedKill - moveView: Double Team
DEBUG outSpeedKill - myPokemon: Dugtrio
DEBUG outSpeedKill - oppPokemon: Machop
DEBUG outSpeedKill - Checking move: Double Team
DEBUG outSpeedKill - real_move: NOT NULL
DEBUG outSpeedKill - real_myPokemon: Dugtrio
DEBUG outSpeedKill - real_oppPokemon: Machop
DEBUG outSpeedKill - moveView: Horn Drill
DEBUG outSpeedKill - myPokemon: Mew
DEBUG outSpeedKill - oppPokemon: Gastly
DEBUG outSpeedKill - Checking move: Horn Drill
DEBUG outSpeedKill - real_move: NOT NULL
DEBUG outSpeedKill - real_myPokemon: Mew
DEBUG outSpeedKill - real_oppPokemon: Gastly
DEBUG slowKill oneshot check - oppMove: Swords Dance
DEBUG slowKill oneshot check - real_oppMove: NOT NULL
DEBUG slowKill oneshot check - real_myPokemon: Farfetch'd
DEBUG slowKill oneshot check - real_oppPokemon: Charizard
DEBUG outSpeedKill - moveView: Hyper Beam
DEBUG outSpeedKill - myPokemon: Mewtwo
DEBUG outSpeedKill - oppPokemon: Rhydon
DEBUG outSpeedKill - Checking move: Hyper Beam
DEBUG outSpeedKill - real_move: NOT NULL
DEBUG outSpeedKill - real_myPokemon: Mewtwo
DEBUG outSpeedKill - real_oppPokemon: Rhydon
DEBUG outSpeedKill - moveView: Self-Destruct
DEBUG outSpeedKill - myPokemon: Mewtwo
DEBUG outSpeedKill - oppPokemon: Rhydon
DEBUG outSpeedKill - Checking move: Self-Destruct
DEBUG outSpeedKill - real_move: NOT NULL
DEBUG outSpeedKill - real_myPokemon: Mewtwo
DEBUG outSpeedKill - real_oppPokemon: Rhydon
DEBUG outSpeedKill - moveView: Confusion
DEBUG outSpeedKill - myPokemon: Mewtwo
DEBUG outSpeedKill - oppPokemon: Rhydon
DEBUG outSpeedKill - Checking move: Confusion
DEBUG outSpeedKill - real_move: NOT NULL
DEBUG outSpeedKill - real_myPokemon: Mewtwo
DEBUG outSpeedKill - real_oppPokemon: Rhydon
DEBUG outSpeedKill - moveView: Submission
DEBUG outSpeedKill - myPokemon: Mewtwo
DEBUG outSpeedKill - oppPokemon: Rhydon
DEBUG outSpeedKill - Checking move: Submission
DEBUG outSpeedKill - real_move: NOT NULL
DEBUG outSpeedKill - real_myPokemon: Mewtwo
DEBUG outSpeedKill - real_oppPokemon: Rhydon
DEBUG outSpeedKill - moveView: Rest
DEBUG outSpeedKill - myPokemon: Seadra
DEBUG outSpeedKill - oppPokemon: Rhydon
DEBUG outSpeedKill - Checking move: Rest
DEBUG outSpeedKill - real_move: NOT NULL
DEBUG outSpeedKill - real_myPokemon: Seadra
DEBUG outSpeedKill - real_oppPokemon: Rhydon
DEBUG outSpeedKill - moveView: Bide
DEBUG outSpeedKill - myPokemon: Zubat
DEBUG outSpeedKill - oppPokemon: Snorlax
DEBUG outSpeedKill - Checking move: Bide
DEBUG outSpeedKill - real_move: NOT NULL
DEBUG outSpeedKill - real_myPokemon: Zubat
DEBUG outSpeedKill - real_oppPokemon: Snorlax
DEBUG outSpeedKill - moveView: Psywave
DEBUG outSpeedKill - myPokemon: Jynx
DEBUG outSpeedKill - oppPokemon: Mr. Mime
DEBUG outSpeedKill - Checking move: Psywave
DEBUG outSpeedKill - real_move: NOT NULL
DEBUG outSpeedKill - real_myPokemon: Jynx
DEBUG outSpeedKill - real_oppPokemon: Mr. Mime
DEBUG outSpeedKill - moveView: Swords Dance
DEBUG outSpeedKill - myPokemon: Scyther
DEBUG outSpeedKill - oppPokemon: Tangela
DEBUG outSpeedKill - Checking move: Swords Dance
DEBUG outSpeedKill - real_move: NOT NULL
DEBUG outSpeedKill - real_myPokemon: Scyther
DEBUG outSpeedKill - real_oppPokemon: Tangela
DEBUG outSpeedKill - moveView: Seismic Toss
DEBUG outSpeedKill - myPokemon: Psyduck
DEBUG outSpeedKill - oppPokemon: Drowzee
DEBUG outSpeedKill - Checking move: Seismic Toss
DEBUG outSpeedKill - real_move: NOT NULL
DEBUG outSpeedKill - real_myPokemon: Psyduck
DEBUG outSpeedKill - real_oppPokemon: Drowzee
DEBUG outSpeedKill - moveView: Take Down
DEBUG outSpeedKill - myPokemon: Dodrio
DEBUG outSpeedKill - oppPokemon: Machamp
DEBUG outSpeedKill - Checking move: Take Down
DEBUG outSpeedKill - real_move: NOT NULL
DEBUG outSpeedKill - real_myPokemon: Dodrio
DEBUG outSpeedKill - real_oppPokemon: Machamp
DEBUG outSpeedKill - moveView: Sky Attack
DEBUG outSpeedKill - myPokemon: Dodrio
DEBUG outSpeedKill - oppPokemon: Machamp
DEBUG outSpeedKill - Checking move: Sky Attack
DEBUG outSpeedKill - real_move: NOT NULL
DEBUG outSpeedKill - real_myPokemon: Dodrio
DEBUG outSpeedKill - real_oppPokemon: Machamp
DEBUG outSpeedKill - moveView: Rage
DEBUG outSpeedKill - myPokemon: Dodrio
DEBUG outSpeedKill - oppPokemon: Machamp
DEBUG outSpeedKill - Checking move: Rage
DEBUG outSpeedKill - real_move: NOT NULL
DEBUG outSpeedKill - real_myPokemon: Dodrio
DEBUG outSpeedKill - real_oppPokemon: Machamp
DEBUG outSpeedKill - moveView: Substitute
DEBUG outSpeedKill - myPokemon: Dodrio
DEBUG outSpeedKill - oppPokemon: Machamp
DEBUG outSpeedKill - Checking move: Substitute
DEBUG outSpeedKill - real_move: NOT NULL
DEBUG outSpeedKill - real_myPokemon: Dodrio
DEBUG outSpeedKill - real_oppPokemon: Machamp
DEBUG slowKill oneshot check - oppMove: Double Team
DEBUG slowKill oneshot check - real_oppMove: NOT NULL
DEBUG slowKill oneshot check - real_myPokemon: Hypno
DEBUG slowKill oneshot check - real_oppPokemon: Dugtrio
DEBUG slowKill oneshot check - oppMove: Tail Whip
DEBUG slowKill oneshot check - real_oppMove: NOT NULL
DEBUG slowKill oneshot check - real_myPokemon: Spearow
DEBUG slowKill oneshot check - real_oppPokemon: Kangaskhan
DEBUG outSpeedKill - moveView: Submission
DEBUG outSpeedKill - myPokemon: Magmar
DEBUG outSpeedKill - oppPokemon: Chansey
DEBUG outSpeedKill - Checking move: Submission
DEBUG outSpeedKill - real_move: NOT NULL
DEBUG outSpeedKill - real_myPokemon: Magmar
DEBUG outSpeedKill - real_oppPokemon: Chansey
DEBUG outSpeedKill - moveView: Take Down
DEBUG outSpeedKill - myPokemon: Magmar
DEBUG outSpeedKill - oppPokemon: Chansey
DEBUG outSpeedKill - Checking move: Take Down
DEBUG outSpeedKill - real_move: NOT NULL
DEBUG outSpeedKill - real_myPokemon: Magmar
DEBUG outSpeedKill - real_oppPokemon: Chansey
DEBUG outSpeedKill - moveView: Flamethrower
DEBUG outSpeedKill - myPokemon: Magmar
DEBUG outSpeedKill - oppPokemon: Chansey
DEBUG outSpeedKill - Checking move: Flamethrower
DEBUG outSpeedKill - real_move: NOT NULL
DEBUG outSpeedKill - real_myPokemon: Magmar
DEBUG outSpeedKill - real_oppPokemon: Chansey
DEBUG outSpeedKill - moveView: Substitute
DEBUG outSpeedKill - myPokemon: Magmar
DEBUG outSpeedKill - oppPokemon: Chansey
DEBUG outSpeedKill - Checking move: Substitute
DEBUG outSpeedKill - real_move: NOT NULL
DEBUG outSpeedKill - real_myPokemon: Magmar
DEBUG outSpeedKill - real_oppPokemon: Chansey
DEBUG outSpeedKill - moveView: Fissure
DEBUG outSpeedKill - myPokemon: Sandslash
DEBUG outSpeedKill - oppPokemon: Wigglytuff
DEBUG outSpeedKill - Checking move: Fissure
DEBUG outSpeedKill - real_move: NOT NULL
DEBUG outSpeedKill - real_myPokemon: Sandslash
DEBUG outSpeedKill - real_oppPokemon: Wigglytuff
DEBUG outSpeedKill - moveView: Rest
DEBUG outSpeedKill - myPokemon: Butterfree
DEBUG outSpeedKill - oppPokemon: Vulpix
DEBUG outSpeedKill - Checking move: Rest
DEBUG outSpeedKill - real_move: NOT NULL
DEBUG outSpeedKill - real_myPokemon: Butterfree
DEBUG outSpeedKill - real_oppPokemon: Vulpix
DEBUG slowKill oneshot check - oppMove: Water Gun
DEBUG slowKill oneshot check - real_oppMove: NOT NULL
DEBUG slowKill oneshot check - real_myPokemon: Machoke
DEBUG slowKill oneshot check - real_oppPokemon: Cloyster
DEBUG slowKill oneshot check - oppMove: Aurora Beam
DEBUG slowKill oneshot check - real_oppMove: NOT NULL
DEBUG slowKill oneshot check - real_myPokemon: Machoke
DEBUG slowKill oneshot check - real_oppPokemon: Cloyster
DEBUG slowKill oneshot check - oppMove: Rage
DEBUG slowKill oneshot check - real_oppMove: NOT NULL
DEBUG slowKill oneshot check - real_myPokemon: Machoke
DEBUG slowKill oneshot check - real_oppPokemon: Cloyster
DEBUG slowKill oneshot check - oppMove: Clamp
DEBUG slowKill oneshot check - real_oppMove: NOT NULL
DEBUG slowKill oneshot check - real_myPokemon: Machoke
DEBUG slowKill oneshot check - real_oppPokemon: Cloyster
DEBUG slowKill - Checking move: Counter
DEBUG slowKill - real_move: NOT NULL
DEBUG slowKill - real_myPokemon: Machoke
DEBUG slowKill - real_oppPokemon: Cloyster
DEBUG slowKill oneshot check - oppMove: Tri Attack
DEBUG slowKill oneshot check - real_oppMove: NOT NULL
DEBUG slowKill oneshot check - real_myPokemon: Golem
DEBUG slowKill oneshot check - real_oppPokemon: Kadabra
DEBUG slowKill oneshot check - oppMove: Bide
DEBUG slowKill oneshot check - real_oppMove: NOT NULL
DEBUG slowKill oneshot check - real_myPokemon: Golem
DEBUG slowKill oneshot check - real_oppPokemon: Kadabra
DEBUG outSpeedKill - moveView: Toxic
DEBUG outSpeedKill - myPokemon: Spearow
DEBUG outSpeedKill - oppPokemon: Flareon
DEBUG outSpeedKill - Checking move: Toxic
DEBUG outSpeedKill - real_move: NOT NULL
DEBUG outSpeedKill - real_myPokemon: Spearow
DEBUG outSpeedKill - real_oppPokemon: Flareon
DEBUG outSpeedKill - moveView: Ice Beam
DEBUG outSpeedKill - myPokemon: Horsea
DEBUG outSpeedKill - oppPokemon: Geodude
DEBUG outSpeedKill - Checking move: Ice Beam
DEBUG outSpeedKill - real_move: NOT NULL
DEBUG outSpeedKill - real_myPokemon: Horsea
DEBUG outSpeedKill - real_oppPokemon: Geodude
DEBUG outSpeedKill - moveView: Counter
DEBUG outSpeedKill - myPokemon: Charizard
DEBUG outSpeedKill - oppPokemon: Primeape
DEBUG outSpeedKill - Checking move: Counter
DEBUG outSpeedKill - real_move: NOT NULL
DEBUG outSpeedKill - real_myPokemon: Charizard
DEBUG outSpeedKill - real_oppPokemon: Primeape
DEBUG outSpeedKill - moveView: Double-Edge
DEBUG outSpeedKill - myPokemon: Fearow
DEBUG outSpeedKill - oppPokemon: Poliwhirl
DEBUG outSpeedKill - Checking move: Double-Edge
DEBUG outSpeedKill - real_move: NOT NULL
DEBUG outSpeedKill - real_myPokemon: Fearow
DEBUG outSpeedKill - real_oppPokemon: Poliwhirl
DEBUG outSpeedKill - moveView: Razor Wind
DEBUG outSpeedKill - myPokemon: Fearow
DEBUG outSpeedKill - oppPokemon: Poliwhirl
DEBUG outSpeedKill - Checking move: Razor Wind
DEBUG outSpeedKill - real_move: NOT NULL
DEBUG outSpeedKill - real_myPokemon: Fearow
DEBUG outSpeedKill - real_oppPokemon: Poliwhirl
DEBUG outSpeedKill - moveView: Bide
DEBUG outSpeedKill - myPokemon: Fearow
DEBUG outSpeedKill - oppPokemon: Poliwhirl
DEBUG outSpeedKill - Checking move: Bide
DEBUG outSpeedKill - real_move: NOT NULL
DEBUG outSpeedKill - real_myPokemon: Fearow
DEBUG outSpeedKill - real_oppPokemon: Poliwhirl
DEBUG outSpeedKill - moveView: Flash
DEBUG outSpeedKill - myPokemon: Alakazam
DEBUG outSpeedKill - oppPokemon: Gastly
DEBUG outSpeedKill - Checking move: Flash
DEBUG outSpeedKill - real_move: NOT NULL
DEBUG outSpeedKill - real_myPokemon: Alakazam
DEBUG outSpeedKill - real_oppPokemon: Gastly
DEBUG outSpeedKill - moveView: Skull Bash
DEBUG outSpeedKill - myPokemon: Kangaskhan
DEBUG outSpeedKill - oppPokemon: Omanyte
DEBUG outSpeedKill - Checking move: Skull Bash
DEBUG outSpeedKill - real_move: NOT NULL
DEBUG outSpeedKill - real_myPokemon: Kangaskhan
DEBUG outSpeedKill - real_oppPokemon: Omanyte
DEBUG outSpeedKill - moveView: Thunderbolt
DEBUG outSpeedKill - myPokemon: Kangaskhan
DEBUG outSpeedKill - oppPokemon: Omanyte
DEBUG outSpeedKill - Checking move: Thunderbolt
DEBUG outSpeedKill - real_move: NOT NULL
DEBUG outSpeedKill - real_myPokemon: Kangaskhan
DEBUG outSpeedKill - real_oppPokemon: Omanyte
DEBUG outSpeedKill - moveView: Rage
DEBUG outSpeedKill - myPokemon: Kangaskhan
DEBUG outSpeedKill - oppPokemon: Omanyte
DEBUG outSpeedKill - Checking move: Rage
DEBUG outSpeedKill - real_move: NOT NULL
DEBUG outSpeedKill - real_myPokemon: Kangaskhan
DEBUG outSpeedKill - real_oppPokemon: Omanyte
DEBUG outSpeedKill - moveView: Toxic
DEBUG outSpeedKill - myPokemon: Kangaskhan
DEBUG outSpeedKill - oppPokemon: Omanyte
DEBUG outSpeedKill - Checking move: Toxic
DEBUG outSpeedKill - real_move: NOT NULL
DEBUG outSpeedKill - real_myPokemon: Kangaskhan
DEBUG outSpeedKill - real_oppPokemon: Omanyte
DEBUG outSpeedKill - moveView: Submission
DEBUG outSpeedKill - myPokemon: Sandslash
DEBUG outSpeedKill - oppPokemon: Kabuto
DEBUG outSpeedKill - Checking move: Submission
DEBUG outSpeedKill - real_move: NOT NULL
DEBUG outSpeedKill - real_myPokemon: Sandslash
DEBUG outSpeedKill - real_oppPokemon: Kabuto
DEBUG outSpeedKill - moveView: Take Down
DEBUG outSpeedKill - myPokemon: Sandslash
DEBUG outSpeedKill - oppPokemon: Kabuto
DEBUG outSpeedKill - Checking move: Take Down
DEBUG outSpeedKill - real_move: NOT NULL
DEBUG outSpeedKill - real_myPokemon: Sandslash
DEBUG outSpeedKill - real_oppPokemon: Kabuto
DEBUG outSpeedKill - moveView: Double-Edge
DEBUG outSpeedKill - myPokemon: Sandslash
DEBUG outSpeedKill - oppPokemon: Kabuto
DEBUG outSpeedKill - Checking move: Double-Edge
DEBUG outSpeedKill - real_move: NOT NULL
DEBUG outSpeedKill - real_myPokemon: Sandslash
DEBUG outSpeedKill - real_oppPokemon: Kabuto
DEBUG outSpeedKill - moveView: Cut
DEBUG outSpeedKill - myPokemon: Sandslash
DEBUG outSpeedKill - oppPokemon: Kabuto
DEBUG outSpeedKill - Checking move: Cut
DEBUG outSpeedKill - real_move: NOT NULL
DEBUG outSpeedKill - real_myPokemon: Sandslash
DEBUG outSpeedKill - real_oppPokemon: Kabuto
DEBUG outSpeedKill - moveView: Ice Beam
DEBUG outSpeedKill - myPokemon: Seadra
DEBUG outSpeedKill - oppPokemon: Kabuto
DEBUG outSpeedKill - Checking move: Ice Beam
DEBUG outSpeedKill - real_move: NOT NULL
DEBUG outSpeedKill - real_myPokemon: Seadra
DEBUG outSpeedKill - real_oppPokemon: Kabuto
DEBUG outSpeedKill - moveView: Hyper Beam
DEBUG outSpeedKill - myPokemon: Seadra
DEBUG outSpeedKill - oppPokemon: Kabuto
DEBUG outSpeedKill - Checking move: Hyper Beam
DEBUG outSpeedKill - real_move: NOT NULL
DEBUG outSpeedKill - real_myPokemon: Seadra
DEBUG outSpeedKill - real_oppPokemon: Kabuto
DEBUG outSpeedKill - moveView: Skull Bash
DEBUG outSpeedKill - myPokemon: Seadra
DEBUG outSpeedKill - oppPokemon: Kabuto
DEBUG outSpeedKill - Checking move: Skull Bash
DEBUG outSpeedKill - real_move: NOT NULL
DEBUG outSpeedKill - real_myPokemon: Seadra
DEBUG outSpeedKill - real_oppPokemon: Kabuto
DEBUG outSpeedKill - moveView: Rest
DEBUG outSpeedKill - myPokemon: Seadra
DEBUG outSpeedKill - oppPokemon: Kabuto
DEBUG outSpeedKill - Checking move: Rest
DEBUG outSpeedKill - real_move: NOT NULL
DEBUG outSpeedKill - real_myPokemon: Seadra
DEBUG outSpeedKill - real_oppPokemon: Kabuto
DEBUG slowKill oneshot check - oppMove: Cut
DEBUG slowKill oneshot check - real_oppMove: NOT NULL
DEBUG slowKill oneshot check - real_myPokemon: Nidoran♀
DEBUG slowKill oneshot check - real_oppPokemon: Charizard
DEBUG slowKill oneshot check - oppMove: Slash
DEBUG slowKill oneshot check - real_oppMove: NOT NULL
DEBUG slowKill oneshot check - real_myPokemon: Nidoran♀
DEBUG slowKill oneshot check - real_oppPokemon: Charizard
DEBUG slowKill oneshot check - oppMove: Leer
DEBUG slowKill oneshot check - real_oppMove: NOT NULL
DEBUG slowKill oneshot check - real_myPokemon: Nidoran♀
DEBUG slowKill oneshot check - real_oppPokemon: Charizard
DEBUG outSpeedKill - moveView: Blizzard
DEBUG outSpeedKill - myPokemon: Dragonite
DEBUG outSpeedKill - oppPokemon: Vulpix
DEBUG outSpeedKill - Checking move: Blizzard
DEBUG outSpeedKill - real_move: NOT NULL
DEBUG outSpeedKill - real_myPokemon: Dragonite
DEBUG outSpeedKill - real_oppPokemon: Vulpix
DEBUG outSpeedKill - moveView: Hyper Beam
DEBUG outSpeedKill - myPokemon: Dragonite
DEBUG outSpeedKill - oppPokemon: Vulpix
DEBUG outSpeedKill - Checking move: Hyper Beam
DEBUG outSpeedKill - real_move: NOT NULL
DEBUG outSpeedKill - real_myPokemon: Dragonite
DEBUG outSpeedKill - real_oppPokemon: Vulpix
DEBUG outSpeedKill - moveView: Take Down
DEBUG outSpeedKill - myPokemon: Dragonite
DEBUG outSpeedKill - oppPokemon: Vulpix
DEBUG outSpeedKill - Checking move: Take Down
DEBUG outSpeedKill - real_move: NOT NULL
DEBUG outSpeedKill - real_myPokemon: Dragonite
DEBUG outSpeedKill - real_oppPokemon: Vulpix
DEBUG outSpeedKill - moveView: Surf
DEBUG outSpeedKill - myPokemon: Dragonite
DEBUG outSpeedKill - oppPokemon: Vulpix
DEBUG outSpeedKill - Checking move: Surf
DEBUG outSpeedKill - real_move: NOT NULL
DEBUG outSpeedKill - real_myPokemon: Dragonite
DEBUG outSpeedKill - real_oppPokemon: Vulpix
DEBUG outSpeedKill - moveView: Fury Attack
DEBUG outSpeedKill - myPokemon: Beedrill
DEBUG outSpeedKill - oppPokemon: Vulpix
DEBUG outSpeedKill - Checking move: Fury Attack
DEBUG outSpeedKill - real_move: NOT NULL
DEBUG outSpeedKill - real_myPokemon: Beedrill
DEBUG outSpeedKill - real_oppPokemon: Vulpix
DEBUG outSpeedKill - moveView: Rest
DEBUG outSpeedKill - myPokemon: Beedrill
DEBUG outSpeedKill - oppPokemon: Vulpix
DEBUG outSpeedKill - Checking move: Rest
DEBUG outSpeedKill - real_move: NOT NULL
DEBUG outSpeedKill - real_myPokemon: Beedrill
DEBUG outSpeedKill - real_oppPokemon: Vulpix
DEBUG slowKill oneshot check - oppMove: Hyper Beam
DEBUG slowKill oneshot check - real_oppMove: NOT NULL
DEBUG slowKill oneshot check - real_myPokemon: Persian
DEBUG slowKill oneshot check - real_oppPokemon: Mewtwo
DEBUG slowKill - Checking move: Rage
DEBUG slowKill - real_move: NOT NULL
DEBUG slowKill - real_myPokemon: Persian
DEBUG slowKill - real_oppPokemon: Mewtwo
DEBUG slowKill - Checking move: Thunderbolt
DEBUG slowKill - real_move: NOT NULL
DEBUG slowKill - real_myPokemon: Persian
DEBUG slowKill - real_oppPokemon: Mewtwo
DEBUG slowKill - Checking move: Substitute
DEBUG slowKill - real_move: NOT NULL
DEBUG slowKill - real_myPokemon: Persian
DEBUG slowKill - real_oppPokemon: Mewtwo
DEBUG outSpeedKill - moveView: Double-Edge
DEBUG outSpeedKill - myPokemon: Charmeleon
DEBUG outSpeedKill - oppPokemon: Vileplume
DEBUG outSpeedKill - Checking move: Double-Edge
DEBUG outSpeedKill - real_move: NOT NULL
DEBUG outSpeedKill - real_myPokemon: Charmeleon
DEBUG outSpeedKill - real_oppPokemon: Vileplume
DEBUG outSpeedKill - moveView: Leer
DEBUG outSpeedKill - myPokemon: Charmeleon
DEBUG outSpeedKill - oppPokemon: Vileplume
DEBUG outSpeedKill - Checking move: Leer
DEBUG outSpeedKill - real_move: NOT NULL
DEBUG outSpeedKill - real_myPokemon: Charmeleon
DEBUG outSpeedKill - real_oppPokemon: Vileplume
DEBUG outSpeedKill - moveView: Mega Kick
DEBUG outSpeedKill - myPokemon: Mr. Mime
DEBUG outSpeedKill - oppPokemon: Dragonair
DEBUG outSpeedKill - Checking move: Mega Kick
DEBUG outSpeedKill - real_move: NOT NULL
DEBUG outSpeedKill - real_myPokemon: Mr. Mime
DEBUG outSpeedKill - real_oppPokemon: Dragonair
DEBUG outSpeedKill - moveView: Confusion
DEBUG outSpeedKill - myPokemon: Mr. Mime
DEBUG outSpeedKill - oppPokemon: Dragonair
DEBUG outSpeedKill - Checking move: Confusion
DEBUG outSpeedKill - real_move: NOT NULL
DEBUG outSpeedKill - real_myPokemon: Mr. Mime
DEBUG outSpeedKill - real_oppPokemon: Dragonair
DEBUG outSpeedKill - moveView: Double Team
DEBUG outSpeedKill - myPokemon: Mr. Mime
DEBUG outSpeedKill - oppPokemon: Dragonair
DEBUG outSpeedKill - Checking move: Double Team
DEBUG outSpeedKill - real_move: NOT NULL
DEBUG outSpeedKill - real_myPokemon: Mr. Mime
DEBUG outSpeedKill - real_oppPokemon: Dragonair
DEBUG outSpeedKill - moveView: Submission
DEBUG outSpeedKill - myPokemon: Alakazam
DEBUG outSpeedKill - oppPokemon: Charmeleon
DEBUG outSpeedKill - Checking move: Submission
DEBUG outSpeedKill - real_move: NOT NULL
DEBUG outSpeedKill - real_myPokemon: Alakazam
DEBUG outSpeedKill - real_oppPokemon: Charmeleon
DEBUG outSpeedKill - moveView: Counter
DEBUG outSpeedKill - myPokemon: Alakazam
DEBUG outSpeedKill - oppPokemon: Charmeleon
DEBUG outSpeedKill - Checking move: Counter
DEBUG outSpeedKill - real_move: NOT NULL
DEBUG outSpeedKill - real_myPokemon: Alakazam
DEBUG outSpeedKill - real_oppPokemon: Charmeleon
DEBUG slowKill oneshot check - oppMove: Reflect
DEBUG slowKill oneshot check - real_oppMove: NOT NULL
DEBUG slowKill oneshot check - real_myPokemon: Hitmonchan
DEBUG slowKill oneshot check - real_oppPokemon: Mewtwo
DEBUG outSpeedKill - moveView: Double Team
DEBUG outSpeedKill - myPokemon: Electabuzz
DEBUG outSpeedKill - oppPokemon: Pidgeot
DEBUG outSpeedKill - Checking move: Double Team
DEBUG outSpeedKill - real_move: NOT NULL
DEBUG outSpeedKill - real_myPokemon: Electabuzz
DEBUG outSpeedKill - real_oppPokemon: Pidgeot
DEBUG slowKill oneshot check - oppMove: Sand Attack
DEBUG slowKill oneshot check - real_oppMove: NOT NULL
DEBUG slowKill oneshot check - real_myPokemon: Weedle
DEBUG slowKill oneshot check - real_oppPokemon: Dugtrio
DEBUG outSpeedKill - moveView: Hyper Beam
DEBUG outSpeedKill - myPokemon: Pidgeot
DEBUG outSpeedKill - oppPokemon: Zapdos
DEBUG outSpeedKill - Checking move: Hyper Beam
DEBUG outSpeedKill - real_move: NOT NULL
DEBUG outSpeedKill - real_myPokemon: Pidgeot
DEBUG outSpeedKill - real_oppPokemon: Zapdos
DEBUG outSpeedKill - moveView: Rest
DEBUG outSpeedKill - myPokemon: Pidgeot
DEBUG outSpeedKill - oppPokemon: Zapdos
DEBUG outSpeedKill - Checking move: Rest
DEBUG outSpeedKill - real_move: NOT NULL
DEBUG outSpeedKill - real_myPokemon: Pidgeot
DEBUG outSpeedKill - real_oppPokemon: Zapdos
DEBUG outSpeedKill - moveView: Drill Peck
DEBUG outSpeedKill - myPokemon: Dodrio
DEBUG outSpeedKill - oppPokemon: Chansey
DEBUG outSpeedKill - Checking move: Drill Peck
DEBUG outSpeedKill - real_move: NOT NULL
DEBUG outSpeedKill - real_myPokemon: Dodrio
DEBUG outSpeedKill - real_oppPokemon: Chansey
DEBUG outSpeedKill - moveView: Toxic
DEBUG outSpeedKill - myPokemon: Dodrio
DEBUG outSpeedKill - oppPokemon: Chansey
DEBUG outSpeedKill - Checking move: Toxic
DEBUG outSpeedKill - real_move: NOT NULL
DEBUG outSpeedKill - real_myPokemon: Dodrio
DEBUG outSpeedKill - real_oppPokemon: Chansey
DEBUG outSpeedKill - moveView: Seismic Toss
DEBUG outSpeedKill - myPokemon: Hitmonlee
DEBUG outSpeedKill - oppPokemon: Charmeleon
DEBUG outSpeedKill - Checking move: Seismic Toss
DEBUG outSpeedKill - real_move: NOT NULL
DEBUG outSpeedKill - real_myPokemon: Hitmonlee
DEBUG outSpeedKill - real_oppPokemon: Charmeleon
DEBUG outSpeedKill - moveView: Take Down
DEBUG outSpeedKill - myPokemon: Scyther
DEBUG outSpeedKill - oppPokemon: Mew
DEBUG outSpeedKill - Checking move: Take Down
DEBUG outSpeedKill - real_move: NOT NULL
DEBUG outSpeedKill - real_myPokemon: Scyther
DEBUG outSpeedKill - real_oppPokemon: Mew
DEBUG outSpeedKill - moveView: Toxic
DEBUG outSpeedKill - myPokemon: Scyther
DEBUG outSpeedKill - oppPokemon: Mew
DEBUG outSpeedKill - Checking move: Toxic
DEBUG outSpeedKill - real_move: NOT NULL
DEBUG outSpeedKill - real_myPokemon: Scyther
DEBUG outSpeedKill - real_oppPokemon: Mew
DEBUG outSpeedKill - moveView: Toxic
DEBUG outSpeedKill - myPokemon: Poliwrath
DEBUG outSpeedKill - oppPokemon: Weepinbell
DEBUG outSpeedKill - Checking move: Toxic
DEBUG outSpeedKill - real_move: NOT NULL
DEBUG outSpeedKill - real_myPokemon: Poliwrath
DEBUG outSpeedKill - real_oppPokemon: Weepinbell
DEBUG outSpeedKill - moveView: Body Slam
DEBUG outSpeedKill - myPokemon: Persian
DEBUG outSpeedKill - oppPokemon: Tentacruel
DEBUG outSpeedKill - Checking move: Body Slam
DEBUG outSpeedKill - real_move: NOT NULL
DEBUG outSpeedKill - real_myPokemon: Persian
DEBUG outSpeedKill - real_oppPokemon: Tentacruel
DEBUG outSpeedKill - moveView: Substitute
DEBUG outSpeedKill - myPokemon: Persian
DEBUG outSpeedKill - oppPokemon: Tentacruel
DEBUG outSpeedKill - Checking move: Substitute
DEBUG outSpeedKill - real_move: NOT NULL
DEBUG outSpeedKill - real_myPokemon: Persian
DEBUG outSpeedKill - real_oppPokemon: Tentacruel
DEBUG outSpeedKill - moveView: Agility
DEBUG outSpeedKill - myPokemon: Aerodactyl
DEBUG outSpeedKill - oppPokemon: Sandshrew
DEBUG outSpeedKill - Checking move: Agility
DEBUG outSpeedKill - real_move: NOT NULL
DEBUG outSpeedKill - real_myPokemon: Aerodactyl
DEBUG outSpeedKill - real_oppPokemon: Sandshrew
DEBUG outSpeedKill - moveView: Thunder Wave
DEBUG outSpeedKill - myPokemon: Starmie
DEBUG outSpeedKill - oppPokemon: Golbat
DEBUG outSpeedKill - Checking move: Thunder Wave
DEBUG outSpeedKill - real_move: NOT NULL
DEBUG outSpeedKill - real_myPokemon: Starmie
DEBUG outSpeedKill - real_oppPokemon: Golbat
DEBUG outSpeedKill - moveView: Blizzard
DEBUG outSpeedKill - myPokemon: Mewtwo
DEBUG outSpeedKill - oppPokemon: Charizard
DEBUG outSpeedKill - Checking move: Blizzard
DEBUG outSpeedKill - real_move: NOT NULL
DEBUG outSpeedKill - real_myPokemon: Mewtwo
DEBUG outSpeedKill - real_oppPokemon: Charizard
DEBUG outSpeedKill - moveView: Bide
DEBUG outSpeedKill - myPokemon: Mewtwo
DEBUG outSpeedKill - oppPokemon: Charizard
DEBUG outSpeedKill - Checking move: Bide
DEBUG outSpeedKill - real_move: NOT NULL
DEBUG outSpeedKill - real_myPokemon: Mewtwo
DEBUG outSpeedKill - real_oppPokemon: Charizard
DEBUG slowKill oneshot check - oppMove: Skull Bash
DEBUG slowKill oneshot check - real_oppMove: NOT NULL
DEBUG slowKill oneshot check - real_myPokemon: Muk
DEBUG slowKill oneshot check - real_oppPokemon: Mewtwo
DEBUG slowKill oneshot check - oppMove: Pay Day
DEBUG slowKill oneshot check - real_oppMove: NOT NULL
DEBUG slowKill oneshot check - real_myPokemon: Muk
DEBUG slowKill oneshot check - real_oppPokemon: Mewtwo
DEBUG slowKill oneshot check - oppMove: Recover
DEBUG slowKill oneshot check - real_oppMove: NOT NULL
DEBUG slowKill oneshot check - real_myPokemon: Muk
DEBUG slowKill oneshot check - real_oppPokemon: Mewtwo
DEBUG outSpeedKill - moveView: Take Down
DEBUG outSpeedKill - myPokemon: Hypno
DEBUG outSpeedKill - oppPokemon: Zapdos
DEBUG outSpeedKill - Checking move: Take Down
DEBUG outSpeedKill - real_move: NOT NULL
DEBUG outSpeedKill - real_myPokemon: Hypno
DEBUG outSpeedKill - real_oppPokemon: Zapdos
DEBUG outSpeedKill - moveView: Rest
DEBUG outSpeedKill - myPokemon: Hypno
DEBUG outSpeedKill - oppPokemon: Zapdos
DEBUG outSpeedKill - Checking move: Rest
DEBUG outSpeedKill - real_move: NOT NULL
DEBUG outSpeedKill - real_myPokemon: Hypno
DEBUG outSpeedKill - real_oppPokemon: Zapdos
DEBUG outSpeedKill - moveView: Dragon Rage
DEBUG outSpeedKill - myPokemon: Arcanine
DEBUG outSpeedKill - oppPokemon: Gastly
DEBUG outSpeedKill - Checking move: Dragon Rage
DEBUG outSpeedKill - real_move: NOT NULL
DEBUG outSpeedKill - real_myPokemon: Arcanine
DEBUG outSpeedKill - real_oppPokemon: Gastly
DEBUG outSpeedKill - moveView: Hydro Pump
DEBUG outSpeedKill - myPokemon: Tentacruel
DEBUG outSpeedKill - oppPokemon: Vulpix
DEBUG outSpeedKill - Checking move: Hydro Pump
DEBUG outSpeedKill - real_move: NOT NULL
DEBUG outSpeedKill - real_myPokemon: Tentacruel
DEBUG outSpeedKill - real_oppPokemon: Vulpix
DEBUG outSpeedKill - moveView: Acid
DEBUG outSpeedKill - myPokemon: Tentacruel
DEBUG outSpeedKill - oppPokemon: Vulpix
DEBUG outSpeedKill - Checking move: Acid
DEBUG outSpeedKill - real_move: NOT NULL
DEBUG outSpeedKill - real_myPokemon: Tentacruel
DEBUG outSpeedKill - real_oppPokemon: Vulpix
DEBUG outSpeedKill - moveView: Take Down
DEBUG outSpeedKill - myPokemon: Tentacruel
DEBUG outSpeedKill - oppPokemon: Vulpix
DEBUG outSpeedKill - Checking move: Take Down
DEBUG outSpeedKill - real_move: NOT NULL
DEBUG outSpeedKill - real_myPokemon: Tentacruel
DEBUG outSpeedKill - real_oppPokemon: Vulpix
DEBUG outSpeedKill - moveView: Hyper Beam
DEBUG outSpeedKill - myPokemon: Tentacruel
DEBUG outSpeedKill - oppPokemon: Vulpix
DEBUG outSpeedKill - Checking move: Hyper Beam
DEBUG outSpeedKill - real_move: NOT NULL
DEBUG outSpeedKill - real_myPokemon: Tentacruel
DEBUG outSpeedKill - real_oppPokemon: Vulpix
DEBUG outSpeedKill - moveView: Psychic
DEBUG outSpeedKill - myPokemon: Gengar
DEBUG outSpeedKill - oppPokemon: Vulpix
DEBUG outSpeedKill - Checking move: Psychic
DEBUG outSpeedKill - real_move: NOT NULL
DEBUG outSpeedKill - real_myPokemon: Gengar
DEBUG outSpeedKill - real_oppPokemon: Vulpix
DEBUG outSpeedKill - moveView: Take Down
DEBUG outSpeedKill - myPokemon: Gengar
DEBUG outSpeedKill - oppPokemon: Vulpix
DEBUG outSpeedKill - Checking move: Take Down
DEBUG outSpeedKill - real_move: NOT NULL
DEBUG outSpeedKill - real_myPokemon: Gengar
DEBUG outSpeedKill - real_oppPokemon: Vulpix
DEBUG outSpeedKill - moveView: Explosion
DEBUG outSpeedKill - myPokemon: Gengar
DEBUG outSpeedKill - oppPokemon: Vulpix
DEBUG outSpeedKill - Checking move: Explosion
DEBUG outSpeedKill - real_move: NOT NULL
DEBUG outSpeedKill - real_myPokemon: Gengar
DEBUG outSpeedKill - real_oppPokemon: Vulpix
DEBUG outSpeedKill - moveView: Mega Punch
DEBUG outSpeedKill - myPokemon: Gengar
DEBUG outSpeedKill - oppPokemon: Vulpix
DEBUG outSpeedKill - Checking move: Mega Punch
DEBUG outSpeedKill - real_move: NOT NULL
DEBUG outSpeedKill - real_myPokemon: Gengar
DEBUG outSpeedKill - real_oppPokemon: Vulpix
DEBUG outSpeedKill - moveView: Splash
DEBUG outSpeedKill - myPokemon: Magikarp
DEBUG outSpeedKill - oppPokemon: Vulpix
DEBUG outSpeedKill - Checking move: Splash
DEBUG outSpeedKill - real_move: NOT NULL
DEBUG outSpeedKill - real_myPokemon: Magikarp
DEBUG outSpeedKill - real_oppPokemon: Vulpix
DEBUG slowKill oneshot check - oppMove: Thunder Shock
DEBUG slowKill oneshot check - real_oppMove: NOT NULL
DEBUG slowKill oneshot check - real_myPokemon: Seadra
DEBUG slowKill oneshot check - real_oppPokemon: Zapdos
DEBUG slowKill oneshot check - oppMove: Sky Attack
DEBUG slowKill oneshot check - real_oppMove: NOT NULL
DEBUG slowKill oneshot check - real_myPokemon: Seadra
DEBUG slowKill oneshot check - real_oppPokemon: Zapdos
DEBUG slowKill oneshot check - oppMove: Flash
DEBUG slowKill oneshot check - real_oppMove: NOT NULL
DEBUG slowKill oneshot check - real_myPokemon: Seadra
DEBUG slowKill oneshot check - real_oppPokemon: Zapdos
DEBUG outSpeedKill - moveView: Bubble Beam
DEBUG outSpeedKill - myPokemon: Seel
DEBUG outSpeedKill - oppPokemon: Porygon
DEBUG outSpeedKill - Checking move: Bubble Beam
DEBUG outSpeedKill - real_move: NOT NULL
DEBUG outSpeedKill - real_myPokemon: Seel
DEBUG outSpeedKill - real_oppPokemon: Porygon
DEBUG outSpeedKill - moveView: Pay Day
DEBUG outSpeedKill - myPokemon: Seel
DEBUG outSpeedKill - oppPokemon: Porygon
DEBUG outSpeedKill - Checking move: Pay Day
DEBUG outSpeedKill - real_move: NOT NULL
DEBUG outSpeedKill - real_myPokemon: Seel
DEBUG outSpeedKill - real_oppPokemon: Porygon
DEBUG outSpeedKill - moveView: Rage
DEBUG outSpeedKill - myPokemon: Seel
DEBUG outSpeedKill - oppPokemon: Porygon
DEBUG outSpeedKill - Checking move: Rage
DEBUG outSpeedKill - real_move: NOT NULL
DEBUG outSpeedKill - real_myPokemon: Seel
DEBUG outSpeedKill - real_oppPokemon: Porygon
DEBUG outSpeedKill - moveView: Surf
DEBUG outSpeedKill - myPokemon: Seel
DEBUG outSpeedKill - oppPokemon: Porygon
DEBUG outSpeedKill - Checking move: Surf
DEBUG outSpeedKill - real_move: NOT NULL
DEBUG outSpeedKill - real_myPokemon: Seel
DEBUG outSpeedKill - real_oppPokemon: Porygon
DEBUG outSpeedKill - moveView: Substitute
DEBUG outSpeedKill - myPokemon: Magmar
DEBUG outSpeedKill - oppPokemon: Porygon
DEBUG outSpeedKill - Checking move: Substitute
DEBUG outSpeedKill - real_move: NOT NULL
DEBUG outSpeedKill - real_myPokemon: Magmar
DEBUG outSpeedKill - real_oppPokemon: Porygon
DEBUG slowKill oneshot check - oppMove: Teleport
DEBUG slowKill oneshot check - real_oppMove: NOT NULL
DEBUG slowKill oneshot check - real_myPokemon: Venusaur
DEBUG slowKill oneshot check - real_oppPokemon: Arcanine
DEBUG outSpeedKill - moveView: Water Gun
DEBUG outSpeedKill - myPokemon: Poliwhirl
DEBUG outSpeedKill - oppPokemon: Jynx
DEBUG outSpeedKill - Checking move: Water Gun
DEBUG outSpeedKill - real_move: NOT NULL
DEBUG outSpeedKill - real_myPokemon: Poliwhirl
DEBUG outSpeedKill - real_oppPokemon: Jynx
DEBUG outSpeedKill - moveView: Ice Beam
DEBUG outSpeedKill - myPokemon: Poliwhirl
DEBUG outSpeedKill - oppPokemon: Jynx
DEBUG outSpeedKill - Checking move: Ice Beam
DEBUG outSpeedKill - real_move: NOT NULL
DEBUG outSpeedKill - real_myPokemon: Poliwhirl
DEBUG outSpeedKill - real_oppPokemon: Jynx
DEBUG outSpeedKill - moveView: Psywave
DEBUG outSpeedKill - myPokemon: Poliwhirl
DEBUG outSpeedKill - oppPokemon: Jynx
DEBUG outSpeedKill - Checking move: Psywave
DEBUG outSpeedKill - real_move: NOT NULL
DEBUG outSpeedKill - real_myPokemon: Poliwhirl
DEBUG outSpeedKill - real_oppPokemon: Jynx
DEBUG outSpeedKill - moveView: Acid
DEBUG outSpeedKill - myPokemon: Ekans
DEBUG outSpeedKill - oppPokemon: Chansey
DEBUG outSpeedKill - Checking move: Acid
DEBUG outSpeedKill - real_move: NOT NULL
DEBUG outSpeedKill - real_myPokemon: Ekans
DEBUG outSpeedKill - real_oppPokemon: Chansey
DEBUG outSpeedKill - moveView: Take Down
DEBUG outSpeedKill - myPokemon: Ekans
DEBUG outSpeedKill - oppPokemon: Chansey
DEBUG outSpeedKill - Checking move: Take Down
DEBUG outSpeedKill - real_move: NOT NULL
DEBUG outSpeedKill - real_myPokemon: Ekans
DEBUG outSpeedKill - real_oppPokemon: Chansey
DEBUG outSpeedKill - moveView: Mega Drain
DEBUG outSpeedKill - myPokemon: Ekans
DEBUG outSpeedKill - oppPokemon: Chansey
DEBUG outSpeedKill - Checking move: Mega Drain
DEBUG outSpeedKill - real_move: NOT NULL
DEBUG outSpeedKill - real_myPokemon: Ekans
DEBUG outSpeedKill - real_oppPokemon: Chansey
DEBUG outSpeedKill - moveView: Dig
DEBUG outSpeedKill - myPokemon: Ekans
DEBUG outSpeedKill - oppPokemon: Chansey
DEBUG outSpeedKill - Checking move: Dig
DEBUG outSpeedKill - real_move: NOT NULL
DEBUG outSpeedKill - real_myPokemon: Ekans
DEBUG outSpeedKill - real_oppPokemon: Chansey
DEBUG outSpeedKill - moveView: Bite
DEBUG outSpeedKill - myPokemon: Arcanine
DEBUG outSpeedKill - oppPokemon: Chansey
DEBUG outSpeedKill - Checking move: Bite
DEBUG outSpeedKill - real_move: NOT NULL
DEBUG outSpeedKill - real_myPokemon: Arcanine
DEBUG outSpeedKill - real_oppPokemon: Chansey
DEBUG outSpeedKill - moveView: Double-Edge
DEBUG outSpeedKill - myPokemon: Arcanine
DEBUG outSpeedKill - oppPokemon: Chansey
DEBUG outSpeedKill - Checking move: Double-Edge
DEBUG outSpeedKill - real_move: NOT NULL
DEBUG outSpeedKill - real_myPokemon: Arcanine
DEBUG outSpeedKill - real_oppPokemon: Chansey
DEBUG outSpeedKill - moveView: Flamethrower
DEBUG outSpeedKill - myPokemon: Arcanine
DEBUG outSpeedKill - oppPokemon: Chansey
DEBUG outSpeedKill - Checking move: Flamethrower
DEBUG outSpeedKill - real_move: NOT NULL
DEBUG outSpeedKill - real_myPokemon: Arcanine
DEBUG outSpeedKill - real_oppPokemon: Chansey
DEBUG outSpeedKill - moveView: Double Team
DEBUG outSpeedKill - myPokemon: Arcanine
DEBUG outSpeedKill - oppPokemon: Chansey
DEBUG outSpeedKill - Checking move: Double Team
DEBUG outSpeedKill - real_move: NOT NULL
DEBUG outSpeedKill - real_myPokemon: Arcanine
DEBUG outSpeedKill - real_oppPokemon: Chansey
DEBUG outSpeedKill - moveView: Reflect
DEBUG outSpeedKill - myPokemon: Jolteon
DEBUG outSpeedKill - oppPokemon: Blastoise
DEBUG outSpeedKill - Checking move: Reflect
DEBUG outSpeedKill - real_move: NOT NULL
DEBUG outSpeedKill - real_myPokemon: Jolteon
DEBUG outSpeedKill - real_oppPokemon: Blastoise
DEBUG outSpeedKill - moveView: Super Fang
DEBUG outSpeedKill - myPokemon: Raticate
DEBUG outSpeedKill - oppPokemon: Flareon
DEBUG outSpeedKill - Checking move: Super Fang
DEBUG outSpeedKill - real_move: NOT NULL
DEBUG outSpeedKill - real_myPokemon: Raticate
DEBUG outSpeedKill - real_oppPokemon: Flareon
DEBUG outSpeedKill - moveView: Amnesia
DEBUG outSpeedKill - myPokemon: Mewtwo
DEBUG outSpeedKill - oppPokemon: Pidgeotto
DEBUG outSpeedKill - Checking move: Amnesia
DEBUG outSpeedKill - real_move: NOT NULL
DEBUG outSpeedKill - real_myPokemon: Mewtwo
DEBUG outSpeedKill - real_oppPokemon: Pidgeotto
DEBUG outSpeedKill - moveView: Reflect
DEBUG outSpeedKill - myPokemon: Rapidash
DEBUG outSpeedKill - oppPokemon: Farfetch'd
DEBUG outSpeedKill - Checking move: Reflect
DEBUG outSpeedKill - real_move: NOT NULL
DEBUG outSpeedKill - real_myPokemon: Rapidash
DEBUG outSpeedKill - real_oppPokemon: Farfetch'd
DEBUG outSpeedKill - moveView: Acid
DEBUG outSpeedKill - myPokemon: Victreebel
DEBUG outSpeedKill - oppPokemon: Lickitung
DEBUG outSpeedKill - Checking move: Acid
DEBUG outSpeedKill - real_move: NOT NULL
DEBUG outSpeedKill - real_myPokemon: Victreebel
DEBUG outSpeedKill - real_oppPokemon: Lickitung
DEBUG outSpeedKill - moveView: Rest
DEBUG outSpeedKill - myPokemon: Victreebel
DEBUG outSpeedKill - oppPokemon: Lickitung
DEBUG outSpeedKill - Checking move: Rest
DEBUG outSpeedKill - real_move: NOT NULL
DEBUG outSpeedKill - real_myPokemon: Victreebel
DEBUG outSpeedKill - real_oppPokemon: Lickitung
DEBUG outSpeedKill - moveView: Constrict
DEBUG outSpeedKill - myPokemon: Tentacool
DEBUG outSpeedKill - oppPokemon: Machoke
DEBUG outSpeedKill - Checking move: Constrict
DEBUG outSpeedKill - real_move: NOT NULL
DEBUG outSpeedKill - real_myPokemon: Tentacool
DEBUG outSpeedKill - real_oppPokemon: Machoke
DEBUG outSpeedKill - moveView: Skull Bash
DEBUG outSpeedKill - myPokemon: Tentacool
DEBUG outSpeedKill - oppPokemon: Machoke
DEBUG outSpeedKill - Checking move: Skull Bash
DEBUG outSpeedKill - real_move: NOT NULL
DEBUG outSpeedKill - real_myPokemon: Tentacool
DEBUG outSpeedKill - real_oppPokemon: Machoke
DEBUG outSpeedKill - moveView: Swords Dance
DEBUG outSpeedKill - myPokemon: Tentacool
DEBUG outSpeedKill - oppPokemon: Machoke
DEBUG outSpeedKill - Checking move: Swords Dance
DEBUG outSpeedKill - real_move: NOT NULL
DEBUG outSpeedKill - real_myPokemon: Tentacool
DEBUG outSpeedKill - real_oppPokemon: Machoke
DEBUG slowKill oneshot check - oppMove: Reflect
DEBUG slowKill oneshot check - real_oppMove: NOT NULL
DEBUG slowKill oneshot check - real_myPokemon: Cubone
DEBUG slowKill oneshot check - real_oppPokemon: Magneton
DEBUG outSpeedKill - moveView: Metronome
DEBUG outSpeedKill - myPokemon: Magmar
DEBUG outSpeedKill - oppPokemon: Golem
DEBUG outSpeedKill - Checking move: Metronome
DEBUG outSpeedKill - real_move: NOT NULL
DEBUG outSpeedKill - real_myPokemon: Magmar
DEBUG outSpeedKill - real_oppPokemon: Golem
DEBUG outSpeedKill - moveView: Skull Bash
DEBUG outSpeedKill - myPokemon: Gyarados
DEBUG outSpeedKill - oppPokemon: Porygon
DEBUG outSpeedKill - Checking move: Skull Bash
DEBUG outSpeedKill - real_move: NOT NULL
DEBUG outSpeedKill - real_myPokemon: Gyarados
DEBUG outSpeedKill - real_oppPokemon: Porygon
DEBUG outSpeedKill - moveView: Strength
DEBUG outSpeedKill - myPokemon: Gyarados
DEBUG outSpeedKill - oppPokemon: Porygon
DEBUG outSpeedKill - Checking move: Strength
DEBUG outSpeedKill - real_move: NOT NULL
DEBUG outSpeedKill - real_myPokemon: Gyarados
DEBUG outSpeedKill - real_oppPokemon: Porygon
DEBUG outSpeedKill - moveView: Substitute
DEBUG outSpeedKill - myPokemon: Gyarados
DEBUG outSpeedKill - oppPokemon: Porygon
DEBUG outSpeedKill - Checking move: Substitute
DEBUG outSpeedKill - real_move: NOT NULL
DEBUG outSpeedKill - real_myPokemon: Gyarados
DEBUG outSpeedKill - real_oppPokemon: Porygon
DEBUG outSpeedKill - moveView: Fire Blast
DEBUG outSpeedKill - myPokemon: Weezing
DEBUG outSpeedKill - oppPokemon: Omastar
DEBUG outSpeedKill - Checking move: Fire Blast
DEBUG outSpeedKill - real_move: NOT NULL
DEBUG outSpeedKill - real_myPokemon: Weezing
DEBUG outSpeedKill - real_oppPokemon: Omastar
DEBUG outSpeedKill - moveView: Hyper Beam
DEBUG outSpeedKill - myPokemon: Weezing
DEBUG outSpeedKill - oppPokemon: Omastar
DEBUG outSpeedKill - Checking move: Hyper Beam
DEBUG outSpeedKill - real_move: NOT NULL
DEBUG outSpeedKill - real_myPokemon: Weezing
DEBUG outSpeedKill - real_oppPokemon: Omastar
DEBUG outSpeedKill - moveView: Toxic
DEBUG outSpeedKill - myPokemon: Weezing
DEBUG outSpeedKill - oppPokemon: Omastar
DEBUG outSpeedKill - Checking move: Toxic
DEBUG outSpeedKill - real_move: NOT NULL
DEBUG outSpeedKill - real_myPokemon: Weezing
DEBUG outSpeedKill - real_oppPokemon: Omastar
DEBUG outSpeedKill - moveView: Blizzard
DEBUG outSpeedKill - myPokemon: Jynx
DEBUG outSpeedKill - oppPokemon: Clefable
DEBUG outSpeedKill - Checking move: Blizzard
DEBUG outSpeedKill - real_move: NOT NULL
DEBUG outSpeedKill - real_myPokemon: Jynx
DEBUG outSpeedKill - real_oppPokemon: Clefable
DEBUG outSpeedKill - moveView: Seismic Toss
DEBUG outSpeedKill - myPokemon: Jynx
DEBUG outSpeedKill - oppPokemon: Clefable
DEBUG outSpeedKill - Checking move: Seismic Toss
DEBUG outSpeedKill - real_move: NOT NULL
DEBUG outSpeedKill - real_myPokemon: Jynx
DEBUG outSpeedKill - real_oppPokemon: Clefable
DEBUG outSpeedKill - moveView: Double-Edge
DEBUG outSpeedKill - myPokemon: Jolteon
DEBUG outSpeedKill - oppPokemon: Golbat
DEBUG outSpeedKill - Checking move: Double-Edge
DEBUG outSpeedKill - real_move: NOT NULL
DEBUG outSpeedKill - real_myPokemon: Jolteon
DEBUG outSpeedKill - real_oppPokemon: Golbat
DEBUG outSpeedKill - moveView: Rage
DEBUG outSpeedKill - myPokemon: Jolteon
DEBUG outSpeedKill - oppPokemon: Golbat
DEBUG outSpeedKill - Checking move: Rage
DEBUG outSpeedKill - real_move: NOT NULL
DEBUG outSpeedKill - real_myPokemon: Jolteon
DEBUG outSpeedKill - real_oppPokemon: Golbat
DEBUG outSpeedKill - moveView: Thunder Shock
DEBUG outSpeedKill - myPokemon: Jolteon
DEBUG outSpeedKill - oppPokemon: Golbat
DEBUG outSpeedKill - Checking move: Thunder Shock
DEBUG outSpeedKill - real_move: NOT NULL
DEBUG outSpeedKill - real_myPokemon: Jolteon
DEBUG outSpeedKill - real_oppPokemon: Golbat
DEBUG outSpeedKill - moveView: Double Kick
DEBUG outSpeedKill - myPokemon: Jolteon
DEBUG outSpeedKill - oppPokemon: Golbat
DEBUG outSpeedKill - Checking move: Double Kick
DEBUG outSpeedKill - real_move: NOT NULL
DEBUG outSpeedKill - real_myPokemon: Jolteon
DEBUG outSpeedKill - real_oppPokemon: Golbat
DEBUG outSpeedKill - moveView: Razor Wind
DEBUG outSpeedKill - myPokemon: Pidgeot
DEBUG outSpeedKill - oppPokemon: Golbat
DEBUG outSpeedKill - Checking move: Razor Wind
DEBUG outSpeedKill - real_move: NOT NULL
DEBUG outSpeedKill - real_myPokemon: Pidgeot
DEBUG outSpeedKill - real_oppPokemon: Golbat
DEBUG outSpeedKill - moveView: Agility
DEBUG outSpeedKill - myPokemon: Pidgeot
DEBUG outSpeedKill - oppPokemon: Golbat
DEBUG outSpeedKill - Checking move: Agility
DEBUG outSpeedKill - real_move: NOT NULL
DEBUG outSpeedKill - real_myPokemon: Pidgeot
DEBUG outSpeedKill - real_oppPokemon: Golbat
DEBUG outSpeedKill - moveView: Reflect
DEBUG outSpeedKill - myPokemon: Farfetch'd
DEBUG outSpeedKill - oppPokemon: Kabuto
DEBUG outSpeedKill - Checking move: Reflect
DEBUG outSpeedKill - real_move: NOT NULL
DEBUG outSpeedKill - real_myPokemon: Farfetch'd
DEBUG outSpeedKill - real_oppPokemon: Kabuto
DEBUG outSpeedKill - moveView: Double Team
DEBUG outSpeedKill - myPokemon: Pinsir
DEBUG outSpeedKill - oppPokemon: Zubat
DEBUG outSpeedKill - Checking move: Double Team
DEBUG outSpeedKill - real_move: NOT NULL
DEBUG outSpeedKill - real_myPokemon: Pinsir
DEBUG outSpeedKill - real_oppPokemon: Zubat
DEBUG slowKill oneshot check - oppMove: Double Team
DEBUG slowKill oneshot check - real_oppMove: NOT NULL
DEBUG slowKill oneshot check - real_myPokemon: Clefairy
DEBUG slowKill oneshot check - real_oppPokemon: Zapdos
DEBUG outSpeedKill - moveView: Hyper Beam
DEBUG outSpeedKill - myPokemon: Jynx
DEBUG outSpeedKill - oppPokemon: Flareon
DEBUG outSpeedKill - Checking move: Hyper Beam
DEBUG outSpeedKill - real_move: NOT NULL
DEBUG outSpeedKill - real_myPokemon: Jynx
DEBUG outSpeedKill - real_oppPokemon: Flareon
DEBUG outSpeedKill - moveView: Double Slap
DEBUG outSpeedKill - myPokemon: Jynx
DEBUG outSpeedKill - oppPokemon: Flareon
DEBUG outSpeedKill - Checking move: Double Slap
DEBUG outSpeedKill - real_move: NOT NULL
DEBUG outSpeedKill - real_myPokemon: Jynx
DEBUG outSpeedKill - real_oppPokemon: Flareon
DEBUG outSpeedKill - moveView: Bide
DEBUG outSpeedKill - myPokemon: Jynx
DEBUG outSpeedKill - oppPokemon: Flareon
DEBUG outSpeedKill - Checking move: Bide
DEBUG outSpeedKill - real_move: NOT NULL
DEBUG outSpeedKill - real_myPokemon: Jynx
DEBUG outSpeedKill - real_oppPokemon: Flareon
DEBUG slowKill oneshot check - oppMove: Mega Punch
DEBUG slowKill oneshot check - real_oppMove: NOT NULL
DEBUG slowKill oneshot check - real_myPokemon: Muk
DEBUG slowKill oneshot check - real_oppPokemon: Kadabra
DEBUG slowKill oneshot check - oppMove: Disable
DEBUG slowKill oneshot check - real_oppMove: NOT NULL
DEBUG slowKill oneshot check - real_myPokemon: Muk
DEBUG slowKill oneshot check - real_oppPokemon: Kadabra
DEBUG outSpeedKill - moveView: Razor Wind
DEBUG outSpeedKill - myPokemon: Moltres
DEBUG outSpeedKill - oppPokemon: Gyarados
DEBUG outSpeedKill - Checking move: Razor Wind
DEBUG outSpeedKill - real_move: NOT NULL
DEBUG outSpeedKill - real_myPokemon: Moltres
DEBUG outSpeedKill - real_oppPokemon: Gyarados
DEBUG outSpeedKill - moveView: Take Down
DEBUG outSpeedKill - myPokemon: Moltres
DEBUG outSpeedKill - oppPokemon: Gyarados
DEBUG outSpeedKill - Checking move: Take Down
DEBUG outSpeedKill - real_move: NOT NULL
DEBUG outSpeedKill - real_myPokemon: Moltres
DEBUG outSpeedKill - real_oppPokemon: Gyarados
DEBUG outSpeedKill - moveView: Leer
DEBUG outSpeedKill - myPokemon: Moltres
DEBUG outSpeedKill - oppPokemon: Gyarados
DEBUG outSpeedKill - Checking move: Leer
DEBUG outSpeedKill - real_move: NOT NULL
DEBUG outSpeedKill - real_myPokemon: Moltres
DEBUG outSpeedKill - real_oppPokemon: Gyarados
DEBUG outSpeedKill - moveView: Growth
DEBUG outSpeedKill - myPokemon: Weepinbell
DEBUG outSpeedKill - oppPokemon: Oddish
DEBUG outSpeedKill - Checking move: Growth
DEBUG outSpeedKill - real_move: NOT NULL
DEBUG outSpeedKill - real_myPokemon: Weepinbell
DEBUG outSpeedKill - real_oppPokemon: Oddish
DEBUG outSpeedKill - moveView: Ice Beam
DEBUG outSpeedKill - myPokemon: Dragonair
DEBUG outSpeedKill - oppPokemon: Bellsprout
DEBUG outSpeedKill - Checking move: Ice Beam
DEBUG outSpeedKill - real_move: NOT NULL
DEBUG outSpeedKill - real_myPokemon: Dragonair
DEBUG outSpeedKill - real_oppPokemon: Bellsprout
DEBUG outSpeedKill - moveView: Double Team
DEBUG outSpeedKill - myPokemon: Dragonair
DEBUG outSpeedKill - oppPokemon: Bellsprout
DEBUG outSpeedKill - Checking move: Double Team
DEBUG outSpeedKill - real_move: NOT NULL
DEBUG outSpeedKill - real_myPokemon: Dragonair
DEBUG outSpeedKill - real_oppPokemon: Bellsprout
DEBUG outSpeedKill - moveView: Skull Bash
DEBUG outSpeedKill - myPokemon: Rattata
DEBUG outSpeedKill - oppPokemon: Vaporeon
DEBUG outSpeedKill - Checking move: Skull Bash
DEBUG outSpeedKill - real_move: NOT NULL
DEBUG outSpeedKill - real_myPokemon: Rattata
DEBUG outSpeedKill - real_oppPokemon: Vaporeon
DEBUG outSpeedKill - moveView: Thunder
DEBUG outSpeedKill - myPokemon: Rattata
DEBUG outSpeedKill - oppPokemon: Vaporeon
DEBUG outSpeedKill - Checking move: Thunder
DEBUG outSpeedKill - real_move: NOT NULL
DEBUG outSpeedKill - real_myPokemon: Rattata
DEBUG outSpeedKill - real_oppPokemon: Vaporeon
DEBUG outSpeedKill - moveView: Rage
DEBUG outSpeedKill - myPokemon: Rattata
DEBUG outSpeedKill - oppPokemon: Vaporeon
DEBUG outSpeedKill - Checking move: Rage
DEBUG outSpeedKill - real_move: NOT NULL
DEBUG outSpeedKill - real_myPokemon: Rattata
DEBUG outSpeedKill - real_oppPokemon: Vaporeon
DEBUG outSpeedKill - moveView: Bubble Beam
DEBUG outSpeedKill - myPokemon: Rattata
DEBUG outSpeedKill - oppPokemon: Vaporeon
DEBUG outSpeedKill - Checking move: Bubble Beam
DEBUG outSpeedKill - real_move: NOT NULL
DEBUG outSpeedKill - real_myPokemon: Rattata
DEBUG outSpeedKill - real_oppPokemon: Vaporeon
DEBUG outSpeedKill - moveView: Hyper Beam
DEBUG outSpeedKill - myPokemon: Victreebel
DEBUG outSpeedKill - oppPokemon: Vaporeon
DEBUG outSpeedKill - Checking move: Hyper Beam
DEBUG outSpeedKill - real_move: NOT NULL
DEBUG outSpeedKill - real_myPokemon: Victreebel
DEBUG outSpeedKill - real_oppPokemon: Vaporeon
DEBUG outSpeedKill - moveView: Reflect
DEBUG outSpeedKill - myPokemon: Victreebel
DEBUG outSpeedKill - oppPokemon: Vaporeon
DEBUG outSpeedKill - Checking move: Reflect
DEBUG outSpeedKill - real_move: NOT NULL
DEBUG outSpeedKill - real_myPokemon: Victreebel
DEBUG outSpeedKill - real_oppPokemon: Vaporeon
DEBUG outSpeedKill - moveView: Tail Whip
DEBUG outSpeedKill - myPokemon: Raichu
DEBUG outSpeedKill - oppPokemon: Zapdos
DEBUG outSpeedKill - Checking move: Tail Whip
DEBUG outSpeedKill - real_move: NOT NULL
DEBUG outSpeedKill - real_myPokemon: Raichu
DEBUG outSpeedKill - real_oppPokemon: Zapdos
DEBUG outSpeedKill - moveView: Horn Drill
DEBUG outSpeedKill - myPokemon: Mew
DEBUG outSpeedKill - oppPokemon: Primeape
DEBUG outSpeedKill - Checking move: Horn Drill
DEBUG outSpeedKill - real_move: NOT NULL
DEBUG outSpeedKill - real_myPokemon: Mew
DEBUG outSpeedKill - real_oppPokemon: Primeape
DEBUG slowKill oneshot check - oppMove: Pay Day
DEBUG slowKill oneshot check - real_oppMove: NOT NULL
DEBUG slowKill oneshot check - real_myPokemon: Weedle
DEBUG slowKill oneshot check - real_oppPokemon: Raichu
DEBUG slowKill oneshot check - oppMove: Rest
DEBUG slowKill oneshot check - real_oppMove: NOT NULL
DEBUG slowKill oneshot check - real_myPokemon: Weedle
DEBUG slowKill oneshot check - real_oppPokemon: Raichu
DEBUG outSpeedKill - moveView: Quick Attack
DEBUG outSpeedKill - myPokemon: Raichu
DEBUG outSpeedKill - oppPokemon: Golduck
DEBUG outSpeedKill - Checking move: Quick Attack
DEBUG outSpeedKill - real_move: NOT NULL
DEBUG outSpeedKill - real_myPokemon: Raichu
DEBUG outSpeedKill - real_oppPokemon: Golduck
DEBUG outSpeedKill - moveView: Skull Bash
DEBUG outSpeedKill - myPokemon: Raichu
DEBUG outSpeedKill - oppPokemon: Golduck
DEBUG outSpeedKill - Checking move: Skull Bash
DEBUG outSpeedKill - real_move: NOT NULL
DEBUG outSpeedKill - real_myPokemon: Raichu
DEBUG outSpeedKill - real_oppPokemon: Golduck
DEBUG outSpeedKill - moveView: Rage
DEBUG outSpeedKill - myPokemon: Raichu
DEBUG outSpeedKill - oppPokemon: Golduck
DEBUG outSpeedKill - Checking move: Rage
DEBUG outSpeedKill - real_move: NOT NULL
DEBUG outSpeedKill - real_myPokemon: Raichu
DEBUG outSpeedKill - real_oppPokemon: Golduck
DEBUG outSpeedKill - moveView: Mega Punch
DEBUG outSpeedKill - myPokemon: Raichu
DEBUG outSpeedKill - oppPokemon: Golduck
DEBUG outSpeedKill - Checking move: Mega Punch
DEBUG outSpeedKill - real_move: NOT NULL
DEBUG outSpeedKill - real_myPokemon: Raichu
DEBUG outSpeedKill - real_oppPokemon: Golduck
DEBUG outSpeedKill - moveView: Hyper Beam
DEBUG outSpeedKill - myPokemon: Mr. Mime
DEBUG outSpeedKill - oppPokemon: Golduck
DEBUG outSpeedKill - Checking move: Hyper Beam
DEBUG outSpeedKill - real_move: NOT NULL
DEBUG outSpeedKill - real_myPokemon: Mr. Mime
DEBUG outSpeedKill - real_oppPokemon: Golduck
DEBUG outSpeedKill - moveView: Counter
DEBUG outSpeedKill - myPokemon: Mr. Mime
DEBUG outSpeedKill - oppPokemon: Golduck
DEBUG outSpeedKill - Checking move: Counter
DEBUG outSpeedKill - real_move: NOT NULL
DEBUG outSpeedKill - real_myPokemon: Mr. Mime
DEBUG outSpeedKill - real_oppPokemon: Golduck
DEBUG outSpeedKill - moveView: Poison Sting
DEBUG outSpeedKill - myPokemon: Kakuna
DEBUG outSpeedKill - oppPokemon: Jigglypuff
DEBUG outSpeedKill - Checking move: Poison Sting
DEBUG outSpeedKill - real_move: NOT NULL
DEBUG outSpeedKill - real_myPokemon: Kakuna
DEBUG outSpeedKill - real_oppPokemon: Jigglypuff
DEBUG outSpeedKill - moveView: String Shot
DEBUG outSpeedKill - myPokemon: Kakuna
DEBUG outSpeedKill - oppPokemon: Jigglypuff
DEBUG outSpeedKill - Checking move: String Shot
DEBUG outSpeedKill - real_move: NOT NULL
DEBUG outSpeedKill - real_myPokemon: Kakuna
DEBUG outSpeedKill - real_oppPokemon: Jigglypuff
DEBUG outSpeedKill - moveView: Wing Attack
DEBUG outSpeedKill - myPokemon: Aerodactyl
DEBUG outSpeedKill - oppPokemon: Exeggutor
DEBUG outSpeedKill - Checking move: Wing Attack
DEBUG outSpeedKill - real_move: NOT NULL
DEBUG outSpeedKill - real_myPokemon: Aerodactyl
DEBUG outSpeedKill - real_oppPokemon: Exeggutor
DEBUG outSpeedKill - moveView: Bide
DEBUG outSpeedKill - myPokemon: Aerodactyl
DEBUG outSpeedKill - oppPokemon: Exeggutor
DEBUG outSpeedKill - Checking move: Bide
DEBUG outSpeedKill - real_move: NOT NULL
DEBUG outSpeedKill - real_myPokemon: Aerodactyl
DEBUG outSpeedKill - real_oppPokemon: Exeggutor
DEBUG outSpeedKill - moveView: Ice Beam
DEBUG outSpeedKill - myPokemon: Blastoise
DEBUG outSpeedKill - oppPokemon: Charmander
DEBUG outSpeedKill - Checking move: Ice Beam
DEBUG outSpeedKill - real_move: NOT NULL
DEBUG outSpeedKill - real_myPokemon: Blastoise
DEBUG outSpeedKill - real_oppPokemon: Charmander
DEBUG outSpeedKill - moveView: Fissure
DEBUG outSpeedKill - myPokemon: Blastoise
DEBUG outSpeedKill - oppPokemon: Charmander
DEBUG outSpeedKill - Checking move: Fissure
DEBUG outSpeedKill - real_move: NOT NULL
DEBUG outSpeedKill - real_myPokemon: Blastoise
DEBUG outSpeedKill - real_oppPokemon: Charmander
DEBUG slowKill oneshot check - oppMove: Strength
DEBUG slowKill oneshot check - real_oppMove: NOT NULL
DEBUG slowKill oneshot check - real_myPokemon: Nidoran♂
DEBUG slowKill oneshot check - real_oppPokemon: Charizard
DEBUG slowKill oneshot check - oppMove: Rest
DEBUG slowKill oneshot check - real_oppMove: NOT NULL
DEBUG slowKill oneshot check - real_myPokemon: Nidoran♂
DEBUG slowKill oneshot check - real_oppPokemon: Charizard
DEBUG outSpeedKill - moveView: Fire Punch
DEBUG outSpeedKill - myPokemon: Magmar
DEBUG outSpeedKill - oppPokemon: Dragonite
DEBUG outSpeedKill - Checking move: Fire Punch
DEBUG outSpeedKill - real_move: NOT NULL
DEBUG outSpeedKill - real_myPokemon: Magmar
DEBUG outSpeedKill - real_oppPokemon: Dragonite
DEBUG outSpeedKill - moveView: Mega Kick
DEBUG outSpeedKill - myPokemon: Magmar
DEBUG outSpeedKill - oppPokemon: Dragonite
DEBUG outSpeedKill - Checking move: Mega Kick
DEBUG outSpeedKill - real_move: NOT NULL
DEBUG outSpeedKill - real_myPokemon: Magmar
DEBUG outSpeedKill - real_oppPokemon: Dragonite
DEBUG outSpeedKill - moveView: Psywave
DEBUG outSpeedKill - myPokemon: Magmar
DEBUG outSpeedKill - oppPokemon: Dragonite
DEBUG outSpeedKill - Checking move: Psywave
DEBUG outSpeedKill - real_move: NOT NULL
DEBUG outSpeedKill - real_myPokemon: Magmar
DEBUG outSpeedKill - real_oppPokemon: Dragonite
DEBUG outSpeedKill - moveView: Cut
DEBUG outSpeedKill - myPokemon: Farfetch'd
DEBUG outSpeedKill - oppPokemon: Dratini
DEBUG outSpeedKill - Checking move: Cut
DEBUG outSpeedKill - real_move: NOT NULL
DEBUG outSpeedKill - real_myPokemon: Farfetch'd
DEBUG outSpeedKill - real_oppPokemon: Dratini
DEBUG outSpeedKill - moveView: Substitute
DEBUG outSpeedKill - myPokemon: Farfetch'd
DEBUG outSpeedKill - oppPokemon: Dratini
DEBUG outSpeedKill - Checking move: Substitute
DEBUG outSpeedKill - real_move: NOT NULL
DEBUG outSpeedKill - real_myPokemon: Farfetch'd
DEBUG outSpeedKill - real_oppPokemon: Dratini
DEBUG outSpeedKill - moveView: Double-Edge
DEBUG outSpeedKill - myPokemon: Jolteon
DEBUG outSpeedKill - oppPokemon: Psyduck
DEBUG outSpeedKill - Checking move: Double-Edge
DEBUG outSpeedKill - real_move: NOT NULL
DEBUG outSpeedKill - real_myPokemon: Jolteon
DEBUG outSpeedKill - real_oppPokemon: Psyduck
DEBUG outSpeedKill - moveView: Thunder Wave
DEBUG outSpeedKill - myPokemon: Jolteon
DEBUG outSpeedKill - oppPokemon: Psyduck
DEBUG outSpeedKill - Checking move: Thunder Wave
DEBUG outSpeedKill - real_move: NOT NULL
DEBUG outSpeedKill - real_myPokemon: Jolteon
DEBUG outSpeedKill - real_oppPokemon: Psyduck
DEBUG slowKill oneshot check - oppMove: Struggle
DEBUG slowKill oneshot check - real_oppMove: NOT NULL
DEBUG slowKill oneshot check - real_myPokemon: Dratini
DEBUG slowKill oneshot check - real_oppPokemon: Kangaskhan
DEBUG slowKill - Checking move: Body Slam
DEBUG slowKill - real_move: NOT NULL
DEBUG slowKill - real_myPokemon: Dratini
DEBUG slowKill - real_oppPokemon: Kangaskhan
DEBUG slowKill - Checking move: Dragon Rage
DEBUG slowKill - real_move: NOT NULL
DEBUG slowKill - real_myPokemon: Dratini
DEBUG slowKill - real_oppPokemon: Kangaskhan
DEBUG outSpeedKill - moveView: Rest
DEBUG outSpeedKill - myPokemon: Charizard
DEBUG outSpeedKill - oppPokemon: Zubat
DEBUG outSpeedKill - Checking move: Rest
DEBUG outSpeedKill - real_move: NOT NULL
DEBUG outSpeedKill - real_myPokemon: Charizard
DEBUG outSpeedKill - real_oppPokemon: Zubat
DEBUG outSpeedKill - moveView: Solar Beam
DEBUG outSpeedKill - myPokemon: Tangela
DEBUG outSpeedKill - oppPokemon: Omastar
DEBUG outSpeedKill - Checking move: Solar Beam
DEBUG outSpeedKill - real_move: NOT NULL
DEBUG outSpeedKill - real_myPokemon: Tangela
DEBUG outSpeedKill - real_oppPokemon: Omastar
DEBUG outSpeedKill - moveView: Take Down
DEBUG outSpeedKill - myPokemon: Tangela
DEBUG outSpeedKill - oppPokemon: Omastar
DEBUG outSpeedKill - Checking move: Take Down
DEBUG outSpeedKill - real_move: NOT NULL
DEBUG outSpeedKill - real_myPokemon: Tangela
DEBUG outSpeedKill - real_oppPokemon: Omastar
DEBUG outSpeedKill - moveView: Sleep Powder
DEBUG outSpeedKill - myPokemon: Tangela
DEBUG outSpeedKill - oppPokemon: Omastar
DEBUG outSpeedKill - Checking move: Sleep Powder
DEBUG outSpeedKill - real_move: NOT NULL
DEBUG outSpeedKill - real_myPokemon: Tangela
DEBUG outSpeedKill - real_oppPokemon: Omastar
DEBUG outSpeedKill - moveView: Counter
DEBUG outSpeedKill - myPokemon: Jynx
DEBUG outSpeedKill - oppPokemon: Kangaskhan
DEBUG outSpeedKill - Checking move: Counter
DEBUG outSpeedKill - real_move: NOT NULL
DEBUG outSpeedKill - real_myPokemon: Jynx
DEBUG outSpeedKill - real_oppPokemon: Kangaskhan
DEBUG slowKill oneshot check - oppMove: Mega Kick
DEBUG slowKill oneshot check - real_oppMove: NOT NULL
DEBUG slowKill oneshot check - real_myPokemon: Omastar
DEBUG slowKill oneshot check - real_oppPokemon: Jynx
DEBUG slowKill oneshot check - oppMove: Body Slam
DEBUG slowKill oneshot check - real_oppMove: NOT NULL
DEBUG slowKill oneshot check - real_myPokemon: Omastar
DEBUG slowKill oneshot check - real_oppPokemon: Jynx
DEBUG slowKill oneshot check - oppMove: Metronome
DEBUG slowKill oneshot check - real_oppMove: NOT NULL
DEBUG slowKill oneshot check - real_myPokemon: Omastar
DEBUG slowKill oneshot check - real_oppPokemon: Jynx
DEBUG outSpeedKill - moveView: Submission
DEBUG outSpeedKill - myPokemon: Gengar
DEBUG outSpeedKill - oppPokemon: Rapidash
DEBUG outSpeedKill - Checking move: Submission
DEBUG outSpeedKill - real_move: NOT NULL
DEBUG outSpeedKill - real_myPokemon: Gengar
DEBUG outSpeedKill - real_oppPokemon: Rapidash
DEBUG outSpeedKill - moveView: Lick
DEBUG outSpeedKill - myPokemon: Gengar
DEBUG outSpeedKill - oppPokemon: Rapidash
DEBUG outSpeedKill - Checking move: Lick
DEBUG outSpeedKill - real_move: NOT NULL
DEBUG outSpeedKill - real_myPokemon: Gengar
DEBUG outSpeedKill - real_oppPokemon: Rapidash
DEBUG outSpeedKill - moveView: Mega Drain
DEBUG outSpeedKill - myPokemon: Gengar
DEBUG outSpeedKill - oppPokemon: Rapidash
DEBUG outSpeedKill - Checking move: Mega Drain
DEBUG outSpeedKill - real_move: NOT NULL
DEBUG outSpeedKill - real_myPokemon: Gengar
DEBUG outSpeedKill - real_oppPokemon: Rapidash
DEBUG outSpeedKill - moveView: Toxic
DEBUG outSpeedKill - myPokemon: Gengar
DEBUG outSpeedKill - oppPokemon: Rapidash
DEBUG outSpeedKill - Checking move: Toxic
DEBUG outSpeedKill - real_move: NOT NULL
DEBUG outSpeedKill - real_myPokemon: Gengar
DEBUG outSpeedKill - real_oppPokemon: Rapidash
DEBUG slowKill oneshot check - oppMove: Psywave
DEBUG slowKill oneshot check - real_oppMove: NOT NULL
DEBUG slowKill oneshot check - real_myPokemon: Doduo
DEBUG slowKill oneshot check - real_oppPokemon: Starmie
DEBUG outSpeedKill - moveView: Dream Eater
DEBUG outSpeedKill - myPokemon: Gastly
DEBUG outSpeedKill - oppPokemon: Shellder
DEBUG outSpeedKill - Checking move: Dream Eater
DEBUG outSpeedKill - real_move: NOT NULL
DEBUG outSpeedKill - real_myPokemon: Gastly
DEBUG outSpeedKill - real_oppPokemon: Shellder
DEBUG outSpeedKill - moveView: Thunderbolt
DEBUG outSpeedKill - myPokemon: Gastly
DEBUG outSpeedKill - oppPokemon: Shellder
DEBUG outSpeedKill - Checking move: Thunderbolt
DEBUG outSpeedKill - real_move: NOT NULL
DEBUG outSpeedKill - real_myPokemon: Gastly
DEBUG outSpeedKill - real_oppPokemon: Shellder
DEBUG outSpeedKill - moveView: Double Team
DEBUG outSpeedKill - myPokemon: Gastly
DEBUG outSpeedKill - oppPokemon: Shellder
DEBUG outSpeedKill - Checking move: Double Team
DEBUG outSpeedKill - real_move: NOT NULL
DEBUG outSpeedKill - real_myPokemon: Gastly
DEBUG outSpeedKill - real_oppPokemon: Shellder
DEBUG slowKill oneshot check - oppMove: Strength
DEBUG slowKill oneshot check - real_oppMove: NOT NULL
DEBUG slowKill oneshot check - real_myPokemon: Hitmonlee
DEBUG slowKill oneshot check - real_oppPokemon: Starmie
DEBUG slowKill oneshot check - oppMove: Bide
DEBUG slowKill oneshot check - real_oppMove: NOT NULL
DEBUG slowKill oneshot check - real_myPokemon: Hitmonlee
DEBUG slowKill oneshot check - real_oppPokemon: Starmie
DEBUG outSpeedKill - moveView: Psychic
DEBUG outSpeedKill - myPokemon: Abra
DEBUG outSpeedKill - oppPokemon: Psyduck
DEBUG outSpeedKill - Checking move: Psychic
DEBUG outSpeedKill - real_move: NOT NULL
DEBUG outSpeedKill - real_myPokemon: Abra
DEBUG outSpeedKill - real_oppPokemon: Psyduck
DEBUG outSpeedKill - moveView: Take Down
DEBUG outSpeedKill - myPokemon: Abra
DEBUG outSpeedKill - oppPokemon: Psyduck
DEBUG outSpeedKill - Checking move: Take Down
DEBUG outSpeedKill - real_move: NOT NULL
DEBUG outSpeedKill - real_myPokemon: Abra
DEBUG outSpeedKill - real_oppPokemon: Psyduck
DEBUG outSpeedKill - moveView: Body Slam
DEBUG outSpeedKill - myPokemon: Abra
DEBUG outSpeedKill - oppPokemon: Psyduck
DEBUG outSpeedKill - Checking move: Body Slam
DEBUG outSpeedKill - real_move: NOT NULL
DEBUG outSpeedKill - real_myPokemon: Abra
DEBUG outSpeedKill - real_oppPokemon: Psyduck
DEBUG outSpeedKill - moveView: Submission
DEBUG outSpeedKill - myPokemon: Abra
DEBUG outSpeedKill - oppPokemon: Psyduck
DEBUG outSpeedKill - Checking move: Submission
DEBUG outSpeedKill - real_move: NOT NULL
DEBUG outSpeedKill - real_myPokemon: Abra
DEBUG outSpeedKill - real_oppPokemon: Psyduck
DEBUG outSpeedKill - moveView: Vine Whip
DEBUG outSpeedKill - myPokemon: Venusaur
DEBUG outSpeedKill - oppPokemon: Psyduck
DEBUG outSpeedKill - Checking move: Vine Whip
DEBUG outSpeedKill - real_move: NOT NULL
DEBUG outSpeedKill - real_myPokemon: Venusaur
DEBUG outSpeedKill - real_oppPokemon: Psyduck
DEBUG outSpeedKill - moveView: Substitute
DEBUG outSpeedKill - myPokemon: Venusaur
DEBUG outSpeedKill - oppPokemon: Psyduck
DEBUG outSpeedKill - Checking move: Substitute
DEBUG outSpeedKill - real_move: NOT NULL
DEBUG outSpeedKill - real_myPokemon: Venusaur
DEBUG outSpeedKill - real_oppPokemon: Psyduck
DEBUG slowKill oneshot check - oppMove: Tail Whip
DEBUG slowKill oneshot check - real_oppMove: NOT NULL
DEBUG slowKill oneshot check - real_myPokemon: Poliwrath
DEBUG slowKill oneshot check - real_oppPokemon: Raichu
DEBUG outSpeedKill - moveView: Double-Edge
DEBUG outSpeedKill - myPokemon: Electabuzz
DEBUG outSpeedKill - oppPokemon: Magneton
DEBUG outSpeedKill - Checking move: Double-Edge
DEBUG outSpeedKill - real_move: NOT NULL
DEBUG outSpeedKill - real_myPokemon: Electabuzz
DEBUG outSpeedKill - real_oppPokemon: Magneton
DEBUG outSpeedKill - moveView: Thunder Punch
DEBUG outSpeedKill - myPokemon: Electabuzz
DEBUG outSpeedKill - oppPokemon: Magneton
DEBUG outSpeedKill - Checking move: Thunder Punch
DEBUG outSpeedKill - real_move: NOT NULL
DEBUG outSpeedKill - real_myPokemon: Electabuzz
DEBUG outSpeedKill - real_oppPokemon: Magneton
DEBUG outSpeedKill - moveView: Psywave
DEBUG outSpeedKill - myPokemon: Electabuzz
DEBUG outSpeedKill - oppPokemon: Magneton
DEBUG outSpeedKill - Checking move: Psywave
DEBUG outSpeedKill - real_move: NOT NULL
DEBUG outSpeedKill - real_myPokemon: Electabuzz
DEBUG outSpeedKill - real_oppPokemon: Magneton
DEBUG outSpeedKill - moveView: Light Screen
DEBUG outSpeedKill - myPokemon: Pikachu
DEBUG outSpeedKill - oppPokemon: Ekans
DEBUG outSpeedKill - Checking move: Light Screen
DEBUG outSpeedKill - real_move: NOT NULL
DEBUG outSpeedKill - real_myPokemon: Pikachu
DEBUG outSpeedKill - real_oppPokemon: Ekans
DEBUG outSpeedKill - moveView: Rage
DEBUG outSpeedKill - myPokemon: Venusaur
DEBUG outSpeedKill - oppPokemon: Poliwrath
DEBUG outSpeedKill - Checking move: Rage
DEBUG outSpeedKill - real_move: NOT NULL
DEBUG outSpeedKill - real_myPokemon: Venusaur
DEBUG outSpeedKill - real_oppPokemon: Poliwrath
DEBUG outSpeedKill - moveView: Mega Drain
DEBUG outSpeedKill - myPokemon: Venusaur
DEBUG outSpeedKill - oppPokemon: Poliwrath
DEBUG outSpeedKill - Checking move: Mega Drain
DEBUG outSpeedKill - real_move: NOT NULL
DEBUG outSpeedKill - real_myPokemon: Venusaur
DEBUG outSpeedKill - real_oppPokemon: Poliwrath
DEBUG outSpeedKill - moveView: Growl
DEBUG outSpeedKill - myPokemon: Venusaur
DEBUG outSpeedKill - oppPokemon: Poliwrath
DEBUG outSpeedKill - Checking move: Growl
DEBUG outSpeedKill - real_move: NOT NULL
DEBUG outSpeedKill - real_myPokemon: Venusaur
DEBUG outSpeedKill - real_oppPokemon: Poliwrath
DEBUG outSpeedKill - moveView: Surf
DEBUG outSpeedKill - myPokemon: Omanyte
DEBUG outSpeedKill - oppPokemon: Rhyhorn
DEBUG outSpeedKill - Checking move: Surf
DEBUG outSpeedKill - real_move: NOT NULL
DEBUG outSpeedKill - real_myPokemon: Omanyte
DEBUG outSpeedKill - real_oppPokemon: Rhyhorn
DEBUG outSpeedKill - moveView: Toxic
DEBUG outSpeedKill - myPokemon: Omanyte
DEBUG outSpeedKill - oppPokemon: Rhyhorn
DEBUG outSpeedKill - Checking move: Toxic
DEBUG outSpeedKill - real_move: NOT NULL
DEBUG outSpeedKill - real_myPokemon: Omanyte
DEBUG outSpeedKill - real_oppPokemon: Rhyhorn
DEBUG outSpeedKill - moveView: Strength
DEBUG outSpeedKill - myPokemon: Starmie
DEBUG outSpeedKill - oppPokemon: Ditto
DEBUG outSpeedKill - Checking move: Strength
DEBUG outSpeedKill - real_move: NOT NULL
DEBUG outSpeedKill - real_myPokemon: Starmie
DEBUG outSpeedKill - real_oppPokemon: Ditto
DEBUG slowKill oneshot check - oppMove: Swords Dance
DEBUG slowKill oneshot check - real_oppMove: NOT NULL
DEBUG slowKill oneshot check - real_myPokemon: Exeggcute
DEBUG slowKill oneshot check - real_oppPokemon: Charizard
DEBUG outSpeedKill - moveView: Agility
DEBUG outSpeedKill - myPokemon: Pidgeot
DEBUG outSpeedKill - oppPokemon: Kabutops
DEBUG outSpeedKill - Checking move: Agility
DEBUG outSpeedKill - real_move: NOT NULL
DEBUG outSpeedKill - real_myPokemon: Pidgeot
DEBUG outSpeedKill - real_oppPokemon: Kabutops
DEBUG slowKill oneshot check - oppMove: Surf
DEBUG slowKill oneshot check - real_oppMove: NOT NULL
DEBUG slowKill oneshot check - real_myPokemon: Primeape
DEBUG slowKill oneshot check - real_oppPokemon: Dragonite
DEBUG slowKill oneshot check - oppMove: Agility
DEBUG slowKill oneshot check - real_oppMove: NOT NULL
DEBUG slowKill oneshot check - real_myPokemon: Primeape
DEBUG slowKill oneshot check - real_oppPokemon: Dragonite
DEBUG outSpeedKill - moveView: Smog
DEBUG outSpeedKill - myPokemon: Flareon
DEBUG outSpeedKill - oppPokemon: Weezing
DEBUG outSpeedKill - Checking move: Smog
DEBUG outSpeedKill - real_move: NOT NULL
DEBUG outSpeedKill - real_myPokemon: Flareon
DEBUG outSpeedKill - real_oppPokemon: Weezing
DEBUG outSpeedKill - moveView: Rest
DEBUG outSpeedKill - myPokemon: Mew
DEBUG outSpeedKill - oppPokemon: Articuno
DEBUG outSpeedKill - Checking move: Rest
DEBUG outSpeedKill - real_move: NOT NULL
DEBUG outSpeedKill - real_myPokemon: Mew
DEBUG outSpeedKill - real_oppPokemon: Articuno
DEBUG outSpeedKill - moveView: Self-Destruct
DEBUG outSpeedKill - myPokemon: Mewtwo
DEBUG outSpeedKill - oppPokemon: Mew
DEBUG outSpeedKill - Checking move: Self-Destruct
DEBUG outSpeedKill - real_move: NOT NULL
DEBUG outSpeedKill - real_myPokemon: Mewtwo
DEBUG outSpeedKill - real_oppPokemon: Mew
DEBUG outSpeedKill - moveView: Teleport
DEBUG outSpeedKill - myPokemon: Mewtwo
DEBUG outSpeedKill - oppPokemon: Mew
DEBUG outSpeedKill - Checking move: Teleport
DEBUG outSpeedKill - real_move: NOT NULL
DEBUG outSpeedKill - real_myPokemon: Mewtwo
DEBUG outSpeedKill - real_oppPokemon: Mew
DEBUG outSpeedKill - moveView: Rest
DEBUG outSpeedKill - myPokemon: Sandslash
DEBUG outSpeedKill - oppPokemon: Drowzee
DEBUG outSpeedKill - Checking move: Rest
DEBUG outSpeedKill - real_move: NOT NULL
DEBUG outSpeedKill - real_myPokemon: Sandslash
DEBUG outSpeedKill - real_oppPokemon: Drowzee
DEBUG outSpeedKill - moveView: Swift
DEBUG outSpeedKill - myPokemon: Mankey
DEBUG outSpeedKill - oppPokemon: Bulbasaur
DEBUG outSpeedKill - Checking move: Swift
DEBUG outSpeedKill - real_move: NOT NULL
DEBUG outSpeedKill - real_myPokemon: Mankey
DEBUG outSpeedKill - real_oppPokemon: Bulbasaur
DEBUG outSpeedKill - moveView: Toxic
DEBUG outSpeedKill - myPokemon: Mankey
DEBUG outSpeedKill - oppPokemon: Bulbasaur
DEBUG outSpeedKill - Checking move: Toxic
DEBUG outSpeedKill - real_move: NOT NULL
DEBUG outSpeedKill - real_myPokemon: Mankey
DEBUG outSpeedKill - real_oppPokemon: Bulbasaur
DEBUG outSpeedKill - moveView: Thunderbolt
DEBUG outSpeedKill - myPokemon: Voltorb
DEBUG outSpeedKill - oppPokemon: Slowpoke
DEBUG outSpeedKill - Checking move: Thunderbolt
DEBUG outSpeedKill - real_move: NOT NULL
DEBUG outSpeedKill - real_myPokemon: Voltorb
DEBUG outSpeedKill - real_oppPokemon: Slowpoke
DEBUG outSpeedKill - moveView: Take Down
DEBUG outSpeedKill - myPokemon: Voltorb
DEBUG outSpeedKill - oppPokemon: Slowpoke
DEBUG outSpeedKill - Checking move: Take Down
DEBUG outSpeedKill - real_move: NOT NULL
DEBUG outSpeedKill - real_myPokemon: Voltorb
DEBUG outSpeedKill - real_oppPokemon: Slowpoke
DEBUG outSpeedKill - moveView: Toxic
DEBUG outSpeedKill - myPokemon: Voltorb
DEBUG outSpeedKill - oppPokemon: Slowpoke
DEBUG outSpeedKill - Checking move: Toxic
DEBUG outSpeedKill - real_move: NOT NULL
DEBUG outSpeedKill - real_myPokemon: Voltorb
DEBUG outSpeedKill - real_oppPokemon: Slowpoke
DEBUG outSpeedKill - moveView: Bubble
DEBUG outSpeedKill - myPokemon: Seadra
DEBUG outSpeedKill - oppPokemon: Exeggcute
DEBUG outSpeedKill - Checking move: Bubble
DEBUG outSpeedKill - real_move: NOT NULL
DEBUG outSpeedKill - real_myPokemon: Seadra
DEBUG outSpeedKill - real_oppPokemon: Exeggcute
DEBUG slowKill oneshot check - oppMove: Strength
DEBUG slowKill oneshot check - real_oppMove: NOT NULL
DEBUG slowKill oneshot check - real_myPokemon: Rattata
DEBUG slowKill oneshot check - real_oppPokemon: Pinsir
DEBUG slowKill oneshot check - oppMove: Slash
DEBUG slowKill oneshot check - real_oppMove: NOT NULL
DEBUG slowKill oneshot check - real_myPokemon: Rattata
DEBUG slowKill oneshot check - real_oppPokemon: Pinsir
DEBUG slowKill oneshot check - oppMove: Take Down
DEBUG slowKill oneshot check - real_oppMove: NOT NULL
DEBUG slowKill oneshot check - real_myPokemon: Rattata
DEBUG slowKill oneshot check - real_oppPokemon: Pinsir
DEBUG slowKill oneshot check - oppMove: Double-Edge
DEBUG slowKill oneshot check - real_oppMove: NOT NULL
DEBUG slowKill oneshot check - real_myPokemon: Rattata
DEBUG slowKill oneshot check - real_oppPokemon: Pinsir
DEBUG slowKill - Checking move: Hyper Fang
DEBUG slowKill - real_move: NOT NULL
DEBUG slowKill - real_myPokemon: Rattata
DEBUG slowKill - real_oppPokemon: Pinsir
DEBUG slowKill - Checking move: Double-Edge
DEBUG slowKill - real_move: NOT NULL
DEBUG slowKill - real_myPokemon: Rattata
DEBUG slowKill - real_oppPokemon: Pinsir
DEBUG slowKill - Checking move: Rest
DEBUG slowKill - real_move: NOT NULL
DEBUG slowKill - real_myPokemon: Rattata
DEBUG slowKill - real_oppPokemon: Pinsir
DEBUG slowKill oneshot check - oppMove: Flamethrower
DEBUG slowKill oneshot check - real_oppMove: NOT NULL
DEBUG slowKill oneshot check - real_myPokemon: Charmeleon
DEBUG slowKill oneshot check - real_oppPokemon: Ninetales
DEBUG slowKill oneshot check - oppMove: Rage
DEBUG slowKill oneshot check - real_oppMove: NOT NULL
DEBUG slowKill oneshot check - real_myPokemon: Charmeleon
DEBUG slowKill oneshot check - real_oppPokemon: Ninetales
DEBUG slowKill oneshot check - oppMove: Substitute
DEBUG slowKill oneshot check - real_oppMove: NOT NULL
DEBUG slowKill oneshot check - real_myPokemon: Charmeleon
DEBUG slowKill oneshot check - real_oppPokemon: Ninetales
DEBUG slowKill oneshot check - oppMove: Swift
DEBUG slowKill oneshot check - real_oppMove: NOT NULL
DEBUG slowKill oneshot check - real_myPokemon: Slowpoke
DEBUG slowKill oneshot check - real_oppPokemon: Pidgeot
DEBUG slowKill oneshot check - oppMove: Hyper Beam
DEBUG slowKill oneshot check - real_oppMove: NOT NULL
DEBUG slowKill oneshot check - real_myPokemon: Slowpoke
DEBUG slowKill oneshot check - real_oppPokemon: Pidgeot
DEBUG slowKill oneshot check - oppMove: Gust
DEBUG slowKill oneshot check - real_oppMove: NOT NULL
DEBUG slowKill oneshot check - real_myPokemon: Slowpoke
DEBUG slowKill oneshot check - real_oppPokemon: Pidgeot
DEBUG slowKill oneshot check - oppMove: Razor Wind
DEBUG slowKill oneshot check - real_oppMove: NOT NULL
DEBUG slowKill oneshot check - real_myPokemon: Slowpoke
DEBUG slowKill oneshot check - real_oppPokemon: Pidgeot
DEBUG slowKill - Checking move: Earthquake
DEBUG slowKill - real_move: NOT NULL
DEBUG slowKill - real_myPokemon: Slowpoke
DEBUG slowKill - real_oppPokemon: Pidgeot
DEBUG slowKill - Checking move: Swift
DEBUG slowKill - real_move: NOT NULL
DEBUG slowKill - real_myPokemon: Slowpoke
DEBUG slowKill - real_oppPokemon: Pidgeot
DEBUG slowKill - Checking move: Water Gun
DEBUG slowKill - real_move: NOT NULL
DEBUG slowKill - real_myPokemon: Slowpoke
DEBUG slowKill - real_oppPokemon: Pidgeot
DEBUG slowKill - Checking move: Amnesia
DEBUG slowKill - real_move: NOT NULL
DEBUG slowKill - real_myPokemon: Slowpoke
DEBUG slowKill - real_oppPokemon: Pidgeot
DEBUG outSpeedKill - moveView: Psychic
DEBUG outSpeedKill - myPokemon: Electabuzz
DEBUG outSpeedKill - oppPokemon: Fearow
DEBUG outSpeedKill - Checking move: Psychic
DEBUG outSpeedKill - real_move: NOT NULL
DEBUG outSpeedKill - real_myPokemon: Electabuzz
DEBUG outSpeedKill - real_oppPokemon: Fearow
DEBUG outSpeedKill - moveView: Submission
DEBUG outSpeedKill - myPokemon: Electabuzz
DEBUG outSpeedKill - oppPokemon: Fearow
DEBUG outSpeedKill - Checking move: Submission
DEBUG outSpeedKill - real_move: NOT NULL
DEBUG outSpeedKill - real_myPokemon: Electabuzz
DEBUG outSpeedKill - real_oppPokemon: Fearow
DEBUG outSpeedKill - moveView: Teleport
DEBUG outSpeedKill - myPokemon: Electabuzz
DEBUG outSpeedKill - oppPokemon: Fearow
DEBUG outSpeedKill - Checking move: Teleport
DEBUG outSpeedKill - real_move: NOT NULL
DEBUG outSpeedKill - real_myPokemon: Electabuzz
DEBUG outSpeedKill - real_oppPokemon: Fearow
DEBUG outSpeedKill - moveView: Tackle
DEBUG outSpeedKill - myPokemon: Caterpie
DEBUG outSpeedKill - oppPokemon: Porygon
DEBUG outSpeedKill - Checking move: Tackle
DEBUG outSpeedKill - real_move: NOT NULL
DEBUG outSpeedKill - real_myPokemon: Caterpie
DEBUG outSpeedKill - real_oppPokemon: Porygon
DEBUG outSpeedKill - moveView: String Shot
DEBUG outSpeedKill - myPokemon: Caterpie
DEBUG outSpeedKill - oppPokemon: Porygon
DEBUG outSpeedKill - Checking move: String Shot
DEBUG outSpeedKill - real_move: NOT NULL
DEBUG outSpeedKill - real_myPokemon: Caterpie
DEBUG outSpeedKill - real_oppPokemon: Porygon
DEBUG outSpeedKill - moveView: Metronome
DEBUG outSpeedKill - myPokemon: Electabuzz
DEBUG outSpeedKill - oppPokemon: Lickitung
DEBUG outSpeedKill - Checking move: Metronome
DEBUG outSpeedKill - real_move: NOT NULL
DEBUG outSpeedKill - real_myPokemon: Electabuzz
DEBUG outSpeedKill - real_oppPokemon: Lickitung
DEBUG outSpeedKill - moveView: Body Slam
DEBUG outSpeedKill - myPokemon: Kangaskhan
DEBUG outSpeedKill - oppPokemon: Nidoqueen
DEBUG outSpeedKill - Checking move: Body Slam
DEBUG outSpeedKill - real_move: NOT NULL
DEBUG outSpeedKill - real_myPokemon: Kangaskhan
DEBUG outSpeedKill - real_oppPokemon: Nidoqueen
DEBUG outSpeedKill - moveView: Counter
DEBUG outSpeedKill - myPokemon: Kangaskhan
DEBUG outSpeedKill - oppPokemon: Nidoqueen
DEBUG outSpeedKill - Checking move: Counter
DEBUG outSpeedKill - real_move: NOT NULL
DEBUG outSpeedKill - real_myPokemon: Kangaskhan
DEBUG outSpeedKill - real_oppPokemon: Nidoqueen
DEBUG outSpeedKill - moveView: Fury Swipes
DEBUG outSpeedKill - myPokemon: Meowth
DEBUG outSpeedKill - oppPokemon: Eevee
DEBUG outSpeedKill - Checking move: Fury Swipes
DEBUG outSpeedKill - real_move: NOT NULL
DEBUG outSpeedKill - real_myPokemon: Meowth
DEBUG outSpeedKill - real_oppPokemon: Eevee
DEBUG outSpeedKill - moveView: Swift
DEBUG outSpeedKill - myPokemon: Meowth
DEBUG outSpeedKill - oppPokemon: Eevee
DEBUG outSpeedKill - Checking move: Swift
DEBUG outSpeedKill - real_move: NOT NULL
DEBUG outSpeedKill - real_myPokemon: Meowth
DEBUG outSpeedKill - real_oppPokemon: Eevee
DEBUG outSpeedKill - moveView: Rage
DEBUG outSpeedKill - myPokemon: Meowth
DEBUG outSpeedKill - oppPokemon: Eevee
DEBUG outSpeedKill - Checking move: Rage
DEBUG outSpeedKill - real_move: NOT NULL
DEBUG outSpeedKill - real_myPokemon: Meowth
DEBUG outSpeedKill - real_oppPokemon: Eevee
DEBUG outSpeedKill - moveView: Scratch
DEBUG outSpeedKill - myPokemon: Meowth
DEBUG outSpeedKill - oppPokemon: Eevee
DEBUG outSpeedKill - Checking move: Scratch
DEBUG outSpeedKill - real_move: NOT NULL
DEBUG outSpeedKill - real_myPokemon: Meowth
DEBUG outSpeedKill - real_oppPokemon: Eevee
DEBUG outSpeedKill - moveView: Tackle
DEBUG outSpeedKill - myPokemon: Magikarp
DEBUG outSpeedKill - oppPokemon: Eevee
DEBUG outSpeedKill - Checking move: Tackle
DEBUG outSpeedKill - real_move: NOT NULL
DEBUG outSpeedKill - real_myPokemon: Magikarp
DEBUG outSpeedKill - real_oppPokemon: Eevee
DEBUG outSpeedKill - moveView: Splash
DEBUG outSpeedKill - myPokemon: Magikarp
DEBUG outSpeedKill - oppPokemon: Eevee
DEBUG outSpeedKill - Checking move: Splash
DEBUG outSpeedKill - real_move: NOT NULL
DEBUG outSpeedKill - real_myPokemon: Magikarp
DEBUG outSpeedKill - real_oppPokemon: Eevee
DEBUG outSpeedKill - moveView: Slash
DEBUG outSpeedKill - myPokemon: Persian
DEBUG outSpeedKill - oppPokemon: Sandshrew
DEBUG outSpeedKill - Checking move: Slash
DEBUG outSpeedKill - real_move: NOT NULL
DEBUG outSpeedKill - real_myPokemon: Persian
DEBUG outSpeedKill - real_oppPokemon: Sandshrew
DEBUG outSpeedKill - moveView: Water Gun
DEBUG outSpeedKill - myPokemon: Persian
DEBUG outSpeedKill - oppPokemon: Sandshrew
DEBUG outSpeedKill - Checking move: Water Gun
DEBUG outSpeedKill - real_move: NOT NULL
DEBUG outSpeedKill - real_myPokemon: Persian
DEBUG outSpeedKill - real_oppPokemon: Sandshrew
DEBUG outSpeedKill - moveView: Scratch
DEBUG outSpeedKill - myPokemon: Persian
DEBUG outSpeedKill - oppPokemon: Sandshrew
DEBUG outSpeedKill - Checking move: Scratch
DEBUG outSpeedKill - real_move: NOT NULL
DEBUG outSpeedKill - real_myPokemon: Persian
DEBUG outSpeedKill - real_oppPokemon: Sandshrew
DEBUG outSpeedKill - moveView: Double-Edge
DEBUG outSpeedKill - myPokemon: Persian
DEBUG outSpeedKill - oppPokemon: Sandshrew
DEBUG outSpeedKill - Checking move: Double-Edge
DEBUG outSpeedKill - real_move: NOT NULL
DEBUG outSpeedKill - real_myPokemon: Persian
DEBUG outSpeedKill - real_oppPokemon: Sandshrew
DEBUG outSpeedKill - moveView: Disable
DEBUG outSpeedKill - myPokemon: Golduck
DEBUG outSpeedKill - oppPokemon: Sandshrew
DEBUG outSpeedKill - Checking move: Disable
DEBUG outSpeedKill - real_move: NOT NULL
DEBUG outSpeedKill - real_myPokemon: Golduck
DEBUG outSpeedKill - real_oppPokemon: Sandshrew
DEBUG outSpeedKill - moveView: Rage
DEBUG outSpeedKill - myPokemon: Poliwag
DEBUG outSpeedKill - oppPokemon: Dragonair
DEBUG outSpeedKill - Checking move: Rage
DEBUG outSpeedKill - real_move: NOT NULL
DEBUG outSpeedKill - real_myPokemon: Poliwag
DEBUG outSpeedKill - real_oppPokemon: Dragonair
DEBUG outSpeedKill - moveView: Amnesia
DEBUG outSpeedKill - myPokemon: Poliwag
DEBUG outSpeedKill - oppPokemon: Dragonair
DEBUG outSpeedKill - Checking move: Amnesia
DEBUG outSpeedKill - real_move: NOT NULL
DEBUG outSpeedKill - real_myPokemon: Poliwag
DEBUG outSpeedKill - real_oppPokemon: Dragonair
DEBUG slowKill oneshot check - oppMove: Thunder
DEBUG slowKill oneshot check - real_oppMove: NOT NULL
DEBUG slowKill oneshot check - real_myPokemon: Magmar
DEBUG slowKill oneshot check - real_oppPokemon: Electrode
DEBUG slowKill oneshot check - oppMove: Screech
DEBUG slowKill oneshot check - real_oppMove: NOT NULL
DEBUG slowKill oneshot check - real_myPokemon: Magmar
DEBUG slowKill oneshot check - real_oppPokemon: Electrode
DEBUG outSpeedKill - moveView: Bubble
DEBUG outSpeedKill - myPokemon: Poliwrath
DEBUG outSpeedKill - oppPokemon: Flareon
DEBUG outSpeedKill - Checking move: Bubble
DEBUG outSpeedKill - real_move: NOT NULL
DEBUG outSpeedKill - real_myPokemon: Poliwrath
DEBUG outSpeedKill - real_oppPokemon: Flareon
DEBUG outSpeedKill - moveView: Psychic
DEBUG outSpeedKill - myPokemon: Poliwrath
DEBUG outSpeedKill - oppPokemon: Flareon
DEBUG outSpeedKill - Checking move: Psychic
DEBUG outSpeedKill - real_move: NOT NULL
DEBUG outSpeedKill - real_myPokemon: Poliwrath
DEBUG outSpeedKill - real_oppPokemon: Flareon
DEBUG outSpeedKill - moveView: Hypnosis
DEBUG outSpeedKill - myPokemon: Poliwrath
DEBUG outSpeedKill - oppPokemon: Flareon
DEBUG outSpeedKill - Checking move: Hypnosis
DEBUG outSpeedKill - real_move: NOT NULL
DEBUG outSpeedKill - real_myPokemon: Poliwrath
DEBUG outSpeedKill - real_oppPokemon: Flareon
DEBUG outSpeedKill - moveView: Bubble Beam
DEBUG outSpeedKill - myPokemon: Dewgong
DEBUG outSpeedKill - oppPokemon: Golem
DEBUG outSpeedKill - Checking move: Bubble Beam
DEBUG outSpeedKill - real_move: NOT NULL
DEBUG outSpeedKill - real_myPokemon: Dewgong
DEBUG outSpeedKill - real_oppPokemon: Golem
DEBUG outSpeedKill - moveView: Rest
DEBUG outSpeedKill - myPokemon: Dewgong
DEBUG outSpeedKill - oppPokemon: Golem
DEBUG outSpeedKill - Checking move: Rest
DEBUG outSpeedKill - real_move: NOT NULL
DEBUG outSpeedKill - real_myPokemon: Dewgong
DEBUG outSpeedKill - real_oppPokemon: Golem
DEBUG slowKill oneshot check - oppMove: Toxic
DEBUG slowKill oneshot check - real_oppMove: NOT NULL
DEBUG slowKill oneshot check - real_myPokemon: Tentacool
DEBUG slowKill oneshot check - real_oppPokemon: Seadra
DEBUG outSpeedKill - moveView: Confusion
DEBUG outSpeedKill - myPokemon: Kadabra
DEBUG outSpeedKill - oppPokemon: Muk
DEBUG outSpeedKill - Checking move: Confusion
DEBUG outSpeedKill - real_move: NOT NULL
DEBUG outSpeedKill - real_myPokemon: Kadabra
DEBUG outSpeedKill - real_oppPokemon: Muk
DEBUG outSpeedKill - moveView: Rest
DEBUG outSpeedKill - myPokemon: Electrode
DEBUG outSpeedKill - oppPokemon: Zapdos
DEBUG outSpeedKill - Checking move: Rest
DEBUG outSpeedKill - real_move: NOT NULL
DEBUG outSpeedKill - real_myPokemon: Electrode
DEBUG outSpeedKill - real_oppPokemon: Zapdos
DEBUG outSpeedKill - moveView: Fissure
DEBUG outSpeedKill - myPokemon: Machamp
DEBUG outSpeedKill - oppPokemon: Graveler
DEBUG outSpeedKill - Checking move: Fissure
DEBUG outSpeedKill - real_move: NOT NULL
DEBUG outSpeedKill - real_myPokemon: Machamp
DEBUG outSpeedKill - real_oppPokemon: Graveler
DEBUG slowKill oneshot check - oppMove: Rage
DEBUG slowKill oneshot check - real_oppMove: NOT NULL
DEBUG slowKill oneshot check - real_myPokemon: Nidoran♂
DEBUG slowKill oneshot check - real_oppPokemon: Gengar
DEBUG slowKill oneshot check - oppMove: Night Shade
DEBUG slowKill oneshot check - real_oppMove: NOT NULL
DEBUG slowKill oneshot check - real_myPokemon: Nidoran♂
DEBUG slowKill oneshot check - real_oppPokemon: Gengar
DEBUG outSpeedKill - moveView: Thunder Wave
DEBUG outSpeedKill - myPokemon: Voltorb
DEBUG outSpeedKill - oppPokemon: Growlithe
DEBUG outSpeedKill - Checking move: Thunder Wave
DEBUG outSpeedKill - real_move: NOT NULL
DEBUG outSpeedKill - real_myPokemon: Voltorb
DEBUG outSpeedKill - real_oppPokemon: Growlithe
DEBUG outSpeedKill - moveView: Body Slam
DEBUG outSpeedKill - myPokemon: Omastar
DEBUG outSpeedKill - oppPokemon: Koffing
DEBUG outSpeedKill - Checking move: Body Slam
DEBUG outSpeedKill - real_move: NOT NULL
DEBUG outSpeedKill - real_myPokemon: Omastar
DEBUG outSpeedKill - real_oppPokemon: Koffing
DEBUG slowKill oneshot check - oppMove: Hyper Beam
DEBUG slowKill oneshot check - real_oppMove: NOT NULL
DEBUG slowKill oneshot check - real_myPokemon: Victreebel
DEBUG slowKill oneshot check - real_oppPokemon: Electrode
DEBUG slowKill oneshot check - oppMove: Light Screen
DEBUG slowKill oneshot check - real_oppMove: NOT NULL
DEBUG slowKill oneshot check - real_myPokemon: Victreebel
DEBUG slowKill oneshot check - real_oppPokemon: Electrode
DEBUG outSpeedKill - moveView: Quick Attack
DEBUG outSpeedKill - myPokemon: Raichu
DEBUG outSpeedKill - oppPokemon: Nidorino
DEBUG outSpeedKill - Checking move: Quick Attack
DEBUG outSpeedKill - real_move: NOT NULL
DEBUG outSpeedKill - real_myPokemon: Raichu
DEBUG outSpeedKill - real_oppPokemon: Nidorino
DEBUG outSpeedKill - moveView: Tail Whip
DEBUG outSpeedKill - myPokemon: Raichu
DEBUG outSpeedKill - oppPokemon: Nidorino
DEBUG outSpeedKill - Checking move: Tail Whip
DEBUG outSpeedKill - real_move: NOT NULL
DEBUG outSpeedKill - real_myPokemon: Raichu
DEBUG outSpeedKill - real_oppPokemon: Nidorino
DEBUG outSpeedKill - moveView: Skull Bash
DEBUG outSpeedKill - myPokemon: Starmie
DEBUG outSpeedKill - oppPokemon: Poliwag
DEBUG outSpeedKill - Checking move: Skull Bash
DEBUG outSpeedKill - real_move: NOT NULL
DEBUG outSpeedKill - real_myPokemon: Starmie
DEBUG outSpeedKill - real_oppPokemon: Poliwag
DEBUG outSpeedKill - moveView: Psychic
DEBUG outSpeedKill - myPokemon: Starmie
DEBUG outSpeedKill - oppPokemon: Poliwag
DEBUG outSpeedKill - Checking move: Psychic
DEBUG outSpeedKill - real_move: NOT NULL
DEBUG outSpeedKill - real_myPokemon: Starmie
DEBUG outSpeedKill - real_oppPokemon: Poliwag
DEBUG outSpeedKill - moveView: Rage
DEBUG outSpeedKill - myPokemon: Starmie
DEBUG outSpeedKill - oppPokemon: Poliwag
DEBUG outSpeedKill - Checking move: Rage
DEBUG outSpeedKill - real_move: NOT NULL
DEBUG outSpeedKill - real_myPokemon: Starmie
DEBUG outSpeedKill - real_oppPokemon: Poliwag
DEBUG outSpeedKill - moveView: Swift
DEBUG outSpeedKill - myPokemon: Starmie
DEBUG outSpeedKill - oppPokemon: Poliwag
DEBUG outSpeedKill - Checking move: Swift
DEBUG outSpeedKill - real_move: NOT NULL
DEBUG outSpeedKill - real_myPokemon: Starmie
DEBUG outSpeedKill - real_oppPokemon: Poliwag
DEBUG slowKill oneshot check - oppMove: Substitute
DEBUG slowKill oneshot check - real_oppMove: NOT NULL
DEBUG slowKill oneshot check - real_myPokemon: Gloom
DEBUG slowKill oneshot check - real_oppPokemon: Poliwag
DEBUG outSpeedKill - moveView: Skull Bash
DEBUG outSpeedKill - myPokemon: Gengar
DEBUG outSpeedKill - oppPokemon: Arbok
DEBUG outSpeedKill - Checking move: Skull Bash
DEBUG outSpeedKill - real_move: NOT NULL
DEBUG outSpeedKill - real_myPokemon: Gengar
DEBUG outSpeedKill - real_oppPokemon: Arbok
DEBUG slowKill oneshot check - oppMove: Rage
DEBUG slowKill oneshot check - real_oppMove: NOT NULL
DEBUG slowKill oneshot check - real_myPokemon: Hitmonchan
DEBUG slowKill oneshot check - real_oppPokemon: Seadra
DEBUG slowKill oneshot check - oppMove: Leer
DEBUG slowKill oneshot check - real_oppMove: NOT NULL
DEBUG slowKill oneshot check - real_myPokemon: Hitmonchan
DEBUG slowKill oneshot check - real_oppPokemon: Seadra
DEBUG outSpeedKill - moveView: Hydro Pump
DEBUG outSpeedKill - myPokemon: Omastar
DEBUG outSpeedKill - oppPokemon: Omanyte
DEBUG outSpeedKill - Checking move: Hydro Pump
DEBUG outSpeedKill - real_move: NOT NULL
DEBUG outSpeedKill - real_myPokemon: Omastar
DEBUG outSpeedKill - real_oppPokemon: Omanyte
DEBUG outSpeedKill - moveView: Ice Beam
DEBUG outSpeedKill - myPokemon: Omastar
DEBUG outSpeedKill - oppPokemon: Omanyte
DEBUG outSpeedKill - Checking move: Ice Beam
DEBUG outSpeedKill - real_move: NOT NULL
DEBUG outSpeedKill - real_myPokemon: Omastar
DEBUG outSpeedKill - real_oppPokemon: Omanyte
DEBUG outSpeedKill - moveView: Surf
DEBUG outSpeedKill - myPokemon: Omastar
DEBUG outSpeedKill - oppPokemon: Omanyte
DEBUG outSpeedKill - Checking move: Surf
DEBUG outSpeedKill - real_move: NOT NULL
DEBUG outSpeedKill - real_myPokemon: Omastar
DEBUG outSpeedKill - real_oppPokemon: Omanyte
DEBUG outSpeedKill - moveView: Substitute
DEBUG outSpeedKill - myPokemon: Omastar
DEBUG outSpeedKill - oppPokemon: Omanyte
DEBUG outSpeedKill - Checking move: Substitute
DEBUG outSpeedKill - real_move: NOT NULL
DEBUG outSpeedKill - real_myPokemon: Omastar
DEBUG outSpeedKill - real_oppPokemon: Omanyte
DEBUG slowKill oneshot check - oppMove: Thunder
DEBUG slowKill oneshot check - real_oppMove: NOT NULL
DEBUG slowKill oneshot check - real_myPokemon: Weepinbell
DEBUG slowKill oneshot check - real_oppPokemon: Persian
DEBUG slowKill oneshot check - oppMove: Slash
DEBUG slowKill oneshot check - real_oppMove: NOT NULL
DEBUG slowKill oneshot check - real_myPokemon: Weepinbell
DEBUG slowKill oneshot check - real_oppPokemon: Persian
DEBUG slowKill oneshot check - oppMove: Pay Day
DEBUG slowKill oneshot check - real_oppMove: NOT NULL
DEBUG slowKill oneshot check - real_myPokemon: Weepinbell
DEBUG slowKill oneshot check - real_oppPokemon: Persian
DEBUG slowKill oneshot check - oppMove: Screech
DEBUG slowKill oneshot check - real_oppMove: NOT NULL
DEBUG slowKill oneshot check - real_myPokemon: Weepinbell
DEBUG slowKill oneshot check - real_oppPokemon: Persian
DEBUG outSpeedKill - moveView: Absorb
DEBUG outSpeedKill - myPokemon: Vileplume
DEBUG outSpeedKill - oppPokemon: Seel
DEBUG outSpeedKill - Checking move: Absorb
DEBUG outSpeedKill - real_move: NOT NULL
DEBUG outSpeedKill - real_myPokemon: Vileplume
DEBUG outSpeedKill - real_oppPokemon: Seel
DEBUG outSpeedKill - moveView: Mega Drain
DEBUG outSpeedKill - myPokemon: Vileplume
DEBUG outSpeedKill - oppPokemon: Seel
DEBUG outSpeedKill - Checking move: Mega Drain
DEBUG outSpeedKill - real_move: NOT NULL
DEBUG outSpeedKill - real_myPokemon: Vileplume
DEBUG outSpeedKill - real_oppPokemon: Seel
DEBUG outSpeedKill - moveView: Poison Powder
DEBUG outSpeedKill - myPokemon: Vileplume
DEBUG outSpeedKill - oppPokemon: Seel
DEBUG outSpeedKill - Checking move: Poison Powder
DEBUG outSpeedKill - real_move: NOT NULL
DEBUG outSpeedKill - real_myPokemon: Vileplume
DEBUG outSpeedKill - real_oppPokemon: Seel
DEBUG outSpeedKill - moveView: Substitute
DEBUG outSpeedKill - myPokemon: Rapidash
DEBUG outSpeedKill - oppPokemon: Zapdos
DEBUG outSpeedKill - Checking move: Substitute
DEBUG outSpeedKill - real_move: NOT NULL
DEBUG outSpeedKill - real_myPokemon: Rapidash
DEBUG outSpeedKill - real_oppPokemon: Zapdos
DEBUG outSpeedKill - moveView: Mist
DEBUG outSpeedKill - myPokemon: Vaporeon
DEBUG outSpeedKill - oppPokemon: Shellder
DEBUG outSpeedKill - Checking move: Mist
DEBUG outSpeedKill - real_move: NOT NULL
DEBUG outSpeedKill - real_myPokemon: Vaporeon
DEBUG outSpeedKill - real_oppPokemon: Shellder
DEBUG outSpeedKill - moveView: Hyper Beam
DEBUG outSpeedKill - myPokemon: Alakazam
DEBUG outSpeedKill - oppPokemon: Scyther
DEBUG outSpeedKill - Checking move: Hyper Beam
DEBUG outSpeedKill - real_move: NOT NULL
DEBUG outSpeedKill - real_myPokemon: Alakazam
DEBUG outSpeedKill - real_oppPokemon: Scyther
DEBUG outSpeedKill - moveView: Dig
DEBUG outSpeedKill - myPokemon: Alakazam
DEBUG outSpeedKill - oppPokemon: Scyther
DEBUG outSpeedKill - Checking move: Dig
DEBUG outSpeedKill - real_move: NOT NULL
DEBUG outSpeedKill - real_myPokemon: Alakazam
DEBUG outSpeedKill - real_oppPokemon: Scyther
DEBUG outSpeedKill - moveView: Skull Bash
DEBUG outSpeedKill - myPokemon: Alakazam
DEBUG outSpeedKill - oppPokemon: Scyther
DEBUG outSpeedKill - Checking move: Skull Bash
DEBUG outSpeedKill - real_move: NOT NULL
DEBUG outSpeedKill - real_myPokemon: Alakazam
DEBUG outSpeedKill - real_oppPokemon: Scyther
DEBUG outSpeedKill - moveView: Psywave
DEBUG outSpeedKill - myPokemon: Alakazam
DEBUG outSpeedKill - oppPokemon: Scyther
DEBUG outSpeedKill - Checking move: Psywave
DEBUG outSpeedKill - real_move: NOT NULL
DEBUG outSpeedKill - real_myPokemon: Alakazam
DEBUG outSpeedKill - real_oppPokemon: Scyther
DEBUG outSpeedKill - moveView: Seismic Toss
DEBUG outSpeedKill - myPokemon: Magmar
DEBUG outSpeedKill - oppPokemon: Venusaur
DEBUG outSpeedKill - Checking move: Seismic Toss
DEBUG outSpeedKill - real_move: NOT NULL
DEBUG outSpeedKill - real_myPokemon: Magmar
DEBUG outSpeedKill - real_oppPokemon: Venusaur
DEBUG outSpeedKill - moveView: Double-Edge
DEBUG outSpeedKill - myPokemon: Dodrio
DEBUG outSpeedKill - oppPokemon: Poliwrath
DEBUG outSpeedKill - Checking move: Double-Edge
DEBUG outSpeedKill - real_move: NOT NULL
DEBUG outSpeedKill - real_myPokemon: Dodrio
DEBUG outSpeedKill - real_oppPokemon: Poliwrath
DEBUG outSpeedKill - moveView: Substitute
DEBUG outSpeedKill - myPokemon: Dodrio
DEBUG outSpeedKill - oppPokemon: Poliwrath
DEBUG outSpeedKill - Checking move: Substitute
DEBUG outSpeedKill - real_move: NOT NULL
DEBUG outSpeedKill - real_myPokemon: Dodrio
DEBUG outSpeedKill - real_oppPokemon: Poliwrath
DEBUG outSpeedKill - moveView: Mega Kick
DEBUG outSpeedKill - myPokemon: Golduck
DEBUG outSpeedKill - oppPokemon: Doduo
DEBUG outSpeedKill - Checking move: Mega Kick
DEBUG outSpeedKill - real_move: NOT NULL
DEBUG outSpeedKill - real_myPokemon: Golduck
DEBUG outSpeedKill - real_oppPokemon: Doduo
DEBUG outSpeedKill - moveView: Tail Whip
DEBUG outSpeedKill - myPokemon: Golduck
DEBUG outSpeedKill - oppPokemon: Doduo
DEBUG outSpeedKill - Checking move: Tail Whip
DEBUG outSpeedKill - real_move: NOT NULL
DEBUG outSpeedKill - real_myPokemon: Golduck
DEBUG outSpeedKill - real_oppPokemon: Doduo
DEBUG outSpeedKill - moveView: Body Slam
DEBUG outSpeedKill - myPokemon: Clefable
DEBUG outSpeedKill - oppPokemon: Rhyhorn
DEBUG outSpeedKill - Checking move: Body Slam
DEBUG outSpeedKill - real_move: NOT NULL
DEBUG outSpeedKill - real_myPokemon: Clefable
DEBUG outSpeedKill - real_oppPokemon: Rhyhorn
DEBUG outSpeedKill - moveView: Reflect
DEBUG outSpeedKill - myPokemon: Clefable
DEBUG outSpeedKill - oppPokemon: Rhyhorn
DEBUG outSpeedKill - Checking move: Reflect
DEBUG outSpeedKill - real_move: NOT NULL
DEBUG outSpeedKill - real_myPokemon: Clefable
DEBUG outSpeedKill - real_oppPokemon: Rhyhorn
DEBUG outSpeedKill - moveView: Take Down
DEBUG outSpeedKill - myPokemon: Beedrill
DEBUG outSpeedKill - oppPokemon: Machop
DEBUG outSpeedKill - Checking move: Take Down
DEBUG outSpeedKill - real_move: NOT NULL
DEBUG outSpeedKill - real_myPokemon: Beedrill
DEBUG outSpeedKill - real_oppPokemon: Machop
DEBUG outSpeedKill - moveView: Twineedle
DEBUG outSpeedKill - myPokemon: Beedrill
DEBUG outSpeedKill - oppPokemon: Machop
DEBUG outSpeedKill - Checking move: Twineedle
DEBUG outSpeedKill - real_move: NOT NULL
DEBUG outSpeedKill - real_myPokemon: Beedrill
DEBUG outSpeedKill - real_oppPokemon: Machop
DEBUG outSpeedKill - moveView: Toxic
DEBUG outSpeedKill - myPokemon: Beedrill
DEBUG outSpeedKill - oppPokemon: Machop
DEBUG outSpeedKill - Checking move: Toxic
DEBUG outSpeedKill - real_move: NOT NULL
DEBUG outSpeedKill - real_myPokemon: Beedrill
DEBUG outSpeedKill - real_oppPokemon: Machop
DEBUG outSpeedKill - moveView: Double-Edge
DEBUG outSpeedKill - myPokemon: Victreebel
DEBUG outSpeedKill - oppPokemon: Exeggutor
DEBUG outSpeedKill - Checking move: Double-Edge
DEBUG outSpeedKill - real_move: NOT NULL
DEBUG outSpeedKill - real_myPokemon: Victreebel
DEBUG outSpeedKill - real_oppPokemon: Exeggutor
DEBUG outSpeedKill - moveView: Toxic
DEBUG outSpeedKill - myPokemon: Psyduck
DEBUG outSpeedKill - oppPokemon: Nidoran♂
DEBUG outSpeedKill - Checking move: Toxic
DEBUG outSpeedKill - real_move: NOT NULL
DEBUG outSpeedKill - real_myPokemon: Psyduck
DEBUG outSpeedKill - real_oppPokemon: Nidoran♂
DEBUG outSpeedKill - moveView: Double Team
DEBUG outSpeedKill - myPokemon: Arcanine
DEBUG outSpeedKill - oppPokemon: Onix
DEBUG outSpeedKill - Checking move: Double Team
DEBUG outSpeedKill - real_move: NOT NULL
DEBUG outSpeedKill - real_myPokemon: Arcanine
DEBUG outSpeedKill - real_oppPokemon: Onix
DEBUG outSpeedKill - moveView: Reflect
DEBUG outSpeedKill - myPokemon: Staryu
DEBUG outSpeedKill - oppPokemon: Venusaur
DEBUG outSpeedKill - Checking move: Reflect
DEBUG outSpeedKill - real_move: NOT NULL
DEBUG outSpeedKill - real_myPokemon: Staryu
DEBUG outSpeedKill - real_oppPokemon: Venusaur
DEBUG slowKill oneshot check - oppMove: Scratch
DEBUG slowKill oneshot check - real_oppMove: NOT NULL
DEBUG slowKill oneshot check - real_myPokemon: Magnemite
DEBUG slowKill oneshot check - real_oppPokemon: Meowth
DEBUG slowKill oneshot check - oppMove: Toxic
DEBUG slowKill oneshot check - real_oppMove: NOT NULL
DEBUG slowKill oneshot check - real_myPokemon: Magnemite
DEBUG slowKill oneshot check - real_oppPokemon: Meowth
DEBUG outSpeedKill - moveView: Cut
DEBUG outSpeedKill - myPokemon: Charizard
DEBUG outSpeedKill - oppPokemon: Poliwhirl
DEBUG outSpeedKill - Checking move: Cut
DEBUG outSpeedKill - real_move: NOT NULL
DEBUG outSpeedKill - real_myPokemon: Charizard
DEBUG outSpeedKill - real_oppPokemon: Poliwhirl
DEBUG outSpeedKill - moveView: Fire Spin
DEBUG outSpeedKill - myPokemon: Charizard
DEBUG outSpeedKill - oppPokemon: Poliwhirl
DEBUG outSpeedKill - Checking move: Fire Spin
DEBUG outSpeedKill - real_move: NOT NULL
DEBUG outSpeedKill - real_myPokemon: Charizard
DEBUG outSpeedKill - real_oppPokemon: Poliwhirl
DEBUG outSpeedKill - moveView: Submission
DEBUG outSpeedKill - myPokemon: Charizard
DEBUG outSpeedKill - oppPokemon: Poliwhirl
DEBUG outSpeedKill - Checking move: Submission
DEBUG outSpeedKill - real_move: NOT NULL
DEBUG outSpeedKill - real_myPokemon: Charizard
DEBUG outSpeedKill - real_oppPokemon: Poliwhirl
DEBUG outSpeedKill - moveView: Double-Edge
DEBUG outSpeedKill - myPokemon: Charizard
DEBUG outSpeedKill - oppPokemon: Poliwhirl
DEBUG outSpeedKill - Checking move: Double-Edge
DEBUG outSpeedKill - real_move: NOT NULL
DEBUG outSpeedKill - real_myPokemon: Charizard
DEBUG outSpeedKill - real_oppPokemon: Poliwhirl
DEBUG slowKill oneshot check - oppMove: Blizzard
DEBUG slowKill oneshot check - real_oppMove: NOT NULL
DEBUG slowKill oneshot check - real_myPokemon: Tentacool
DEBUG slowKill oneshot check - real_oppPokemon: Poliwhirl
DEBUG slowKill oneshot check - oppMove: Seismic Toss
DEBUG slowKill oneshot check - real_oppMove: NOT NULL
DEBUG slowKill oneshot check - real_myPokemon: Tentacool
DEBUG slowKill oneshot check - real_oppPokemon: Poliwhirl
DEBUG slowKill oneshot check - oppMove: Thunderbolt
DEBUG slowKill oneshot check - real_oppMove: NOT NULL
DEBUG slowKill oneshot check - real_myPokemon: Pidgey
DEBUG slowKill oneshot check - real_oppPokemon: Mewtwo
DEBUG slowKill oneshot check - oppMove: Mist
DEBUG slowKill oneshot check - real_oppMove: NOT NULL
DEBUG slowKill oneshot check - real_myPokemon: Pidgey
DEBUG slowKill oneshot check - real_oppPokemon: Mewtwo
DEBUG outSpeedKill - moveView: Struggle
DEBUG outSpeedKill - myPokemon: Ditto
DEBUG outSpeedKill - oppPokemon: Bulbasaur
DEBUG outSpeedKill - Checking move: Struggle
DEBUG outSpeedKill - real_move: NOT NULL
DEBUG outSpeedKill - real_myPokemon: Ditto
DEBUG outSpeedKill - real_oppPokemon: Bulbasaur
DEBUG outSpeedKill - moveView: Bite
DEBUG outSpeedKill - myPokemon: Ekans
DEBUG outSpeedKill - oppPokemon: Bulbasaur
DEBUG outSpeedKill - Checking move: Bite
DEBUG outSpeedKill - real_move: NOT NULL
DEBUG outSpeedKill - real_myPokemon: Ekans
DEBUG outSpeedKill - real_oppPokemon: Bulbasaur
DEBUG outSpeedKill - moveView: Dig
DEBUG outSpeedKill - myPokemon: Ekans
DEBUG outSpeedKill - oppPokemon: Bulbasaur
DEBUG outSpeedKill - Checking move: Dig
DEBUG outSpeedKill - real_move: NOT NULL
DEBUG outSpeedKill - real_myPokemon: Ekans
DEBUG outSpeedKill - real_oppPokemon: Bulbasaur
DEBUG outSpeedKill - moveView: Rock Slide
DEBUG outSpeedKill - myPokemon: Ekans
DEBUG outSpeedKill - oppPokemon: Bulbasaur
DEBUG outSpeedKill - Checking move: Rock Slide
DEBUG outSpeedKill - real_move: NOT NULL
DEBUG outSpeedKill - real_myPokemon: Ekans
DEBUG outSpeedKill - real_oppPokemon: Bulbasaur
DEBUG outSpeedKill - moveView: Fissure
DEBUG outSpeedKill - myPokemon: Ekans
DEBUG outSpeedKill - oppPokemon: Bulbasaur
DEBUG outSpeedKill - Checking move: Fissure
DEBUG outSpeedKill - real_move: NOT NULL
DEBUG outSpeedKill - real_myPokemon: Ekans
DEBUG outSpeedKill - real_oppPokemon: Bulbasaur
DEBUG outSpeedKill - moveView: Skull Bash
DEBUG outSpeedKill - myPokemon: Farfetch'd
DEBUG outSpeedKill - oppPokemon: Eevee
DEBUG outSpeedKill - Checking move: Skull Bash
DEBUG outSpeedKill - real_move: NOT NULL
DEBUG outSpeedKill - real_myPokemon: Farfetch'd
DEBUG outSpeedKill - real_oppPokemon: Eevee
DEBUG outSpeedKill - moveView: Slash
DEBUG outSpeedKill - myPokemon: Farfetch'd
DEBUG outSpeedKill - oppPokemon: Eevee
DEBUG outSpeedKill - Checking move: Slash
DEBUG outSpeedKill - real_move: NOT NULL
DEBUG outSpeedKill - real_myPokemon: Farfetch'd
DEBUG outSpeedKill - real_oppPokemon: Eevee
DEBUG outSpeedKill - moveView: Toxic
DEBUG outSpeedKill - myPokemon: Farfetch'd
DEBUG outSpeedKill - oppPokemon: Eevee
DEBUG outSpeedKill - Checking move: Toxic
DEBUG outSpeedKill - real_move: NOT NULL
DEBUG outSpeedKill - real_myPokemon: Farfetch'd
DEBUG outSpeedKill - real_oppPokemon: Eevee
DEBUG outSpeedKill - moveView: Pound
DEBUG outSpeedKill - myPokemon: Jynx
DEBUG outSpeedKill - oppPokemon: Articuno
DEBUG outSpeedKill - Checking move: Pound
DEBUG outSpeedKill - real_move: NOT NULL
DEBUG outSpeedKill - real_myPokemon: Jynx
DEBUG outSpeedKill - real_oppPokemon: Articuno
DEBUG outSpeedKill - moveView: Metronome
DEBUG outSpeedKill - myPokemon: Jynx
DEBUG outSpeedKill - oppPokemon: Articuno
DEBUG outSpeedKill - Checking move: Metronome
DEBUG outSpeedKill - real_move: NOT NULL
DEBUG outSpeedKill - real_myPokemon: Jynx
DEBUG outSpeedKill - real_oppPokemon: Articuno
DEBUG outSpeedKill - moveView: Stomp
DEBUG outSpeedKill - myPokemon: Rapidash
DEBUG outSpeedKill - oppPokemon: Golduck
DEBUG outSpeedKill - Checking move: Stomp
DEBUG outSpeedKill - real_move: NOT NULL
DEBUG outSpeedKill - real_myPokemon: Rapidash
DEBUG outSpeedKill - real_oppPokemon: Golduck
DEBUG outSpeedKill - moveView: Tail Whip
DEBUG outSpeedKill - myPokemon: Rapidash
DEBUG outSpeedKill - oppPokemon: Golduck
DEBUG outSpeedKill - Checking move: Tail Whip
DEBUG outSpeedKill - real_move: NOT NULL
DEBUG outSpeedKill - real_myPokemon: Rapidash
DEBUG outSpeedKill - real_oppPokemon: Golduck
DEBUG slowKill oneshot check - oppMove: Thunder
DEBUG slowKill oneshot check - real_oppMove: NOT NULL
DEBUG slowKill oneshot check - real_myPokemon: Venomoth
DEBUG slowKill oneshot check - real_oppPokemon: Starmie
DEBUG slowKill oneshot check - oppMove: Recover
DEBUG slowKill oneshot check - real_oppMove: NOT NULL
DEBUG slowKill oneshot check - real_myPokemon: Venomoth
DEBUG slowKill oneshot check - real_oppPokemon: Starmie
DEBUG outSpeedKill - moveView: Rest
DEBUG outSpeedKill - myPokemon: Kadabra
DEBUG outSpeedKill - oppPokemon: Tentacruel
DEBUG outSpeedKill - Checking move: Rest
DEBUG outSpeedKill - real_move: NOT NULL
DEBUG outSpeedKill - real_myPokemon: Kadabra
DEBUG outSpeedKill - real_oppPokemon: Tentacruel
DEBUG outSpeedKill - moveView: Submission
DEBUG outSpeedKill - myPokemon: Pikachu
DEBUG outSpeedKill - oppPokemon: Onix
DEBUG outSpeedKill - Checking move: Submission
DEBUG outSpeedKill - real_move: NOT NULL
DEBUG outSpeedKill - real_myPokemon: Pikachu
DEBUG outSpeedKill - real_oppPokemon: Onix
DEBUG outSpeedKill - moveView: Mega Kick
DEBUG outSpeedKill - myPokemon: Pikachu
DEBUG outSpeedKill - oppPokemon: Onix
DEBUG outSpeedKill - Checking move: Mega Kick
DEBUG outSpeedKill - real_move: NOT NULL
DEBUG outSpeedKill - real_myPokemon: Pikachu
DEBUG outSpeedKill - real_oppPokemon: Onix
DEBUG outSpeedKill - moveView: Rest
DEBUG outSpeedKill - myPokemon: Pikachu
DEBUG outSpeedKill - oppPokemon: Onix
DEBUG outSpeedKill - Checking move: Rest
DEBUG outSpeedKill - real_move: NOT NULL
DEBUG outSpeedKill - real_myPokemon: Pikachu
DEBUG outSpeedKill - real_oppPokemon: Onix
DEBUG outSpeedKill - moveView: Toxic
DEBUG outSpeedKill - myPokemon: Rattata
DEBUG outSpeedKill - oppPokemon: Sandshrew
DEBUG outSpeedKill - Checking move: Toxic
DEBUG outSpeedKill - real_move: NOT NULL
DEBUG outSpeedKill - real_myPokemon: Rattata
DEBUG outSpeedKill - real_oppPokemon: Sandshrew
DEBUG slowKill oneshot check - oppMove: Cut
DEBUG slowKill oneshot check - real_oppMove: NOT NULL
DEBUG slowKill oneshot check - real_myPokemon: Slowbro
DEBUG slowKill oneshot check - real_oppPokemon: Diglett
DEBUG slowKill oneshot check - STAB: false
DEBUG slowKill oneshot check - oppMove: Fissure
DEBUG slowKill oneshot check - real_oppMove: NOT NULL
DEBUG slowKill oneshot check - real_myPokemon: Slowbro
DEBUG slowKill oneshot check - real_oppPokemon: Diglett
DEBUG slowKill oneshot check - STAB: true
DEBUG outSpeedKill - moveView: Bubble Beam
DEBUG outSpeedKill - myPokemon: Dragonite
DEBUG outSpeedKill - oppPokemon: Lickitung
DEBUG outSpeedKill - STAB: false
DEBUG outSpeedKill - Checking move: Bubble Beam
DEBUG outSpeedKill - real_move: NOT NULL
DEBUG outSpeedKill - real_myPokemon: Dragonite
DEBUG outSpeedKill - real_oppPokemon: Lickitung
DEBUG outSpeedKill - moveView: Strength
DEBUG outSpeedKill - myPokemon: Dragonite
DEBUG outSpeedKill - oppPokemon: Lickitung
DEBUG outSpeedKill - STAB: false
DEBUG outSpeedKill - Checking move: Strength
DEBUG outSpeedKill - real_move: NOT NULL
DEBUG outSpeedKill - real_myPokemon: Dragonite
DEBUG outSpeedKill - real_oppPokemon: Lickitung
DEBUG outSpeedKill - moveView: Dragon Rage
DEBUG outSpeedKill - myPokemon: Dragonite
DEBUG outSpeedKill - oppPokemon: Lickitung
DEBUG outSpeedKill - STAB: true
DEBUG outSpeedKill - Checking move: Dragon Rage
DEBUG outSpeedKill - real_move: NOT NULL
DEBUG outSpeedKill - real_myPokemon: Dragonite
DEBUG outSpeedKill - real_oppPokemon: Lickitung
DEBUG outSpeedKill - moveView: Razor Leaf
DEBUG outSpeedKill - myPokemon: Bellsprout
DEBUG outSpeedKill - oppPokemon: Lickitung
DEBUG outSpeedKill - STAB: true
DEBUG outSpeedKill - Checking move: Razor Leaf
DEBUG outSpeedKill - real_move: NOT NULL
DEBUG outSpeedKill - real_myPokemon: Bellsprout
DEBUG outSpeedKill - real_oppPokemon: Lickitung
DEBUG outSpeedKill - moveView: Take Down
DEBUG outSpeedKill - myPokemon: Bellsprout
DEBUG outSpeedKill - oppPokemon: Lickitung
DEBUG outSpeedKill - STAB: false
DEBUG outSpeedKill - Checking move: Take Down
DEBUG outSpeedKill - real_move: NOT NULL
DEBUG outSpeedKill - real_myPokemon: Bellsprout
DEBUG outSpeedKill - real_oppPokemon: Lickitung
DEBUG outSpeedKill - moveView: Solar Beam
DEBUG outSpeedKill - myPokemon: Bellsprout
DEBUG outSpeedKill - oppPokemon: Lickitung
DEBUG outSpeedKill - STAB: true
DEBUG outSpeedKill - Checking move: Solar Beam
DEBUG outSpeedKill - real_move: NOT NULL
DEBUG outSpeedKill - real_myPokemon: Bellsprout
DEBUG outSpeedKill - real_oppPokemon: Lickitung
DEBUG outSpeedKill - moveView: Bide
DEBUG outSpeedKill - myPokemon: Bellsprout
DEBUG outSpeedKill - oppPokemon: Lickitung
DEBUG outSpeedKill - STAB: false
DEBUG outSpeedKill - Checking move: Bide
DEBUG outSpeedKill - real_move: NOT NULL
DEBUG outSpeedKill - real_myPokemon: Bellsprout
DEBUG outSpeedKill - real_oppPokemon: Lickitung
DEBUG outSpeedKill - moveView: Substitute
DEBUG outSpeedKill - myPokemon: Tauros
DEBUG outSpeedKill - oppPokemon: Nidoqueen
DEBUG outSpeedKill - STAB: true
DEBUG outSpeedKill - Checking move: Substitute
DEBUG outSpeedKill - real_move: NOT NULL
DEBUG outSpeedKill - real_myPokemon: Tauros
DEBUG outSpeedKill - real_oppPokemon: Nidoqueen
DEBUG slowKill oneshot check - oppMove: Hyper Beam
DEBUG slowKill oneshot check - real_oppMove: NOT NULL
DEBUG slowKill oneshot check - real_myPokemon: Doduo
DEBUG slowKill oneshot check - real_oppPokemon: Starmie
DEBUG slowKill oneshot check - STAB: false
DEBUG slowKill - Checking move: Substitute
DEBUG slowKill - real_move: NOT NULL
DEBUG slowKill - real_myPokemon: Doduo
DEBUG slowKill - real_oppPokemon: Starmie
DEBUG slowKill - STAB: true
DEBUG outSpeedKill - moveView: Take Down
DEBUG outSpeedKill - myPokemon: Doduo
DEBUG outSpeedKill - oppPokemon: Bulbasaur
DEBUG outSpeedKill - STAB: true
DEBUG outSpeedKill - Checking move: Take Down
DEBUG outSpeedKill - real_move: NOT NULL
DEBUG outSpeedKill - real_myPokemon: Doduo
DEBUG outSpeedKill - real_oppPokemon: Bulbasaur
DEBUG outSpeedKill - moveView: Substitute
DEBUG outSpeedKill - myPokemon: Doduo
DEBUG outSpeedKill - oppPokemon: Bulbasaur
DEBUG outSpeedKill - STAB: true
DEBUG outSpeedKill - Checking move: Substitute
DEBUG outSpeedKill - real_move: NOT NULL
DEBUG outSpeedKill - real_myPokemon: Doduo
DEBUG outSpeedKill - real_oppPokemon: Bulbasaur
DEBUG outSpeedKill - moveView: Acid
DEBUG outSpeedKill - myPokemon: Bellsprout
DEBUG outSpeedKill - oppPokemon: Lickitung
DEBUG outSpeedKill - STAB: true
DEBUG outSpeedKill - Checking move: Acid
DEBUG outSpeedKill - real_move: NOT NULL
DEBUG outSpeedKill - real_myPokemon: Bellsprout
DEBUG outSpeedKill - real_oppPokemon: Lickitung
DEBUG outSpeedKill - moveView: Toxic
DEBUG outSpeedKill - myPokemon: Blastoise
DEBUG outSpeedKill - oppPokemon: Weezing
DEBUG outSpeedKill - STAB: false
DEBUG outSpeedKill - Checking move: Toxic
DEBUG outSpeedKill - real_move: NOT NULL
DEBUG outSpeedKill - real_myPokemon: Blastoise
DEBUG outSpeedKill - real_oppPokemon: Weezing
DEBUG outSpeedKill - moveView: Wrap
DEBUG outSpeedKill - myPokemon: Dragonair
DEBUG outSpeedKill - oppPokemon: Grimer
DEBUG outSpeedKill - STAB: false
DEBUG outSpeedKill - Checking move: Wrap
DEBUG outSpeedKill - real_move: NOT NULL
DEBUG outSpeedKill - real_myPokemon: Dragonair
DEBUG outSpeedKill - real_oppPokemon: Grimer
DEBUG outSpeedKill - moveView: Bubble Beam
DEBUG outSpeedKill - myPokemon: Dragonair
DEBUG outSpeedKill - oppPokemon: Grimer
DEBUG outSpeedKill - STAB: false
DEBUG outSpeedKill - Checking move: Bubble Beam
DEBUG outSpeedKill - real_move: NOT NULL
DEBUG outSpeedKill - real_myPokemon: Dragonair
DEBUG outSpeedKill - real_oppPokemon: Grimer
DEBUG outSpeedKill - moveView: Skull Bash
DEBUG outSpeedKill - myPokemon: Dragonair
DEBUG outSpeedKill - oppPokemon: Grimer
DEBUG outSpeedKill - STAB: false
DEBUG outSpeedKill - Checking move: Skull Bash
DEBUG outSpeedKill - real_move: NOT NULL
DEBUG outSpeedKill - real_myPokemon: Dragonair
DEBUG outSpeedKill - real_oppPokemon: Grimer
DEBUG outSpeedKill - moveView: Hyper Beam
DEBUG outSpeedKill - myPokemon: Dragonair
DEBUG outSpeedKill - oppPokemon: Grimer
DEBUG outSpeedKill - STAB: false
DEBUG outSpeedKill - Checking move: Hyper Beam
DEBUG outSpeedKill - real_move: NOT NULL
DEBUG outSpeedKill - real_myPokemon: Dragonair
DEBUG outSpeedKill - real_oppPokemon: Grimer
DEBUG outSpeedKill - moveView: Double Team
DEBUG outSpeedKill - myPokemon: Cloyster
DEBUG outSpeedKill - oppPokemon: Grimer
DEBUG outSpeedKill - STAB: false
DEBUG outSpeedKill - Checking move: Double Team
DEBUG outSpeedKill - real_move: NOT NULL
DEBUG outSpeedKill - real_myPokemon: Cloyster
DEBUG outSpeedKill - real_oppPokemon: Grimer
DEBUG slowKill oneshot check - oppMove: Rage
DEBUG slowKill oneshot check - real_oppMove: NOT NULL
DEBUG slowKill oneshot check - real_myPokemon: Chansey
DEBUG slowKill oneshot check - real_oppPokemon: Dodrio
DEBUG slowKill oneshot check - STAB: true
DEBUG slowKill oneshot check - oppMove: Rest
DEBUG slowKill oneshot check - real_oppMove: NOT NULL
DEBUG slowKill oneshot check - real_myPokemon: Chansey
DEBUG slowKill oneshot check - real_oppPokemon: Dodrio
DEBUG slowKill oneshot check - STAB: false
DEBUG outSpeedKill - moveView: Whirlwind
DEBUG outSpeedKill - myPokemon: Articuno
DEBUG outSpeedKill - oppPokemon: Venusaur
DEBUG outSpeedKill - STAB: false
DEBUG outSpeedKill - Checking move: Whirlwind
DEBUG outSpeedKill - real_move: NOT NULL
DEBUG outSpeedKill - real_myPokemon: Articuno
DEBUG outSpeedKill - real_oppPokemon: Venusaur
DEBUG slowKill oneshot check - oppMove: Blizzard
DEBUG slowKill oneshot check - real_oppMove: NOT NULL
DEBUG slowKill oneshot check - real_myPokemon: Magneton
DEBUG slowKill oneshot check - real_oppPokemon: Dragonair
DEBUG slowKill oneshot check - STAB: false
DEBUG slowKill oneshot check - oppMove: Rest
DEBUG slowKill oneshot check - real_oppMove: NOT NULL
DEBUG slowKill oneshot check - real_myPokemon: Magneton
DEBUG slowKill oneshot check - real_oppPokemon: Dragonair
DEBUG slowKill oneshot check - STAB: false
DEBUG outSpeedKill - moveView: Reflect
DEBUG outSpeedKill - myPokemon: Venomoth
DEBUG outSpeedKill - oppPokemon: Seel
DEBUG outSpeedKill - STAB: false
DEBUG outSpeedKill - Checking move: Reflect
DEBUG outSpeedKill - real_move: NOT NULL
DEBUG outSpeedKill - real_myPokemon: Venomoth
DEBUG outSpeedKill - real_oppPokemon: Seel
DEBUG slowKill oneshot check - oppMove: Wrap
DEBUG slowKill oneshot check - real_oppMove: NOT NULL
DEBUG slowKill oneshot check - real_myPokemon: Omastar
DEBUG slowKill oneshot check - real_oppPokemon: Victreebel
DEBUG slowKill oneshot check - STAB: false
DEBUG slowKill oneshot check - oppMove: Hyper Beam
DEBUG slowKill oneshot check - real_oppMove: NOT NULL
DEBUG slowKill oneshot check - real_myPokemon: Omastar
DEBUG slowKill oneshot check - real_oppPokemon: Victreebel
DEBUG slowKill oneshot check - STAB: false
DEBUG slowKill oneshot check - oppMove: Toxic
DEBUG slowKill oneshot check - real_oppMove: NOT NULL
DEBUG slowKill oneshot check - real_myPokemon: Omastar
DEBUG slowKill oneshot check - real_oppPokemon: Victreebel
DEBUG slowKill oneshot check - STAB: true
DEBUG outSpeedKill - moveView: Growl
DEBUG outSpeedKill - myPokemon: Persian
DEBUG outSpeedKill - oppPokemon: Graveler
DEBUG outSpeedKill - STAB: true
DEBUG outSpeedKill - Checking move: Growl
DEBUG outSpeedKill - real_move: NOT NULL
DEBUG outSpeedKill - real_myPokemon: Persian
DEBUG outSpeedKill - real_oppPokemon: Graveler
DEBUG slowKill oneshot check - oppMove: Fly
DEBUG slowKill oneshot check - real_oppMove: NOT NULL
DEBUG slowKill oneshot check - real_myPokemon: Weedle
DEBUG slowKill oneshot check - real_oppPokemon: Articuno
DEBUG slowKill oneshot check - STAB: true
DEBUG slowKill oneshot check - oppMove: Mist
DEBUG slowKill oneshot check - real_oppMove: NOT NULL
DEBUG slowKill oneshot check - real_myPokemon: Weedle
DEBUG slowKill oneshot check - real_oppPokemon: Articuno
DEBUG slowKill oneshot check - STAB: true
DEBUG outSpeedKill - moveView: Teleport
DEBUG outSpeedKill - myPokemon: Magneton
DEBUG outSpeedKill - oppPokemon: Goldeen
DEBUG outSpeedKill - STAB: false
DEBUG outSpeedKill - Checking move: Teleport
DEBUG outSpeedKill - real_move: NOT NULL
DEBUG outSpeedKill - real_myPokemon: Magneton
DEBUG outSpeedKill - real_oppPokemon: Goldeen
DEBUG outSpeedKill - moveView: Thunder
DEBUG outSpeedKill - myPokemon: Persian
DEBUG outSpeedKill - oppPokemon: Vaporeon
DEBUG outSpeedKill - STAB: false
DEBUG outSpeedKill - Checking move: Thunder
DEBUG outSpeedKill - real_move: NOT NULL
DEBUG outSpeedKill - real_myPokemon: Persian
DEBUG outSpeedKill - real_oppPokemon: Vaporeon
DEBUG outSpeedKill - moveView: Thunderbolt
DEBUG outSpeedKill - myPokemon: Persian
DEBUG outSpeedKill - oppPokemon: Vaporeon
DEBUG outSpeedKill - STAB: false
DEBUG outSpeedKill - Checking move: Thunderbolt
DEBUG outSpeedKill - real_move: NOT NULL
DEBUG outSpeedKill - real_myPokemon: Persian
DEBUG outSpeedKill - real_oppPokemon: Vaporeon
DEBUG outSpeedKill - moveView: Body Slam
DEBUG outSpeedKill - myPokemon: Persian
DEBUG outSpeedKill - oppPokemon: Vaporeon
DEBUG outSpeedKill - STAB: true
DEBUG outSpeedKill - Checking move: Body Slam
DEBUG outSpeedKill - real_move: NOT NULL
DEBUG outSpeedKill - real_myPokemon: Persian
DEBUG outSpeedKill - real_oppPokemon: Vaporeon
DEBUG outSpeedKill - moveView: Substitute
DEBUG outSpeedKill - myPokemon: Persian
DEBUG outSpeedKill - oppPokemon: Vaporeon
DEBUG outSpeedKill - STAB: true
DEBUG outSpeedKill - Checking move: Substitute
DEBUG outSpeedKill - real_move: NOT NULL
DEBUG outSpeedKill - real_myPokemon: Persian
DEBUG outSpeedKill - real_oppPokemon: Vaporeon
DEBUG outSpeedKill - moveView: Bide
DEBUG outSpeedKill - myPokemon: Zapdos
DEBUG outSpeedKill - oppPokemon: Clefairy
DEBUG outSpeedKill - STAB: false
DEBUG outSpeedKill - Checking move: Bide
DEBUG outSpeedKill - real_move: NOT NULL
DEBUG outSpeedKill - real_myPokemon: Zapdos
DEBUG outSpeedKill - real_oppPokemon: Clefairy
DEBUG outSpeedKill - moveView: Surf
DEBUG outSpeedKill - myPokemon: Raichu
DEBUG outSpeedKill - oppPokemon: Ninetales
DEBUG outSpeedKill - STAB: false
DEBUG outSpeedKill - Checking move: Surf
DEBUG outSpeedKill - real_move: NOT NULL
DEBUG outSpeedKill - real_myPokemon: Raichu
DEBUG outSpeedKill - real_oppPokemon: Ninetales
DEBUG outSpeedKill - moveView: Quick Attack
DEBUG outSpeedKill - myPokemon: Raichu
DEBUG outSpeedKill - oppPokemon: Ninetales
DEBUG outSpeedKill - STAB: false
DEBUG outSpeedKill - Checking move: Quick Attack
DEBUG outSpeedKill - real_move: NOT NULL
DEBUG outSpeedKill - real_myPokemon: Raichu
DEBUG outSpeedKill - real_oppPokemon: Ninetales
DEBUG outSpeedKill - moveView: Thunder Wave
DEBUG outSpeedKill - myPokemon: Raichu
DEBUG outSpeedKill - oppPokemon: Ninetales
DEBUG outSpeedKill - STAB: true
DEBUG outSpeedKill - Checking move: Thunder Wave
DEBUG outSpeedKill - real_move: NOT NULL
DEBUG outSpeedKill - real_myPokemon: Raichu
DEBUG outSpeedKill - real_oppPokemon: Ninetales
DEBUG outSpeedKill - moveView: Flash
DEBUG outSpeedKill - myPokemon: Electabuzz
DEBUG outSpeedKill - oppPokemon: Gastly
DEBUG outSpeedKill - STAB: false
DEBUG outSpeedKill - Checking move: Flash
DEBUG outSpeedKill - real_move: NOT NULL
DEBUG outSpeedKill - real_myPokemon: Electabuzz
DEBUG outSpeedKill - real_oppPokemon: Gastly
DEBUG outSpeedKill - moveView: Ice Beam
DEBUG outSpeedKill - myPokemon: Dewgong
DEBUG outSpeedKill - oppPokemon: Goldeen
DEBUG outSpeedKill - STAB: true
DEBUG outSpeedKill - Checking move: Ice Beam
DEBUG outSpeedKill - real_move: NOT NULL
DEBUG outSpeedKill - real_myPokemon: Dewgong
DEBUG outSpeedKill - real_oppPokemon: Goldeen
DEBUG outSpeedKill - moveView: Blizzard
DEBUG outSpeedKill - myPokemon: Dewgong
DEBUG outSpeedKill - oppPokemon: Goldeen
DEBUG outSpeedKill - STAB: true
DEBUG outSpeedKill - Checking move: Blizzard
DEBUG outSpeedKill - real_move: NOT NULL
DEBUG outSpeedKill - real_myPokemon: Dewgong
DEBUG outSpeedKill - real_oppPokemon: Goldeen
DEBUG outSpeedKill - moveView: Double Team
DEBUG outSpeedKill - myPokemon: Dewgong
DEBUG outSpeedKill - oppPokemon: Goldeen
DEBUG outSpeedKill - STAB: false
DEBUG outSpeedKill - Checking move: Double Team
DEBUG outSpeedKill - real_move: NOT NULL
DEBUG outSpeedKill - real_myPokemon: Dewgong
DEBUG outSpeedKill - real_oppPokemon: Goldeen
DEBUG outSpeedKill - moveView: Double Team
DEBUG outSpeedKill - myPokemon: Mankey
DEBUG outSpeedKill - oppPokemon: Rhyhorn
DEBUG outSpeedKill - STAB: false
DEBUG outSpeedKill - Checking move: Double Team
DEBUG outSpeedKill - real_move: NOT NULL
DEBUG outSpeedKill - real_myPokemon: Mankey
DEBUG outSpeedKill - real_oppPokemon: Rhyhorn
DEBUG slowKill oneshot check - oppMove: Strength
DEBUG slowKill oneshot check - real_oppMove: NOT NULL
DEBUG slowKill oneshot check - real_myPokemon: Pidgey
DEBUG slowKill oneshot check - real_oppPokemon: Hitmonlee
DEBUG slowKill oneshot check - STAB: false
DEBUG slowKill oneshot check - oppMove: Jump Kick
DEBUG slowKill oneshot check - real_oppMove: NOT NULL
DEBUG slowKill oneshot check - real_myPokemon: Pidgey
DEBUG slowKill oneshot check - real_oppPokemon: Hitmonlee
DEBUG slowKill oneshot check - STAB: true
DEBUG slowKill oneshot check - oppMove: Rest
DEBUG slowKill oneshot check - real_oppMove: NOT NULL
DEBUG slowKill oneshot check - real_myPokemon: Pidgey
DEBUG slowKill oneshot check - real_oppPokemon: Hitmonlee
DEBUG slowKill oneshot check - STAB: false
DEBUG outSpeedKill - moveView: Rage
DEBUG outSpeedKill - myPokemon: Vaporeon
DEBUG outSpeedKill - oppPokemon: Tangela
DEBUG outSpeedKill - STAB: false
DEBUG outSpeedKill - Checking move: Rage
DEBUG outSpeedKill - real_move: NOT NULL
DEBUG outSpeedKill - real_myPokemon: Vaporeon
DEBUG outSpeedKill - real_oppPokemon: Tangela
DEBUG outSpeedKill - moveView: Take Down
DEBUG outSpeedKill - myPokemon: Vaporeon
DEBUG outSpeedKill - oppPokemon: Tangela
DEBUG outSpeedKill - STAB: false
DEBUG outSpeedKill - Checking move: Take Down
DEBUG outSpeedKill - real_move: NOT NULL
DEBUG outSpeedKill - real_myPokemon: Vaporeon
DEBUG outSpeedKill - real_oppPokemon: Tangela
DEBUG outSpeedKill - moveView: Tackle
DEBUG outSpeedKill - myPokemon: Vaporeon
DEBUG outSpeedKill - oppPokemon: Tangela
DEBUG outSpeedKill - STAB: false
DEBUG outSpeedKill - Checking move: Tackle
DEBUG outSpeedKill - real_move: NOT NULL
DEBUG outSpeedKill - real_myPokemon: Vaporeon
DEBUG outSpeedKill - real_oppPokemon: Tangela
DEBUG outSpeedKill - moveView: Tail Whip
DEBUG outSpeedKill - myPokemon: Vaporeon
DEBUG outSpeedKill - oppPokemon: Tangela
DEBUG outSpeedKill - STAB: false
DEBUG outSpeedKill - Checking move: Tail Whip
DEBUG outSpeedKill - real_move: NOT NULL
DEBUG outSpeedKill - real_myPokemon: Vaporeon
DEBUG outSpeedKill - real_oppPokemon: Tangela
DEBUG outSpeedKill - moveView: Bide
DEBUG outSpeedKill - myPokemon: Aerodactyl
DEBUG outSpeedKill - oppPokemon: Marowak
DEBUG outSpeedKill - STAB: false
DEBUG outSpeedKill - Checking move: Bide
DEBUG outSpeedKill - real_move: NOT NULL
DEBUG outSpeedKill - real_myPokemon: Aerodactyl
DEBUG outSpeedKill - real_oppPokemon: Marowak
DEBUG outSpeedKill - moveView: Fire Blast
DEBUG outSpeedKill - myPokemon: Charizard
DEBUG outSpeedKill - oppPokemon: Magnemite
DEBUG outSpeedKill - STAB: true
DEBUG outSpeedKill - Checking move: Fire Blast
DEBUG outSpeedKill - real_move: NOT NULL
DEBUG outSpeedKill - real_myPokemon: Charizard
DEBUG outSpeedKill - real_oppPokemon: Magnemite
DEBUG outSpeedKill - moveView: Fire Spin
DEBUG outSpeedKill - myPokemon: Charizard
DEBUG outSpeedKill - oppPokemon: Magnemite
DEBUG outSpeedKill - STAB: true
DEBUG outSpeedKill - Checking move: Fire Spin
DEBUG outSpeedKill - real_move: NOT NULL
DEBUG outSpeedKill - real_myPokemon: Charizard
DEBUG outSpeedKill - real_oppPokemon: Magnemite
DEBUG outSpeedKill - moveView: Fly
DEBUG outSpeedKill - myPokemon: Charizard
DEBUG outSpeedKill - oppPokemon: Magnemite
DEBUG outSpeedKill - STAB: true
DEBUG outSpeedKill - Checking move: Fly
DEBUG outSpeedKill - real_move: NOT NULL
DEBUG outSpeedKill - real_myPokemon: Charizard
DEBUG outSpeedKill - real_oppPokemon: Magnemite
DEBUG outSpeedKill - moveView: Counter
DEBUG outSpeedKill - myPokemon: Charizard
DEBUG outSpeedKill - oppPokemon: Magnemite
DEBUG outSpeedKill - STAB: false
DEBUG outSpeedKill - Checking move: Counter
DEBUG outSpeedKill - real_move: NOT NULL
DEBUG outSpeedKill - real_myPokemon: Charizard
DEBUG outSpeedKill - real_oppPokemon: Magnemite
DEBUG slowKill oneshot check - oppMove: Double-Edge
DEBUG slowKill oneshot check - real_oppMove: NOT NULL
DEBUG slowKill oneshot check - real_myPokemon: Sandslash
DEBUG slowKill oneshot check - real_oppPokemon: Vaporeon
DEBUG slowKill oneshot check - STAB: false
DEBUG slowKill oneshot check - oppMove: Mist
DEBUG slowKill oneshot check - real_oppMove: NOT NULL
DEBUG slowKill oneshot check - real_myPokemon: Sandslash
DEBUG slowKill oneshot check - real_oppPokemon: Vaporeon
DEBUG slowKill oneshot check - STAB: false
DEBUG slowKill oneshot check - oppMove: Recover
DEBUG slowKill oneshot check - real_oppMove: NOT NULL
DEBUG slowKill oneshot check - real_myPokemon: Cubone
DEBUG slowKill oneshot check - real_oppPokemon: Alakazam
DEBUG slowKill oneshot check - STAB: false
DEBUG outSpeedKill - moveView: Rest
DEBUG outSpeedKill - myPokemon: Nidorino
DEBUG outSpeedKill - oppPokemon: Tangela
DEBUG outSpeedKill - STAB: false
DEBUG outSpeedKill - Checking move: Rest
DEBUG outSpeedKill - real_move: NOT NULL
DEBUG outSpeedKill - real_myPokemon: Nidorino
DEBUG outSpeedKill - real_oppPokemon: Tangela
DEBUG outSpeedKill - moveView: Agility
DEBUG outSpeedKill - myPokemon: Dragonite
DEBUG outSpeedKill - oppPokemon: Drowzee
DEBUG outSpeedKill - STAB: false
DEBUG outSpeedKill - Checking move: Agility
DEBUG outSpeedKill - real_move: NOT NULL
DEBUG outSpeedKill - real_myPokemon: Dragonite
DEBUG outSpeedKill - real_oppPokemon: Drowzee
DEBUG outSpeedKill - moveView: Mega Drain
DEBUG outSpeedKill - myPokemon: Venusaur
DEBUG outSpeedKill - oppPokemon: Omastar
DEBUG outSpeedKill - STAB: true
DEBUG outSpeedKill - Checking move: Mega Drain
DEBUG outSpeedKill - real_move: NOT NULL
DEBUG outSpeedKill - real_myPokemon: Venusaur
DEBUG outSpeedKill - real_oppPokemon: Omastar
DEBUG outSpeedKill - moveView: Growl
DEBUG outSpeedKill - myPokemon: Venusaur
DEBUG outSpeedKill - oppPokemon: Omastar
DEBUG outSpeedKill - STAB: false
DEBUG outSpeedKill - Checking move: Growl
DEBUG outSpeedKill - real_move: NOT NULL
DEBUG outSpeedKill - real_myPokemon: Venusaur
DEBUG outSpeedKill - real_oppPokemon: Omastar
DEBUG outSpeedKill - moveView: Tail Whip
DEBUG outSpeedKill - myPokemon: Vulpix
DEBUG outSpeedKill - oppPokemon: Weedle
DEBUG outSpeedKill - STAB: false
DEBUG outSpeedKill - Checking move: Tail Whip
DEBUG outSpeedKill - real_move: NOT NULL
DEBUG outSpeedKill - real_myPokemon: Vulpix
DEBUG outSpeedKill - real_oppPokemon: Weedle
DEBUG slowKill oneshot check - oppMove: Double Slap
DEBUG slowKill oneshot check - real_oppMove: NOT NULL
DEBUG slowKill oneshot check - real_myPokemon: Machoke
DEBUG slowKill oneshot check - real_oppPokemon: Poliwhirl
DEBUG slowKill oneshot check - STAB: false
DEBUG slowKill oneshot check - oppMove: Blizzard
DEBUG slowKill oneshot check - real_oppMove: NOT NULL
DEBUG slowKill oneshot check - real_myPokemon: Machoke
DEBUG slowKill oneshot check - real_oppPokemon: Poliwhirl
DEBUG slowKill oneshot check - STAB: false
DEBUG slowKill oneshot check - oppMove: Double-Edge
DEBUG slowKill oneshot check - real_oppMove: NOT NULL
DEBUG slowKill oneshot check - real_myPokemon: Machoke
DEBUG slowKill oneshot check - real_oppPokemon: Poliwhirl
DEBUG slowKill oneshot check - STAB: false
DEBUG slowKill oneshot check - oppMove: Water Gun
DEBUG slowKill oneshot check - real_oppMove: NOT NULL
DEBUG slowKill oneshot check - real_myPokemon: Machoke
DEBUG slowKill oneshot check - real_oppPokemon: Poliwhirl
DEBUG slowKill oneshot check - STAB: true
DEBUG slowKill - Checking move: Fissure
DEBUG slowKill - real_move: NOT NULL
DEBUG slowKill - real_myPokemon: Machoke
DEBUG slowKill - real_oppPokemon: Poliwhirl
DEBUG slowKill - STAB: false
DEBUG outSpeedKill - moveView: Skull Bash
DEBUG outSpeedKill - myPokemon: Nidoking
DEBUG outSpeedKill - oppPokemon: Rattata
DEBUG outSpeedKill - STAB: false
DEBUG outSpeedKill - Checking move: Skull Bash
DEBUG outSpeedKill - real_move: NOT NULL
DEBUG outSpeedKill - real_myPokemon: Nidoking
DEBUG outSpeedKill - real_oppPokemon: Rattata
DEBUG outSpeedKill - moveView: Bide
DEBUG outSpeedKill - myPokemon: Nidoking
DEBUG outSpeedKill - oppPokemon: Rattata
DEBUG outSpeedKill - STAB: false
DEBUG outSpeedKill - Checking move: Bide
DEBUG outSpeedKill - real_move: NOT NULL
DEBUG outSpeedKill - real_myPokemon: Nidoking
DEBUG outSpeedKill - real_oppPokemon: Rattata
DEBUG outSpeedKill - moveView: Sand Attack
DEBUG outSpeedKill - myPokemon: Diglett
DEBUG outSpeedKill - oppPokemon: Growlithe
DEBUG outSpeedKill - STAB: true
DEBUG outSpeedKill - Checking move: Sand Attack
DEBUG outSpeedKill - real_move: NOT NULL
DEBUG outSpeedKill - real_myPokemon: Diglett
DEBUG outSpeedKill - real_oppPokemon: Growlithe
DEBUG outSpeedKill - moveView: Rage
DEBUG outSpeedKill - myPokemon: Kangaskhan
DEBUG outSpeedKill - oppPokemon: Farfetch'd
DEBUG outSpeedKill - STAB: true
DEBUG outSpeedKill - Checking move: Rage
DEBUG outSpeedKill - real_move: NOT NULL
DEBUG outSpeedKill - real_myPokemon: Kangaskhan
DEBUG outSpeedKill - real_oppPokemon: Farfetch'd
DEBUG outSpeedKill - moveView: Mega Punch
DEBUG outSpeedKill - myPokemon: Kangaskhan
DEBUG outSpeedKill - oppPokemon: Farfetch'd
DEBUG outSpeedKill - STAB: true
DEBUG outSpeedKill - Checking move: Mega Punch
DEBUG outSpeedKill - real_move: NOT NULL
DEBUG outSpeedKill - real_myPokemon: Kangaskhan
DEBUG outSpeedKill - real_oppPokemon: Farfetch'd
DEBUG outSpeedKill - moveView: Hyper Beam
DEBUG outSpeedKill - myPokemon: Kangaskhan
DEBUG outSpeedKill - oppPokemon: Farfetch'd
DEBUG outSpeedKill - STAB: true
DEBUG outSpeedKill - Checking move: Hyper Beam
DEBUG outSpeedKill - real_move: NOT NULL
DEBUG outSpeedKill - real_myPokemon: Kangaskhan
DEBUG outSpeedKill - real_oppPokemon: Farfetch'd
DEBUG outSpeedKill - moveView: Bubble Beam
DEBUG outSpeedKill - myPokemon: Kangaskhan
DEBUG outSpeedKill - oppPokemon: Farfetch'd
DEBUG outSpeedKill - STAB: false
DEBUG outSpeedKill - Checking move: Bubble Beam
DEBUG outSpeedKill - real_move: NOT NULL
DEBUG outSpeedKill - real_myPokemon: Kangaskhan
DEBUG outSpeedKill - real_oppPokemon: Farfetch'd
DEBUG outSpeedKill - moveView: Toxic
DEBUG outSpeedKill - myPokemon: Cloyster
DEBUG outSpeedKill - oppPokemon: Farfetch'd
DEBUG outSpeedKill - STAB: false
DEBUG outSpeedKill - Checking move: Toxic
DEBUG outSpeedKill - real_move: NOT NULL
DEBUG outSpeedKill - real_myPokemon: Cloyster
DEBUG outSpeedKill - real_oppPokemon: Farfetch'd
DEBUG slowKill oneshot check - oppMove: Mega Punch
DEBUG slowKill oneshot check - real_oppMove: NOT NULL
DEBUG slowKill oneshot check - real_myPokemon: Gyarados
DEBUG slowKill oneshot check - real_oppPokemon: Mewtwo
DEBUG slowKill oneshot check - STAB: false
DEBUG slowKill oneshot check - oppMove: Disable
DEBUG slowKill oneshot check - real_oppMove: NOT NULL
DEBUG slowKill oneshot check - real_myPokemon: Gyarados
DEBUG slowKill oneshot check - real_oppPokemon: Mewtwo
DEBUG slowKill oneshot check - STAB: false
DEBUG outSpeedKill - moveView: Agility
DEBUG outSpeedKill - myPokemon: Beedrill
DEBUG outSpeedKill - oppPokemon: Omanyte
DEBUG outSpeedKill - STAB: false
DEBUG outSpeedKill - Checking move: Agility
DEBUG outSpeedKill - real_move: NOT NULL
DEBUG outSpeedKill - real_myPokemon: Beedrill
DEBUG outSpeedKill - real_oppPokemon: Omanyte
DEBUG outSpeedKill - moveView: Double Team
DEBUG outSpeedKill - myPokemon: Voltorb
DEBUG outSpeedKill - oppPokemon: Psyduck
DEBUG outSpeedKill - STAB: false
DEBUG outSpeedKill - Checking move: Double Team
DEBUG outSpeedKill - real_move: NOT NULL
DEBUG outSpeedKill - real_myPokemon: Voltorb
DEBUG outSpeedKill - real_oppPokemon: Psyduck
DEBUG outSpeedKill - moveView: Surf
DEBUG outSpeedKill - myPokemon: Vaporeon
DEBUG outSpeedKill - oppPokemon: Seel
DEBUG outSpeedKill - STAB: true
DEBUG outSpeedKill - Checking move: Surf
DEBUG outSpeedKill - real_move: NOT NULL
DEBUG outSpeedKill - real_myPokemon: Vaporeon
DEBUG outSpeedKill - real_oppPokemon: Seel
DEBUG outSpeedKill - moveView: Sand Attack
DEBUG outSpeedKill - myPokemon: Vaporeon
DEBUG outSpeedKill - oppPokemon: Seel
DEBUG outSpeedKill - STAB: false
DEBUG outSpeedKill - Checking move: Sand Attack
DEBUG outSpeedKill - real_move: NOT NULL
DEBUG outSpeedKill - real_myPokemon: Vaporeon
DEBUG outSpeedKill - real_oppPokemon: Seel
DEBUG outSpeedKill - moveView: Sky Attack
DEBUG outSpeedKill - myPokemon: Spearow
DEBUG outSpeedKill - oppPokemon: Rhyhorn
DEBUG outSpeedKill - STAB: true
DEBUG outSpeedKill - Checking move: Sky Attack
DEBUG outSpeedKill - real_move: NOT NULL
DEBUG outSpeedKill - real_myPokemon: Spearow
DEBUG outSpeedKill - real_oppPokemon: Rhyhorn
DEBUG outSpeedKill - moveView: Peck
DEBUG outSpeedKill - myPokemon: Spearow
DEBUG outSpeedKill - oppPokemon: Rhyhorn
DEBUG outSpeedKill - STAB: true
DEBUG outSpeedKill - Checking move: Peck
DEBUG outSpeedKill - real_move: NOT NULL
DEBUG outSpeedKill - real_myPokemon: Spearow
DEBUG outSpeedKill - real_oppPokemon: Rhyhorn
DEBUG outSpeedKill - moveView: Double-Edge
DEBUG outSpeedKill - myPokemon: Spearow
DEBUG outSpeedKill - oppPokemon: Rhyhorn
DEBUG outSpeedKill - STAB: true
DEBUG outSpeedKill - Checking move: Double-Edge
DEBUG outSpeedKill - real_move: NOT NULL
DEBUG outSpeedKill - real_myPokemon: Spearow
DEBUG outSpeedKill - real_oppPokemon: Rhyhorn
DEBUG outSpeedKill - moveView: Take Down
DEBUG outSpeedKill - myPokemon: Spearow
DEBUG outSpeedKill - oppPokemon: Rhyhorn
DEBUG outSpeedKill - STAB: true
DEBUG outSpeedKill - Checking move: Take Down
DEBUG outSpeedKill - real_move: NOT NULL
DEBUG outSpeedKill - real_myPokemon: Spearow
DEBUG outSpeedKill - real_oppPokemon: Rhyhorn
DEBUG outSpeedKill - moveView: Double Team
DEBUG outSpeedKill - myPokemon: Charmeleon
DEBUG outSpeedKill - oppPokemon: Rhyhorn
DEBUG outSpeedKill - STAB: false
DEBUG outSpeedKill - Checking move: Double Team
DEBUG outSpeedKill - real_move: NOT NULL
DEBUG outSpeedKill - real_myPokemon: Charmeleon
DEBUG outSpeedKill - real_oppPokemon: Rhyhorn
DEBUG slowKill oneshot check - oppMove: Bite
DEBUG slowKill oneshot check - real_oppMove: NOT NULL
DEBUG slowKill oneshot check - real_myPokemon: Rhyhorn
DEBUG slowKill oneshot check - real_oppPokemon: Persian
DEBUG slowKill oneshot check - STAB: true
DEBUG slowKill oneshot check - oppMove: Double-Edge
DEBUG slowKill oneshot check - real_oppMove: NOT NULL
DEBUG slowKill oneshot check - real_myPokemon: Rhyhorn
DEBUG slowKill oneshot check - real_oppPokemon: Persian
DEBUG slowKill oneshot check - STAB: true
DEBUG slowKill oneshot check - oppMove: Body Slam
DEBUG slowKill oneshot check - real_oppMove: NOT NULL
DEBUG slowKill oneshot check - real_myPokemon: Rhyhorn
DEBUG slowKill oneshot check - real_oppPokemon: Persian
DEBUG slowKill oneshot check - STAB: true
DEBUG slowKill oneshot check - oppMove: Bubble Beam
DEBUG slowKill oneshot check - real_oppMove: NOT NULL
DEBUG slowKill oneshot check - real_myPokemon: Rhyhorn
DEBUG slowKill oneshot check - real_oppPokemon: Persian
DEBUG slowKill oneshot check - STAB: false
DEBUG slowKill - Checking move: Rest
DEBUG slowKill - real_move: NOT NULL
DEBUG slowKill - real_myPokemon: Rhyhorn
DEBUG slowKill - real_oppPokemon: Persian
DEBUG slowKill - STAB: false
DEBUG outSpeedKill - moveView: Seismic Toss
DEBUG outSpeedKill - myPokemon: Mewtwo
DEBUG outSpeedKill - oppPokemon: Omastar
DEBUG outSpeedKill - STAB: false
DEBUG outSpeedKill - Checking move: Seismic Toss
DEBUG outSpeedKill - real_move: NOT NULL
DEBUG outSpeedKill - real_myPokemon: Mewtwo
DEBUG outSpeedKill - real_oppPokemon: Omastar
DEBUG outSpeedKill - moveView: Reflect
DEBUG outSpeedKill - myPokemon: Electrode
DEBUG outSpeedKill - oppPokemon: Nidorina
DEBUG outSpeedKill - STAB: false
DEBUG outSpeedKill - Checking move: Reflect
DEBUG outSpeedKill - real_move: NOT NULL
DEBUG outSpeedKill - real_myPokemon: Electrode
DEBUG outSpeedKill - real_oppPokemon: Nidorina
DEBUG outSpeedKill - moveView: Take Down
DEBUG outSpeedKill - myPokemon: Mewtwo
DEBUG outSpeedKill - oppPokemon: Magmar
DEBUG outSpeedKill - STAB: false
DEBUG outSpeedKill - Checking move: Take Down
DEBUG outSpeedKill - real_move: NOT NULL
DEBUG outSpeedKill - real_myPokemon: Mewtwo
DEBUG outSpeedKill - real_oppPokemon: Magmar
DEBUG outSpeedKill - moveView: Rage
DEBUG outSpeedKill - myPokemon: Mewtwo
DEBUG outSpeedKill - oppPokemon: Magmar
DEBUG outSpeedKill - STAB: false
DEBUG outSpeedKill - Checking move: Rage
DEBUG outSpeedKill - real_move: NOT NULL
DEBUG outSpeedKill - real_myPokemon: Mewtwo
DEBUG outSpeedKill - real_oppPokemon: Magmar
DEBUG outSpeedKill - moveView: Blizzard
DEBUG outSpeedKill - myPokemon: Mewtwo
DEBUG outSpeedKill - oppPokemon: Magmar
DEBUG outSpeedKill - STAB: false
DEBUG outSpeedKill - Checking move: Blizzard
DEBUG outSpeedKill - real_move: NOT NULL
DEBUG outSpeedKill - real_myPokemon: Mewtwo
DEBUG outSpeedKill - real_oppPokemon: Magmar
DEBUG outSpeedKill - moveView: Mega Punch
DEBUG outSpeedKill - myPokemon: Mewtwo
DEBUG outSpeedKill - oppPokemon: Magmar
DEBUG outSpeedKill - STAB: false
DEBUG outSpeedKill - Checking move: Mega Punch
DEBUG outSpeedKill - real_move: NOT NULL
DEBUG outSpeedKill - real_myPokemon: Mewtwo
DEBUG outSpeedKill - real_oppPokemon: Magmar
DEBUG slowKill oneshot check - oppMove: Hyper Beam
DEBUG slowKill oneshot check - real_oppMove: NOT NULL
DEBUG slowKill oneshot check - real_myPokemon: Vileplume
DEBUG slowKill oneshot check - real_oppPokemon: Magmar
DEBUG slowKill oneshot check - STAB: false
DEBUG slowKill - Checking move: Bide
DEBUG slowKill - real_move: NOT NULL
DEBUG slowKill - real_myPokemon: Vileplume
DEBUG slowKill - real_oppPokemon: Magmar
DEBUG slowKill - STAB: false
DEBUG outSpeedKill - moveView: Rest
DEBUG outSpeedKill - myPokemon: Electrode
DEBUG outSpeedKill - oppPokemon: Flareon
DEBUG outSpeedKill - STAB: false
DEBUG outSpeedKill - Checking move: Rest
DEBUG outSpeedKill - real_move: NOT NULL
DEBUG outSpeedKill - real_myPokemon: Electrode
DEBUG outSpeedKill - real_oppPokemon: Flareon
DEBUG slowKill oneshot check - oppMove: Substitute
DEBUG slowKill oneshot check - real_oppMove: NOT NULL
DEBUG slowKill oneshot check - real_myPokemon: Oddish
DEBUG slowKill oneshot check - real_oppPokemon: Jolteon
DEBUG slowKill oneshot check - STAB: false
DEBUG outSpeedKill - moveView: Hyper Beam
DEBUG outSpeedKill - myPokemon: Raichu
DEBUG outSpeedKill - oppPokemon: Golduck
DEBUG outSpeedKill - STAB: false
DEBUG outSpeedKill - Checking move: Hyper Beam
DEBUG outSpeedKill - real_move: NOT NULL
DEBUG outSpeedKill - real_myPokemon: Raichu
DEBUG outSpeedKill - real_oppPokemon: Golduck
DEBUG outSpeedKill - moveView: Thunderbolt
DEBUG outSpeedKill - myPokemon: Raichu
DEBUG outSpeedKill - oppPokemon: Golduck
DEBUG outSpeedKill - STAB: true
DEBUG outSpeedKill - Checking move: Thunderbolt
DEBUG outSpeedKill - real_move: NOT NULL
DEBUG outSpeedKill - real_myPokemon: Raichu
DEBUG outSpeedKill - real_oppPokemon: Golduck
DEBUG outSpeedKill - moveView: Bide
DEBUG outSpeedKill - myPokemon: Raichu
DEBUG outSpeedKill - oppPokemon: Golduck
DEBUG outSpeedKill - STAB: false
DEBUG outSpeedKill - Checking move: Bide
DEBUG outSpeedKill - real_move: NOT NULL
DEBUG outSpeedKill - real_myPokemon: Raichu
DEBUG outSpeedKill - real_oppPokemon: Golduck
DEBUG outSpeedKill - moveView: Fire Spin
DEBUG outSpeedKill - myPokemon: Charizard
DEBUG outSpeedKill - oppPokemon: Rhyhorn
DEBUG outSpeedKill - STAB: true
DEBUG outSpeedKill - Checking move: Fire Spin
DEBUG outSpeedKill - real_move: NOT NULL
DEBUG outSpeedKill - real_myPokemon: Charizard
DEBUG outSpeedKill - real_oppPokemon: Rhyhorn
DEBUG outSpeedKill - moveView: Reflect
DEBUG outSpeedKill - myPokemon: Charizard
DEBUG outSpeedKill - oppPokemon: Rhyhorn
DEBUG outSpeedKill - STAB: false
DEBUG outSpeedKill - Checking move: Reflect
DEBUG outSpeedKill - real_move: NOT NULL
DEBUG outSpeedKill - real_myPokemon: Charizard
DEBUG outSpeedKill - real_oppPokemon: Rhyhorn
DEBUG outSpeedKill - moveView: Ice Beam
DEBUG outSpeedKill - myPokemon: Wigglytuff
DEBUG outSpeedKill - oppPokemon: Slowbro
DEBUG outSpeedKill - STAB: false
DEBUG outSpeedKill - Checking move: Ice Beam
DEBUG outSpeedKill - real_move: NOT NULL
DEBUG outSpeedKill - real_myPokemon: Wigglytuff
DEBUG outSpeedKill - real_oppPokemon: Slowbro
DEBUG outSpeedKill - moveView: Sing
DEBUG outSpeedKill - myPokemon: Wigglytuff
DEBUG outSpeedKill - oppPokemon: Slowbro
DEBUG outSpeedKill - STAB: true
DEBUG outSpeedKill - Checking move: Sing
DEBUG outSpeedKill - real_move: NOT NULL
DEBUG outSpeedKill - real_myPokemon: Wigglytuff
DEBUG outSpeedKill - real_oppPokemon: Slowbro
DEBUG outSpeedKill - moveView: Teleport
DEBUG outSpeedKill - myPokemon: Alakazam
DEBUG outSpeedKill - oppPokemon: Golem
DEBUG outSpeedKill - STAB: true
DEBUG outSpeedKill - Checking move: Teleport
DEBUG outSpeedKill - real_move: NOT NULL
DEBUG outSpeedKill - real_myPokemon: Alakazam
DEBUG outSpeedKill - real_oppPokemon: Golem
DEBUG outSpeedKill - moveView: Rest
DEBUG outSpeedKill - myPokemon: Scyther
DEBUG outSpeedKill - oppPokemon: Weedle
DEBUG outSpeedKill - STAB: false
DEBUG outSpeedKill - Checking move: Rest
DEBUG outSpeedKill - real_move: NOT NULL
DEBUG outSpeedKill - real_myPokemon: Scyther
DEBUG outSpeedKill - real_oppPokemon: Weedle
DEBUG outSpeedKill - moveView: Hyper Beam
DEBUG outSpeedKill - myPokemon: Dugtrio
DEBUG outSpeedKill - oppPokemon: Dratini
DEBUG outSpeedKill - STAB: false
DEBUG outSpeedKill - Checking move: Hyper Beam
DEBUG outSpeedKill - real_move: NOT NULL
DEBUG outSpeedKill - real_myPokemon: Dugtrio
DEBUG outSpeedKill - real_oppPokemon: Dratini
DEBUG outSpeedKill - moveView: Rage
DEBUG outSpeedKill - myPokemon: Dugtrio
DEBUG outSpeedKill - oppPokemon: Dratini
DEBUG outSpeedKill - STAB: false
DEBUG outSpeedKill - Checking move: Rage
DEBUG outSpeedKill - real_move: NOT NULL
DEBUG outSpeedKill - real_myPokemon: Dugtrio
DEBUG outSpeedKill - real_oppPokemon: Dratini
DEBUG outSpeedKill - moveView: Take Down
DEBUG outSpeedKill - myPokemon: Dugtrio
DEBUG outSpeedKill - oppPokemon: Dratini
DEBUG outSpeedKill - STAB: false
DEBUG outSpeedKill - Checking move: Take Down
DEBUG outSpeedKill - real_move: NOT NULL
DEBUG outSpeedKill - real_myPokemon: Dugtrio
DEBUG outSpeedKill - real_oppPokemon: Dratini
DEBUG outSpeedKill - moveView: Fissure
DEBUG outSpeedKill - myPokemon: Dugtrio
DEBUG outSpeedKill - oppPokemon: Dratini
DEBUG outSpeedKill - STAB: true
DEBUG outSpeedKill - Checking move: Fissure
DEBUG outSpeedKill - real_move: NOT NULL
DEBUG outSpeedKill - real_myPokemon: Dugtrio
DEBUG outSpeedKill - real_oppPokemon: Dratini
DEBUG outSpeedKill - moveView: Whirlwind
DEBUG outSpeedKill - myPokemon: Articuno
DEBUG outSpeedKill - oppPokemon: Weezing
DEBUG outSpeedKill - STAB: false
DEBUG outSpeedKill - Checking move: Whirlwind
DEBUG outSpeedKill - real_move: NOT NULL
DEBUG outSpeedKill - real_myPokemon: Articuno
DEBUG outSpeedKill - real_oppPokemon: Weezing
DEBUG outSpeedKill - moveView: Skull Bash
DEBUG outSpeedKill - myPokemon: Raichu
DEBUG outSpeedKill - oppPokemon: Scyther
DEBUG outSpeedKill - STAB: false
DEBUG outSpeedKill - Checking move: Skull Bash
DEBUG outSpeedKill - real_move: NOT NULL
DEBUG outSpeedKill - real_myPokemon: Raichu
DEBUG outSpeedKill - real_oppPokemon: Scyther
DEBUG outSpeedKill - moveView: Thunderbolt
DEBUG outSpeedKill - myPokemon: Raichu
DEBUG outSpeedKill - oppPokemon: Scyther
DEBUG outSpeedKill - STAB: true
DEBUG outSpeedKill - Checking move: Thunderbolt
DEBUG outSpeedKill - real_move: NOT NULL
DEBUG outSpeedKill - real_myPokemon: Raichu
DEBUG outSpeedKill - real_oppPokemon: Scyther
DEBUG outSpeedKill - moveView: Slam
DEBUG outSpeedKill - myPokemon: Raichu
DEBUG outSpeedKill - oppPokemon: Scyther
DEBUG outSpeedKill - STAB: false
DEBUG outSpeedKill - Checking move: Slam
DEBUG outSpeedKill - real_move: NOT NULL
DEBUG outSpeedKill - real_myPokemon: Raichu
DEBUG outSpeedKill - real_oppPokemon: Scyther
DEBUG outSpeedKill - moveView: Agility
DEBUG outSpeedKill - myPokemon: Raichu
DEBUG outSpeedKill - oppPokemon: Scyther
DEBUG outSpeedKill - STAB: false
DEBUG outSpeedKill - Checking move: Agility
DEBUG outSpeedKill - real_move: NOT NULL
DEBUG outSpeedKill - real_myPokemon: Raichu
DEBUG outSpeedKill - real_oppPokemon: Scyther
DEBUG slowKill oneshot check - oppMove: Slash
DEBUG slowKill oneshot check - real_oppMove: NOT NULL
DEBUG slowKill oneshot check - real_myPokemon: Wartortle
DEBUG slowKill oneshot check - real_oppPokemon: Scyther
DEBUG slowKill oneshot check - STAB: false
DEBUG slowKill oneshot check - oppMove: Skull Bash
DEBUG slowKill oneshot check - real_oppMove: NOT NULL
DEBUG slowKill oneshot check - real_myPokemon: Wartortle
DEBUG slowKill oneshot check - real_oppPokemon: Scyther
DEBUG slowKill oneshot check - STAB: false
DEBUG slowKill oneshot check - oppMove: Cut
DEBUG slowKill oneshot check - real_oppMove: NOT NULL
DEBUG slowKill oneshot check - real_myPokemon: Wartortle
DEBUG slowKill oneshot check - real_oppPokemon: Scyther
DEBUG slowKill oneshot check - STAB: false
DEBUG slowKill oneshot check - oppMove: Take Down
DEBUG slowKill oneshot check - real_oppMove: NOT NULL
DEBUG slowKill oneshot check - real_myPokemon: Wartortle
DEBUG slowKill oneshot check - real_oppPokemon: Scyther
DEBUG slowKill oneshot check - STAB: false
DEBUG slowKill - Checking move: Bubble Beam
DEBUG slowKill - real_move: NOT NULL
DEBUG slowKill - real_myPokemon: Wartortle
DEBUG slowKill - real_oppPokemon: Scyther
DEBUG slowKill - STAB: true
DEBUG slowKill - Checking move: Toxic
DEBUG slowKill - real_move: NOT NULL
DEBUG slowKill - real_myPokemon: Wartortle
DEBUG slowKill - real_oppPokemon: Scyther
DEBUG slowKill - STAB: false
DEBUG outSpeedKill - moveView: Rest
DEBUG outSpeedKill - myPokemon: Aerodactyl
DEBUG outSpeedKill - oppPokemon: Hitmonlee
DEBUG outSpeedKill - STAB: false
DEBUG outSpeedKill - Checking move: Rest
DEBUG outSpeedKill - real_move: NOT NULL
DEBUG outSpeedKill - real_myPokemon: Aerodactyl
DEBUG outSpeedKill - real_oppPokemon: Hitmonlee
DEBUG slowKill oneshot check - oppMove: Earthquake
DEBUG slowKill oneshot check - real_oppMove: NOT NULL
DEBUG slowKill oneshot check - real_myPokemon: Lickitung
DEBUG slowKill oneshot check - real_oppPokemon: Poliwhirl
DEBUG slowKill oneshot check - STAB: false
DEBUG slowKill oneshot check - oppMove: Submission
DEBUG slowKill oneshot check - real_oppMove: NOT NULL
DEBUG slowKill oneshot check - real_myPokemon: Lickitung
DEBUG slowKill oneshot check - real_oppPokemon: Poliwhirl
DEBUG slowKill oneshot check - STAB: false
DEBUG slowKill oneshot check - oppMove: Seismic Toss
DEBUG slowKill oneshot check - real_oppMove: NOT NULL
DEBUG slowKill oneshot check - real_myPokemon: Lickitung
DEBUG slowKill oneshot check - real_oppPokemon: Poliwhirl
DEBUG slowKill oneshot check - STAB: false
DEBUG outSpeedKill - moveView: Dig
DEBUG outSpeedKill - myPokemon: Sandslash
DEBUG outSpeedKill - oppPokemon: Ekans
DEBUG outSpeedKill - STAB: true
DEBUG outSpeedKill - Checking move: Dig
DEBUG outSpeedKill - real_move: NOT NULL
DEBUG outSpeedKill - real_myPokemon: Sandslash
DEBUG outSpeedKill - real_oppPokemon: Ekans
DEBUG outSpeedKill - moveView: Rock Slide
DEBUG outSpeedKill - myPokemon: Sandslash
DEBUG outSpeedKill - oppPokemon: Ekans
DEBUG outSpeedKill - STAB: false
DEBUG outSpeedKill - Checking move: Rock Slide
DEBUG outSpeedKill - real_move: NOT NULL
DEBUG outSpeedKill - real_myPokemon: Sandslash
DEBUG outSpeedKill - real_oppPokemon: Ekans
DEBUG outSpeedKill - moveView: Earthquake
DEBUG outSpeedKill - myPokemon: Sandslash
DEBUG outSpeedKill - oppPokemon: Ekans
DEBUG outSpeedKill - STAB: true
DEBUG outSpeedKill - Checking move: Earthquake
DEBUG outSpeedKill - real_move: NOT NULL
DEBUG outSpeedKill - real_myPokemon: Sandslash
DEBUG outSpeedKill - real_oppPokemon: Ekans
DEBUG outSpeedKill - moveView: Bide
DEBUG outSpeedKill - myPokemon: Sandslash
DEBUG outSpeedKill - oppPokemon: Ekans
DEBUG outSpeedKill - STAB: false
DEBUG outSpeedKill - Checking move: Bide
DEBUG outSpeedKill - real_move: NOT NULL
DEBUG outSpeedKill - real_myPokemon: Sandslash
DEBUG outSpeedKill - real_oppPokemon: Ekans
DEBUG outSpeedKill - moveView: Flamethrower
DEBUG outSpeedKill - myPokemon: Magmar
DEBUG outSpeedKill - oppPokemon: Gastly
DEBUG outSpeedKill - STAB: true
DEBUG outSpeedKill - Checking move: Flamethrower
DEBUG outSpeedKill - real_move: NOT NULL
DEBUG outSpeedKill - real_myPokemon: Magmar
DEBUG outSpeedKill - real_oppPokemon: Gastly
DEBUG outSpeedKill - moveView: Counter
DEBUG outSpeedKill - myPokemon: Magmar
DEBUG outSpeedKill - oppPokemon: Gastly
DEBUG outSpeedKill - STAB: false
DEBUG outSpeedKill - Checking move: Counter
DEBUG outSpeedKill - real_move: NOT NULL
DEBUG outSpeedKill - real_myPokemon: Magmar
DEBUG outSpeedKill - real_oppPokemon: Gastly
DEBUG slowKill oneshot check - oppMove: Rage
DEBUG slowKill oneshot check - real_oppMove: NOT NULL
DEBUG slowKill oneshot check - real_myPokemon: Paras
DEBUG slowKill oneshot check - real_oppPokemon: Persian
DEBUG slowKill oneshot check - STAB: true
DEBUG slowKill oneshot check - oppMove: Bubble Beam
DEBUG slowKill oneshot check - real_oppMove: NOT NULL
DEBUG slowKill oneshot check - real_myPokemon: Paras
DEBUG slowKill oneshot check - real_oppPokemon: Persian
DEBUG slowKill oneshot check - STAB: false
DEBUG slowKill oneshot check - oppMove: Take Down
DEBUG slowKill oneshot check - real_oppMove: NOT NULL
DEBUG slowKill oneshot check - real_myPokemon: Paras
DEBUG slowKill oneshot check - real_oppPokemon: Persian
DEBUG slowKill oneshot check - STAB: true
DEBUG slowKill oneshot check - oppMove: Thunder
DEBUG slowKill oneshot check - real_oppMove: NOT NULL
DEBUG slowKill oneshot check - real_myPokemon: Paras
DEBUG slowKill oneshot check - real_oppPokemon: Persian
DEBUG slowKill oneshot check - STAB: false
DEBUG slowKill - Checking move: Cut
DEBUG slowKill - real_move: NOT NULL
DEBUG slowKill - real_myPokemon: Paras
DEBUG slowKill - real_oppPokemon: Persian
DEBUG slowKill - STAB: false
DEBUG slowKill - Checking move: Bide
DEBUG slowKill - real_move: NOT NULL
DEBUG slowKill - real_myPokemon: Paras
DEBUG slowKill - real_oppPokemon: Persian
DEBUG slowKill - STAB: false
DEBUG outSpeedKill - moveView: Fissure
DEBUG outSpeedKill - myPokemon: Arbok
DEBUG outSpeedKill - oppPokemon: Magnemite
DEBUG outSpeedKill - STAB: false
DEBUG outSpeedKill - Checking move: Fissure
DEBUG outSpeedKill - real_move: NOT NULL
DEBUG outSpeedKill - real_myPokemon: Arbok
DEBUG outSpeedKill - real_oppPokemon: Magnemite
DEBUG outSpeedKill - moveView: Recover
DEBUG outSpeedKill - myPokemon: Alakazam
DEBUG outSpeedKill - oppPokemon: Dodrio
DEBUG outSpeedKill - STAB: false
DEBUG outSpeedKill - Checking move: Recover
DEBUG outSpeedKill - real_move: NOT NULL
DEBUG outSpeedKill - real_myPokemon: Alakazam
DEBUG outSpeedKill - real_oppPokemon: Dodrio
DEBUG outSpeedKill - moveView: Blizzard
DEBUG outSpeedKill - myPokemon: Poliwhirl
DEBUG outSpeedKill - oppPokemon: Dragonair
DEBUG outSpeedKill - STAB: false
DEBUG outSpeedKill - Checking move: Blizzard
DEBUG outSpeedKill - real_move: NOT NULL
DEBUG outSpeedKill - real_myPokemon: Poliwhirl
DEBUG outSpeedKill - real_oppPokemon: Dragonair
DEBUG outSpeedKill - moveView: Psychic
DEBUG outSpeedKill - myPokemon: Poliwhirl
DEBUG outSpeedKill - oppPokemon: Dragonair
DEBUG outSpeedKill - STAB: false
DEBUG outSpeedKill - Checking move: Psychic
DEBUG outSpeedKill - real_move: NOT NULL
DEBUG outSpeedKill - real_myPokemon: Poliwhirl
DEBUG outSpeedKill - real_oppPokemon: Dragonair
DEBUG outSpeedKill - moveView: Body Slam
DEBUG outSpeedKill - myPokemon: Poliwhirl
DEBUG outSpeedKill - oppPokemon: Dragonair
DEBUG outSpeedKill - STAB: false
DEBUG outSpeedKill - Checking move: Body Slam
DEBUG outSpeedKill - real_move: NOT NULL
DEBUG outSpeedKill - real_myPokemon: Poliwhirl
DEBUG outSpeedKill - real_oppPokemon: Dragonair
DEBUG outSpeedKill - moveView: Hydro Pump
DEBUG outSpeedKill - myPokemon: Poliwhirl
DEBUG outSpeedKill - oppPokemon: Dragonair
DEBUG outSpeedKill - STAB: true
DEBUG outSpeedKill - Checking move: Hydro Pump
DEBUG outSpeedKill - real_move: NOT NULL
DEBUG outSpeedKill - real_myPokemon: Poliwhirl
DEBUG outSpeedKill - real_oppPokemon: Dragonair
DEBUG outSpeedKill - moveView: Ember
DEBUG outSpeedKill - myPokemon: Rapidash
DEBUG outSpeedKill - oppPokemon: Dragonair
DEBUG outSpeedKill - STAB: true
DEBUG outSpeedKill - Checking move: Ember
DEBUG outSpeedKill - real_move: NOT NULL
DEBUG outSpeedKill - real_myPokemon: Rapidash
DEBUG outSpeedKill - real_oppPokemon: Dragonair
DEBUG outSpeedKill - moveView: Double Team
DEBUG outSpeedKill - myPokemon: Rapidash
DEBUG outSpeedKill - oppPokemon: Dragonair
DEBUG outSpeedKill - STAB: false
DEBUG outSpeedKill - Checking move: Double Team
DEBUG outSpeedKill - real_move: NOT NULL
DEBUG outSpeedKill - real_myPokemon: Rapidash
DEBUG outSpeedKill - real_oppPokemon: Dragonair
DEBUG outSpeedKill - moveView: Thunder Shock
DEBUG outSpeedKill - myPokemon: Jolteon
DEBUG outSpeedKill - oppPokemon: Nidorino
DEBUG outSpeedKill - STAB: true
DEBUG outSpeedKill - Checking move: Thunder Shock
DEBUG outSpeedKill - real_move: NOT NULL
DEBUG outSpeedKill - real_myPokemon: Jolteon
DEBUG outSpeedKill - real_oppPokemon: Nidorino
DEBUG outSpeedKill - moveView: Hyper Beam
DEBUG outSpeedKill - myPokemon: Jolteon
DEBUG outSpeedKill - oppPokemon: Nidorino
DEBUG outSpeedKill - STAB: false
DEBUG outSpeedKill - Checking move: Hyper Beam
DEBUG outSpeedKill - real_move: NOT NULL
DEBUG outSpeedKill - real_myPokemon: Jolteon
DEBUG outSpeedKill - real_oppPokemon: Nidorino
DEBUG outSpeedKill - moveView: Double-Edge
DEBUG outSpeedKill - myPokemon: Jolteon
DEBUG outSpeedKill - oppPokemon: Nidorino
DEBUG outSpeedKill - STAB: false
DEBUG outSpeedKill - Checking move: Double-Edge
DEBUG outSpeedKill - real_move: NOT NULL
DEBUG outSpeedKill - real_myPokemon: Jolteon
DEBUG outSpeedKill - real_oppPokemon: Nidorino
DEBUG outSpeedKill - moveView: Quick Attack
DEBUG outSpeedKill - myPokemon: Jolteon
DEBUG outSpeedKill - oppPokemon: Nidorino
DEBUG outSpeedKill - STAB: false
DEBUG outSpeedKill - Checking move: Quick Attack
DEBUG outSpeedKill - real_move: NOT NULL
DEBUG outSpeedKill - real_myPokemon: Jolteon
DEBUG outSpeedKill - real_oppPokemon: Nidorino
DEBUG outSpeedKill - moveView: Rage
DEBUG outSpeedKill - myPokemon: Jynx
DEBUG outSpeedKill - oppPokemon: Nidorino
DEBUG outSpeedKill - STAB: false
DEBUG outSpeedKill - Checking move: Rage
DEBUG outSpeedKill - real_move: NOT NULL
DEBUG outSpeedKill - real_myPokemon: Jynx
DEBUG outSpeedKill - real_oppPokemon: Nidorino
DEBUG outSpeedKill - moveView: Mega Kick
DEBUG outSpeedKill - myPokemon: Jynx
DEBUG outSpeedKill - oppPokemon: Nidorino
DEBUG outSpeedKill - STAB: false
DEBUG outSpeedKill - Checking move: Mega Kick
DEBUG outSpeedKill - real_move: NOT NULL
DEBUG outSpeedKill - real_myPokemon: Jynx
DEBUG outSpeedKill - real_oppPokemon: Nidorino
DEBUG outSpeedKill - moveView: Seismic Toss
DEBUG outSpeedKill - myPokemon: Jynx
DEBUG outSpeedKill - oppPokemon: Nidorino
DEBUG outSpeedKill - STAB: false
DEBUG outSpeedKill - Checking move: Seismic Toss
DEBUG outSpeedKill - real_move: NOT NULL
DEBUG outSpeedKill - real_myPokemon: Jynx
DEBUG outSpeedKill - real_oppPokemon: Nidorino
DEBUG slowKill oneshot check - oppMove: Growl
DEBUG slowKill oneshot check - real_oppMove: NOT NULL
DEBUG slowKill oneshot check - real_myPokemon: Arbok
DEBUG slowKill oneshot check - real_oppPokemon: Rapidash
DEBUG slowKill oneshot check - STAB: false
DEBUG outSpeedKill - moveView: Bide
DEBUG outSpeedKill - myPokemon: Jynx
DEBUG outSpeedKill - oppPokemon: Muk
DEBUG outSpeedKill - STAB: false
DEBUG outSpeedKill - Checking move: Bide
DEBUG outSpeedKill - real_move: NOT NULL
DEBUG outSpeedKill - real_myPokemon: Jynx
DEBUG outSpeedKill - real_oppPokemon: Muk
DEBUG outSpeedKill - moveView: Thunder Wave
DEBUG outSpeedKill - myPokemon: Clefable
DEBUG outSpeedKill - oppPokemon: Gloom
DEBUG outSpeedKill - STAB: false
DEBUG outSpeedKill - Checking move: Thunder Wave
DEBUG outSpeedKill - real_move: NOT NULL
DEBUG outSpeedKill - real_myPokemon: Clefable
DEBUG outSpeedKill - real_oppPokemon: Gloom
DEBUG outSpeedKill - moveView: Fissure
DEBUG outSpeedKill - myPokemon: Poliwrath
DEBUG outSpeedKill - oppPokemon: Rhydon
DEBUG outSpeedKill - STAB: false
DEBUG outSpeedKill - Checking move: Fissure
DEBUG outSpeedKill - real_move: NOT NULL
DEBUG outSpeedKill - real_myPokemon: Poliwrath
DEBUG outSpeedKill - real_oppPokemon: Rhydon
DEBUG outSpeedKill - moveView: Toxic
DEBUG outSpeedKill - myPokemon: Articuno
DEBUG outSpeedKill - oppPokemon: Rhydon
DEBUG outSpeedKill - STAB: false
DEBUG outSpeedKill - Checking move: Toxic
DEBUG outSpeedKill - real_move: NOT NULL
DEBUG outSpeedKill - real_myPokemon: Articuno
DEBUG outSpeedKill - real_oppPokemon: Rhydon
DEBUG outSpeedKill - moveView: Light Screen
DEBUG outSpeedKill - myPokemon: Electrode
DEBUG outSpeedKill - oppPokemon: Horsea
DEBUG outSpeedKill - STAB: false
DEBUG outSpeedKill - Checking move: Light Screen
DEBUG outSpeedKill - real_move: NOT NULL
DEBUG outSpeedKill - real_myPokemon: Electrode
DEBUG outSpeedKill - real_oppPokemon: Horsea
DEBUG outSpeedKill - moveView: Swift
DEBUG outSpeedKill - myPokemon: Seadra
DEBUG outSpeedKill - oppPokemon: Dratini
DEBUG outSpeedKill - STAB: false
DEBUG outSpeedKill - Checking move: Swift
DEBUG outSpeedKill - real_move: NOT NULL
DEBUG outSpeedKill - real_myPokemon: Seadra
DEBUG outSpeedKill - real_oppPokemon: Dratini
DEBUG outSpeedKill - moveView: Surf
DEBUG outSpeedKill - myPokemon: Seadra
DEBUG outSpeedKill - oppPokemon: Dratini
DEBUG outSpeedKill - STAB: true
DEBUG outSpeedKill - Checking move: Surf
DEBUG outSpeedKill - real_move: NOT NULL
DEBUG outSpeedKill - real_myPokemon: Seadra
DEBUG outSpeedKill - real_oppPokemon: Dratini
DEBUG outSpeedKill - moveView: Ice Beam
DEBUG outSpeedKill - myPokemon: Seadra
DEBUG outSpeedKill - oppPokemon: Dratini
DEBUG outSpeedKill - STAB: false
DEBUG outSpeedKill - Checking move: Ice Beam
DEBUG outSpeedKill - real_move: NOT NULL
DEBUG outSpeedKill - real_myPokemon: Seadra
DEBUG outSpeedKill - real_oppPokemon: Dratini
DEBUG outSpeedKill - moveView: Rest
DEBUG outSpeedKill - myPokemon: Seadra
DEBUG outSpeedKill - oppPokemon: Dratini
DEBUG outSpeedKill - STAB: false
DEBUG outSpeedKill - Checking move: Rest
DEBUG outSpeedKill - real_move: NOT NULL
DEBUG outSpeedKill - real_myPokemon: Seadra
DEBUG outSpeedKill - real_oppPokemon: Dratini
DEBUG outSpeedKill - moveView: Skull Bash
DEBUG outSpeedKill - myPokemon: Ponyta
DEBUG outSpeedKill - oppPokemon: Wartortle
DEBUG outSpeedKill - STAB: false
DEBUG outSpeedKill - Checking move: Skull Bash
DEBUG outSpeedKill - real_move: NOT NULL
DEBUG outSpeedKill - real_myPokemon: Ponyta
DEBUG outSpeedKill - real_oppPokemon: Wartortle
DEBUG outSpeedKill - moveView: Tail Whip
DEBUG outSpeedKill - myPokemon: Ponyta
DEBUG outSpeedKill - oppPokemon: Wartortle
DEBUG outSpeedKill - STAB: false
DEBUG outSpeedKill - Checking move: Tail Whip
DEBUG outSpeedKill - real_move: NOT NULL
DEBUG outSpeedKill - real_myPokemon: Ponyta
DEBUG outSpeedKill - real_oppPokemon: Wartortle
DEBUG outSpeedKill - moveView: Psybeam
DEBUG outSpeedKill - myPokemon: Venomoth
DEBUG outSpeedKill - oppPokemon: Clefairy
DEBUG outSpeedKill - STAB: false
DEBUG outSpeedKill - Checking move: Psybeam
DEBUG outSpeedKill - real_move: NOT NULL
DEBUG outSpeedKill - real_myPokemon: Venomoth
DEBUG outSpeedKill - real_oppPokemon: Clefairy
DEBUG outSpeedKill - moveView: Confusion
DEBUG outSpeedKill - myPokemon: Venomoth
DEBUG outSpeedKill - oppPokemon: Clefairy
DEBUG outSpeedKill - STAB: false
DEBUG outSpeedKill - Checking move: Confusion
DEBUG outSpeedKill - real_move: NOT NULL
DEBUG outSpeedKill - real_myPokemon: Venomoth
DEBUG outSpeedKill - real_oppPokemon: Clefairy
DEBUG outSpeedKill - moveView: Reflect
DEBUG outSpeedKill - myPokemon: Venomoth
DEBUG outSpeedKill - oppPokemon: Clefairy
DEBUG outSpeedKill - STAB: false
DEBUG outSpeedKill - Checking move: Reflect
DEBUG outSpeedKill - real_move: NOT NULL
DEBUG outSpeedKill - real_myPokemon: Venomoth
DEBUG outSpeedKill - real_oppPokemon: Clefairy
DEBUG slowKill oneshot check - oppMove: Flamethrower
DEBUG slowKill oneshot check - real_oppMove: NOT NULL
DEBUG slowKill oneshot check - real_myPokemon: Pidgey
DEBUG slowKill oneshot check - real_oppPokemon: Magmar
DEBUG slowKill oneshot check - STAB: true
DEBUG slowKill oneshot check - oppMove: Rage
DEBUG slowKill oneshot check - real_oppMove: NOT NULL
DEBUG slowKill oneshot check - real_myPokemon: Pidgey
DEBUG slowKill oneshot check - real_oppPokemon: Magmar
DEBUG slowKill oneshot check - STAB: false
DEBUG slowKill oneshot check - oppMove: Hyper Beam
DEBUG slowKill oneshot check - real_oppMove: NOT NULL
DEBUG slowKill oneshot check - real_myPokemon: Pidgey
DEBUG slowKill oneshot check - real_oppPokemon: Magmar
DEBUG slowKill oneshot check - STAB: false
DEBUG slowKill oneshot check - oppMove: Take Down
DEBUG slowKill oneshot check - real_oppMove: NOT NULL
DEBUG slowKill oneshot check - real_myPokemon: Pidgey
DEBUG slowKill oneshot check - real_oppPokemon: Magmar
DEBUG slowKill oneshot check - STAB: false
DEBUG slowKill - Checking move: Double Team
DEBUG slowKill - real_move: NOT NULL
DEBUG slowKill - real_myPokemon: Pidgey
DEBUG slowKill - real_oppPokemon: Magmar
DEBUG slowKill - STAB: true
DEBUG outSpeedKill - moveView: Rock Slide
DEBUG outSpeedKill - myPokemon: Arbok
DEBUG outSpeedKill - oppPokemon: Tentacool
DEBUG outSpeedKill - STAB: false
DEBUG outSpeedKill - Checking move: Rock Slide
DEBUG outSpeedKill - real_move: NOT NULL
DEBUG outSpeedKill - real_myPokemon: Arbok
DEBUG outSpeedKill - real_oppPokemon: Tentacool
DEBUG outSpeedKill - moveView: Hyper Beam
DEBUG outSpeedKill - myPokemon: Dragonite
DEBUG outSpeedKill - oppPokemon: Kingler
DEBUG outSpeedKill - STAB: false
DEBUG outSpeedKill - Checking move: Hyper Beam
DEBUG outSpeedKill - real_move: NOT NULL
DEBUG outSpeedKill - real_myPokemon: Dragonite
DEBUG outSpeedKill - real_oppPokemon: Kingler
DEBUG outSpeedKill - moveView: Sky Attack
DEBUG outSpeedKill - myPokemon: Moltres
DEBUG outSpeedKill - oppPokemon: Blastoise
DEBUG outSpeedKill - STAB: true
DEBUG outSpeedKill - Checking move: Sky Attack
DEBUG outSpeedKill - real_move: NOT NULL
DEBUG outSpeedKill - real_myPokemon: Moltres
DEBUG outSpeedKill - real_oppPokemon: Blastoise
DEBUG outSpeedKill - moveView: Hyper Beam
DEBUG outSpeedKill - myPokemon: Moltres
DEBUG outSpeedKill - oppPokemon: Blastoise
DEBUG outSpeedKill - STAB: false
DEBUG outSpeedKill - Checking move: Hyper Beam
DEBUG outSpeedKill - real_move: NOT NULL
DEBUG outSpeedKill - real_myPokemon: Moltres
DEBUG outSpeedKill - real_oppPokemon: Blastoise
DEBUG outSpeedKill - moveView: Fly
DEBUG outSpeedKill - myPokemon: Moltres
DEBUG outSpeedKill - oppPokemon: Blastoise
DEBUG outSpeedKill - STAB: true
DEBUG outSpeedKill - Checking move: Fly
DEBUG outSpeedKill - real_move: NOT NULL
DEBUG outSpeedKill - real_myPokemon: Moltres
DEBUG outSpeedKill - real_oppPokemon: Blastoise
DEBUG outSpeedKill - moveView: Leer
DEBUG outSpeedKill - myPokemon: Moltres
DEBUG outSpeedKill - oppPokemon: Blastoise
DEBUG outSpeedKill - STAB: false
DEBUG outSpeedKill - Checking move: Leer
DEBUG outSpeedKill - real_move: NOT NULL
DEBUG outSpeedKill - real_myPokemon: Moltres
DEBUG outSpeedKill - real_oppPokemon: Blastoise
DEBUG slowKill oneshot check - oppMove: Light Screen
DEBUG slowKill oneshot check - real_oppMove: NOT NULL
DEBUG slowKill oneshot check - real_myPokemon: Snorlax
DEBUG slowKill oneshot check - real_oppPokemon: Electrode
DEBUG slowKill oneshot check - STAB: false
DEBUG outSpeedKill - moveView: Slam
DEBUG outSpeedKill - myPokemon: Pikachu
DEBUG outSpeedKill - oppPokemon: Flareon
DEBUG outSpeedKill - STAB: false
DEBUG outSpeedKill - Checking move: Slam
DEBUG outSpeedKill - real_move: NOT NULL
DEBUG outSpeedKill - real_myPokemon: Pikachu
DEBUG outSpeedKill - real_oppPokemon: Flareon
DEBUG outSpeedKill - moveView: Bide
DEBUG outSpeedKill - myPokemon: Pikachu
DEBUG outSpeedKill - oppPokemon: Flareon
DEBUG outSpeedKill - STAB: false
DEBUG outSpeedKill - Checking move: Bide
DEBUG outSpeedKill - real_move: NOT NULL
DEBUG outSpeedKill - real_myPokemon: Pikachu
DEBUG outSpeedKill - real_oppPokemon: Flareon
DEBUG outSpeedKill - moveView: Rage
DEBUG outSpeedKill - myPokemon: Butterfree
DEBUG outSpeedKill - oppPokemon: Rhyhorn
DEBUG outSpeedKill - STAB: false
DEBUG outSpeedKill - Checking move: Rage
DEBUG outSpeedKill - real_move: NOT NULL
DEBUG outSpeedKill - real_myPokemon: Butterfree
DEBUG outSpeedKill - real_oppPokemon: Rhyhorn
DEBUG outSpeedKill - moveView: Hyper Beam
DEBUG outSpeedKill - myPokemon: Butterfree
DEBUG outSpeedKill - oppPokemon: Rhyhorn
DEBUG outSpeedKill - STAB: false
DEBUG outSpeedKill - Checking move: Hyper Beam
DEBUG outSpeedKill - real_move: NOT NULL
DEBUG outSpeedKill - real_myPokemon: Butterfree
DEBUG outSpeedKill - real_oppPokemon: Rhyhorn
DEBUG outSpeedKill - moveView: Swift
DEBUG outSpeedKill - myPokemon: Butterfree
DEBUG outSpeedKill - oppPokemon: Rhyhorn
DEBUG outSpeedKill - STAB: false
DEBUG outSpeedKill - Checking move: Swift
DEBUG outSpeedKill - real_move: NOT NULL
DEBUG outSpeedKill - real_myPokemon: Butterfree
DEBUG outSpeedKill - real_oppPokemon: Rhyhorn
DEBUG outSpeedKill - moveView: Toxic
DEBUG outSpeedKill - myPokemon: Butterfree
DEBUG outSpeedKill - oppPokemon: Rhyhorn
DEBUG outSpeedKill - STAB: false
DEBUG outSpeedKill - Checking move: Toxic
DEBUG outSpeedKill - real_move: NOT NULL
DEBUG outSpeedKill - real_myPokemon: Butterfree
DEBUG outSpeedKill - real_oppPokemon: Rhyhorn
DEBUG outSpeedKill - moveView: Take Down
DEBUG outSpeedKill - myPokemon: Jolteon
DEBUG outSpeedKill - oppPokemon: Wartortle
DEBUG outSpeedKill - STAB: false
DEBUG outSpeedKill - Checking move: Take Down
DEBUG outSpeedKill - real_move: NOT NULL
DEBUG outSpeedKill - real_myPokemon: Jolteon
DEBUG outSpeedKill - real_oppPokemon: Wartortle
DEBUG outSpeedKill - moveView: Skull Bash
DEBUG outSpeedKill - myPokemon: Jolteon
DEBUG outSpeedKill - oppPokemon: Wartortle
DEBUG outSpeedKill - STAB: false
DEBUG outSpeedKill - Checking move: Skull Bash
DEBUG outSpeedKill - real_move: NOT NULL
DEBUG outSpeedKill - real_myPokemon: Jolteon
DEBUG outSpeedKill - real_oppPokemon: Wartortle
DEBUG outSpeedKill - moveView: Double Kick
DEBUG outSpeedKill - myPokemon: Jolteon
DEBUG outSpeedKill - oppPokemon: Wartortle
DEBUG outSpeedKill - STAB: false
DEBUG outSpeedKill - Checking move: Double Kick
DEBUG outSpeedKill - real_move: NOT NULL
DEBUG outSpeedKill - real_myPokemon: Jolteon
DEBUG outSpeedKill - real_oppPokemon: Wartortle
DEBUG outSpeedKill - moveView: Body Slam
DEBUG outSpeedKill - myPokemon: Jolteon
DEBUG outSpeedKill - oppPokemon: Wartortle
DEBUG outSpeedKill - STAB: false
DEBUG outSpeedKill - Checking move: Body Slam
DEBUG outSpeedKill - real_move: NOT NULL
DEBUG outSpeedKill - real_myPokemon: Jolteon
DEBUG outSpeedKill - real_oppPokemon: Wartortle
DEBUG outSpeedKill - moveView: Substitute
DEBUG outSpeedKill - myPokemon: Venomoth
DEBUG outSpeedKill - oppPokemon: Wartortle
DEBUG outSpeedKill - STAB: false
DEBUG outSpeedKill - Checking move: Substitute
DEBUG outSpeedKill - real_move: NOT NULL
DEBUG outSpeedKill - real_myPokemon: Venomoth
DEBUG outSpeedKill - real_oppPokemon: Wartortle
DEBUG outSpeedKill - moveView: Hyper Beam
DEBUG outSpeedKill - myPokemon: Tauros
DEBUG outSpeedKill - oppPokemon: Venomoth
DEBUG outSpeedKill - STAB: true
DEBUG outSpeedKill - Checking move: Hyper Beam
DEBUG outSpeedKill - real_move: NOT NULL
DEBUG outSpeedKill - real_myPokemon: Tauros
DEBUG outSpeedKill - real_oppPokemon: Venomoth
DEBUG outSpeedKill - moveView: Take Down
DEBUG outSpeedKill - myPokemon: Tauros
DEBUG outSpeedKill - oppPokemon: Venomoth
DEBUG outSpeedKill - STAB: true
DEBUG outSpeedKill - Checking move: Take Down
DEBUG outSpeedKill - real_move: NOT NULL
DEBUG outSpeedKill - real_myPokemon: Tauros
DEBUG outSpeedKill - real_oppPokemon: Venomoth
DEBUG outSpeedKill - moveView: Thunder
DEBUG outSpeedKill - myPokemon: Tauros
DEBUG outSpeedKill - oppPokemon: Venomoth
DEBUG outSpeedKill - STAB: false
DEBUG outSpeedKill - Checking move: Thunder
DEBUG outSpeedKill - real_move: NOT NULL
DEBUG outSpeedKill - real_myPokemon: Tauros
DEBUG outSpeedKill - real_oppPokemon: Venomoth
DEBUG outSpeedKill - moveView: Skull Bash
DEBUG outSpeedKill - myPokemon: Tauros
DEBUG outSpeedKill - oppPokemon: Venomoth
DEBUG outSpeedKill - STAB: true
DEBUG outSpeedKill - Checking move: Skull Bash
DEBUG outSpeedKill - real_move: NOT NULL
DEBUG outSpeedKill - real_myPokemon: Tauros
DEBUG outSpeedKill - real_oppPokemon: Venomoth
DEBUG slowKill oneshot check - oppMove: Reflect
DEBUG slowKill oneshot check - real_oppMove: NOT NULL
DEBUG slowKill oneshot check - real_myPokemon: Mankey
DEBUG slowKill oneshot check - real_oppPokemon: Venomoth
DEBUG slowKill oneshot check - STAB: false
DEBUG outSpeedKill - moveView: Rage
DEBUG outSpeedKill - myPokemon: Victreebel
DEBUG outSpeedKill - oppPokemon: Clefairy
DEBUG outSpeedKill - STAB: false
DEBUG outSpeedKill - Checking move: Rage
DEBUG outSpeedKill - real_move: NOT NULL
DEBUG outSpeedKill - real_myPokemon: Victreebel
DEBUG outSpeedKill - real_oppPokemon: Clefairy
DEBUG outSpeedKill - moveView: Substitute
DEBUG outSpeedKill - myPokemon: Victreebel
DEBUG outSpeedKill - oppPokemon: Clefairy
DEBUG outSpeedKill - STAB: false
DEBUG outSpeedKill - Checking move: Substitute
DEBUG outSpeedKill - real_move: NOT NULL
DEBUG outSpeedKill - real_myPokemon: Victreebel
DEBUG outSpeedKill - real_oppPokemon: Clefairy
DEBUG outSpeedKill - moveView: Reflect
DEBUG outSpeedKill - myPokemon: Alakazam
DEBUG outSpeedKill - oppPokemon: Ekans
DEBUG outSpeedKill - STAB: true
DEBUG outSpeedKill - Checking move: Reflect
DEBUG outSpeedKill - real_move: NOT NULL
DEBUG outSpeedKill - real_myPokemon: Alakazam
DEBUG outSpeedKill - real_oppPokemon: Ekans
DEBUG outSpeedKill - moveView: Explosion
DEBUG outSpeedKill - myPokemon: Gastly
DEBUG outSpeedKill - oppPokemon: Omastar
DEBUG outSpeedKill - STAB: false
DEBUG outSpeedKill - Checking move: Explosion
DEBUG outSpeedKill - real_move: NOT NULL
DEBUG outSpeedKill - real_myPokemon: Gastly
DEBUG outSpeedKill - real_oppPokemon: Omastar
DEBUG outSpeedKill - moveView: Rage
DEBUG outSpeedKill - myPokemon: Gastly
DEBUG outSpeedKill - oppPokemon: Omastar
DEBUG outSpeedKill - STAB: false
DEBUG outSpeedKill - Checking move: Rage
DEBUG outSpeedKill - real_move: NOT NULL
DEBUG outSpeedKill - real_myPokemon: Gastly
DEBUG outSpeedKill - real_oppPokemon: Omastar
DEBUG outSpeedKill - moveView: Lick
DEBUG outSpeedKill - myPokemon: Gastly
DEBUG outSpeedKill - oppPokemon: Omastar
DEBUG outSpeedKill - STAB: true
DEBUG outSpeedKill - Checking move: Lick
DEBUG outSpeedKill - real_move: NOT NULL
DEBUG outSpeedKill - real_myPokemon: Gastly
DEBUG outSpeedKill - real_oppPokemon: Omastar
DEBUG outSpeedKill - moveView: Substitute
DEBUG outSpeedKill - myPokemon: Gastly
DEBUG outSpeedKill - oppPokemon: Omastar
DEBUG outSpeedKill - STAB: false
DEBUG outSpeedKill - Checking move: Substitute
DEBUG outSpeedKill - real_move: NOT NULL
DEBUG outSpeedKill - real_myPokemon: Gastly
DEBUG outSpeedKill - real_oppPokemon: Omastar
DEBUG outSpeedKill - moveView: Double-Edge
DEBUG outSpeedKill - myPokemon: Rapidash
DEBUG outSpeedKill - oppPokemon: Golbat
DEBUG outSpeedKill - STAB: false
DEBUG outSpeedKill - Checking move: Double-Edge
DEBUG outSpeedKill - real_move: NOT NULL
DEBUG outSpeedKill - real_myPokemon: Rapidash
DEBUG outSpeedKill - real_oppPokemon: Golbat
DEBUG outSpeedKill - moveView: Fire Spin
DEBUG outSpeedKill - myPokemon: Rapidash
DEBUG outSpeedKill - oppPokemon: Golbat
DEBUG outSpeedKill - STAB: true
DEBUG outSpeedKill - Checking move: Fire Spin
DEBUG outSpeedKill - real_move: NOT NULL
DEBUG outSpeedKill - real_myPokemon: Rapidash
DEBUG outSpeedKill - real_oppPokemon: Golbat
DEBUG outSpeedKill - moveView: Horn Drill
DEBUG outSpeedKill - myPokemon: Rapidash
DEBUG outSpeedKill - oppPokemon: Golbat
DEBUG outSpeedKill - STAB: false
DEBUG outSpeedKill - Checking move: Horn Drill
DEBUG outSpeedKill - real_move: NOT NULL
DEBUG outSpeedKill - real_myPokemon: Rapidash
DEBUG outSpeedKill - real_oppPokemon: Golbat
DEBUG outSpeedKill - moveView: Swift
DEBUG outSpeedKill - myPokemon: Voltorb
DEBUG outSpeedKill - oppPokemon: Bulbasaur
DEBUG outSpeedKill - STAB: false
DEBUG outSpeedKill - Checking move: Swift
DEBUG outSpeedKill - real_move: NOT NULL
DEBUG outSpeedKill - real_myPokemon: Voltorb
DEBUG outSpeedKill - real_oppPokemon: Bulbasaur
DEBUG outSpeedKill - moveView: Rest
DEBUG outSpeedKill - myPokemon: Voltorb
DEBUG outSpeedKill - oppPokemon: Bulbasaur
DEBUG outSpeedKill - STAB: false
DEBUG outSpeedKill - Checking move: Rest
DEBUG outSpeedKill - real_move: NOT NULL
DEBUG outSpeedKill - real_myPokemon: Voltorb
DEBUG outSpeedKill - real_oppPokemon: Bulbasaur
DEBUG outSpeedKill - moveView: Take Down
DEBUG outSpeedKill - myPokemon: Voltorb
DEBUG outSpeedKill - oppPokemon: Kingler
DEBUG outSpeedKill - STAB: false
DEBUG outSpeedKill - Checking move: Take Down
DEBUG outSpeedKill - real_move: NOT NULL
DEBUG outSpeedKill - real_myPokemon: Voltorb
DEBUG outSpeedKill - real_oppPokemon: Kingler
DEBUG outSpeedKill - moveView: Bide
DEBUG outSpeedKill - myPokemon: Voltorb
DEBUG outSpeedKill - oppPokemon: Kingler
DEBUG outSpeedKill - STAB: false
DEBUG outSpeedKill - Checking move: Bide
DEBUG outSpeedKill - real_move: NOT NULL
DEBUG outSpeedKill - real_myPokemon: Voltorb
DEBUG outSpeedKill - real_oppPokemon: Kingler
DEBUG outSpeedKill - moveView: Bide
DEBUG outSpeedKill - myPokemon: Beedrill
DEBUG outSpeedKill - oppPokemon: Cloyster
DEBUG outSpeedKill - STAB: false
DEBUG outSpeedKill - Checking move: Bide
DEBUG outSpeedKill - real_move: NOT NULL
DEBUG outSpeedKill - real_myPokemon: Beedrill
DEBUG outSpeedKill - real_oppPokemon: Cloyster
DEBUG outSpeedKill - moveView: Leer
DEBUG outSpeedKill - myPokemon: Horsea
DEBUG outSpeedKill - oppPokemon: Squirtle
DEBUG outSpeedKill - STAB: false
DEBUG outSpeedKill - Checking move: Leer
DEBUG outSpeedKill - real_move: NOT NULL
DEBUG outSpeedKill - real_myPokemon: Horsea
DEBUG outSpeedKill - real_oppPokemon: Squirtle
DEBUG outSpeedKill - moveView: Tail Whip
DEBUG outSpeedKill - myPokemon: Tauros
DEBUG outSpeedKill - oppPokemon: Dewgong
DEBUG outSpeedKill - STAB: true
DEBUG outSpeedKill - Checking move: Tail Whip
DEBUG outSpeedKill - real_move: NOT NULL
DEBUG outSpeedKill - real_myPokemon: Tauros
DEBUG outSpeedKill - real_oppPokemon: Dewgong
DEBUG outSpeedKill - moveView: Leer
DEBUG outSpeedKill - myPokemon: Mankey
DEBUG outSpeedKill - oppPokemon: Vaporeon
DEBUG outSpeedKill - STAB: false
DEBUG outSpeedKill - Checking move: Leer
DEBUG outSpeedKill - real_move: NOT NULL
DEBUG outSpeedKill - real_myPokemon: Mankey
DEBUG outSpeedKill - real_oppPokemon: Vaporeon
DEBUG outSpeedKill - moveView: Strength
DEBUG outSpeedKill - myPokemon: Krabby
DEBUG outSpeedKill - oppPokemon: Cubone
DEBUG outSpeedKill - STAB: false
DEBUG outSpeedKill - Checking move: Strength
DEBUG outSpeedKill - real_move: NOT NULL
DEBUG outSpeedKill - real_myPokemon: Krabby
DEBUG outSpeedKill - real_oppPokemon: Cubone
DEBUG outSpeedKill - moveView: Skull Bash
DEBUG outSpeedKill - myPokemon: Krabby
DEBUG outSpeedKill - oppPokemon: Cubone
DEBUG outSpeedKill - STAB: false
DEBUG outSpeedKill - Checking move: Skull Bash
DEBUG outSpeedKill - real_move: NOT NULL
DEBUG outSpeedKill - real_myPokemon: Krabby
DEBUG outSpeedKill - real_oppPokemon: Cubone
DEBUG outSpeedKill - moveView: Stomp
DEBUG outSpeedKill - myPokemon: Krabby
DEBUG outSpeedKill - oppPokemon: Cubone
DEBUG outSpeedKill - STAB: false
DEBUG outSpeedKill - Checking move: Stomp
DEBUG outSpeedKill - real_move: NOT NULL
DEBUG outSpeedKill - real_myPokemon: Krabby
DEBUG outSpeedKill - real_oppPokemon: Cubone
DEBUG outSpeedKill - moveView: Bide
DEBUG outSpeedKill - myPokemon: Krabby
DEBUG outSpeedKill - oppPokemon: Cubone
DEBUG outSpeedKill - STAB: false
DEBUG outSpeedKill - Checking move: Bide
DEBUG outSpeedKill - real_move: NOT NULL
DEBUG outSpeedKill - real_myPokemon: Krabby
DEBUG outSpeedKill - real_oppPokemon: Cubone
CustomSensorArray line 53 - Move has null accuracy: Substitute
CustomSensorArray line 53 - Move has null accuracy: Switch
CustomSensorArray line 53 - Move has null accuracy: Double Team
CustomSensorArray line 53 - Move has null accuracy: Rest
CustomSensorArray line 53 - Move has null accuracy: Switch
CustomSensorArray line 53 - Move has null accuracy: Switch
CustomSensorArray line 53 - Move has null accuracy: Switch
CustomSensorArray line 53 - Move has null accuracy: Switch
CustomSensorArray line 53 - Move has null accuracy: Switch
CustomSensorArray line 53 - Move has null accuracy: Double Team
CustomSensorArray line 53 - Move has null accuracy: Switch
CustomSensorArray line 53 - Move has null accuracy: Switch
CustomSensorArray line 53 - Move has null accuracy: Switch
CustomSensorArray line 53 - Move has null accuracy: Switch
CustomSensorArray line 53 - Move has null accuracy: Switch
CustomSensorArray line 53 - Move has null accuracy: Reflect
CustomSensorArray line 53 - Move has null accuracy: Double Team
CustomSensorArray line 53 - Move has null accuracy: Mirror Move
CustomSensorArray line 53 - Move has null accuracy: Switch
CustomSensorArray line 53 - Move has null accuracy: Switch
CustomSensorArray line 53 - Move has null accuracy: Switch
CustomSensorArray line 53 - Move has null accuracy: Switch
CustomSensorArray line 53 - Move has null accuracy: Reflect
CustomSensorArray line 53 - Move has null accuracy: Bide
CustomSensorArray line 53 - Move has null accuracy: Switch
CustomSensorArray line 53 - Move has null accuracy: Switch
CustomSensorArray line 53 - Move has null accuracy: Switch
CustomSensorArray line 53 - Move has null accuracy: Bide
CustomSensorArray line 53 - Move has null accuracy: Metronome
CustomSensorArray line 53 - Move has null accuracy: Double Team
CustomSensorArray line 53 - Move has null accuracy: Switch
CustomSensorArray line 53 - Move has null accuracy: Metronome
CustomSensorArray line 53 - Move has null accuracy: Switch
CustomSensorArray line 53 - Move has null accuracy: Switch
CustomSensorArray line 53 - Move has null accuracy: Switch
CustomSensorArray line 53 - Move has null accuracy: Switch
CustomSensorArray line 53 - Move has null accuracy: Switch
CustomSensorArray line 53 - Move has null accuracy: Bide
CustomSensorArray line 53 - Move has null accuracy: Switch
CustomSensorArray line 53 - Move has null accuracy: Bide
CustomSensorArray line 53 - Move has null accuracy: Growth
CustomSensorArray line 53 - Move has null accuracy: Switch
CustomSensorArray line 53 - Move has null accuracy: Switch
CustomSensorArray line 53 - Move has null accuracy: Switch
CustomSensorArray line 53 - Move has null accuracy: Double Team
CustomSensorArray line 53 - Move has null accuracy: Switch
CustomSensorArray line 53 - Move has null accuracy: Switch
CustomSensorArray line 53 - Move has null accuracy: Switch
CustomSensorArray line 53 - Move has null accuracy: Switch
CustomSensorArray line 53 - Move has null accuracy: Double Team
CustomSensorArray line 53 - Move has null accuracy: Splash
CustomSensorArray line 53 - Move has null accuracy: Switch
CustomSensorArray line 53 - Move has null accuracy: Bide
CustomSensorArray line 53 - Move has null accuracy: Switch
CustomSensorArray line 53 - Move has null accuracy: Switch
CustomSensorArray line 53 - Move has null accuracy: Switch
CustomSensorArray line 53 - Move has null accuracy: Switch
CustomSensorArray line 53 - Move has null accuracy: Bide
CustomSensorArray line 53 - Move has null accuracy: Rest
CustomSensorArray line 53 - Move has null accuracy: Switch
CustomSensorArray line 53 - Move has null accuracy: Switch
CustomSensorArray line 53 - Move has null accuracy: Switch
CustomSensorArray line 53 - Move has null accuracy: Switch
CustomSensorArray line 53 - Move has null accuracy: Switch
CustomSensorArray line 53 - Move has null accuracy: Rest
CustomSensorArray line 53 - Move has null accuracy: Double Team
CustomSensorArray line 53 - Move has null accuracy: Switch
CustomSensorArray line 53 - Move has null accuracy: Double Team
CustomSensorArray line 53 - Move has null accuracy: Switch
CustomSensorArray line 53 - Move has null accuracy: Switch
CustomSensorArray line 53 - Move has null accuracy: Switch
CustomSensorArray line 53 - Move has null accuracy: Switch
CustomSensorArray line 53 - Move has null accuracy: Substitute
CustomSensorArray line 53 - Move has null accuracy: Switch
CustomSensorArray line 53 - Move has null accuracy: Switch
CustomSensorArray line 53 - Move has null accuracy: Switch
CustomSensorArray line 53 - Move has null accuracy: Switch
CustomSensorArray line 53 - Move has null accuracy: Double Team
CustomSensorArray line 53 - Move has null accuracy: Switch
CustomSensorArray line 53 - Move has null accuracy: Switch
CustomSensorArray line 53 - Move has null accuracy: Double Team
CustomSensorArray line 53 - Move has null accuracy: Mirror Move
CustomSensorArray line 53 - Move has null accuracy: Switch
CustomSensorArray line 53 - Move has null accuracy: Switch
CustomSensorArray line 53 - Move has null accuracy: Switch
CustomSensorArray line 53 - Move has null accuracy: Switch
CustomSensorArray line 53 - Move has null accuracy: Bide
CustomSensorArray line 53 - Move has null accuracy: Switch
CustomSensorArray line 53 - Move has null accuracy: Switch
CustomSensorArray line 53 - Move has null accuracy: Switch
CustomSensorArray line 53 - Move has null accuracy: Bide
CustomSensorArray line 53 - Move has null accuracy: Switch
CustomSensorArray line 53 - Move has null accuracy: Switch
CustomSensorArray line 53 - Move has null accuracy: Switch
CustomSensorArray line 53 - Move has null accuracy: Switch
CustomSensorArray line 53 - Move has null accuracy: Switch
CustomSensorArray line 53 - Move has null accuracy: Metronome
CustomSensorArray line 53 - Move has null accuracy: Switch
CustomSensorArray line 53 - Move has null accuracy: Switch
CustomSensorArray line 53 - Move has null accuracy: Rest
CustomSensorArray line 53 - Move has null accuracy: Teleport
CustomSensorArray line 53 - Move has null accuracy: Switch
CustomSensorArray line 53 - Move has null accuracy: Switch
CustomSensorArray line 53 - Move has null accuracy: Switch
CustomSensorArray line 53 - Move has null accuracy: Switch
CustomSensorArray line 53 - Move has null accuracy: Switch
CustomSensorArray line 53 - Move has null accuracy: Switch
CustomSensorArray line 53 - Move has null accuracy: Switch
CustomSensorArray line 53 - Move has null accuracy: Switch
CustomSensorArray line 53 - Move has null accuracy: Switch
CustomSensorArray line 53 - Move has null accuracy: Switch
CustomSensorArray line 53 - Move has null accuracy: Recover
CustomSensorArray line 53 - Move has null accuracy: Switch
CustomSensorArray line 53 - Move has null accuracy: Switch
CustomSensorArray line 53 - Move has null accuracy: Switch
CustomSensorArray line 53 - Move has null accuracy: Double Team
CustomSensorArray line 53 - Move has null accuracy: Switch
CustomSensorArray line 53 - Move has null accuracy: Double Team
CustomSensorArray line 53 - Move has null accuracy: Reflect
CustomSensorArray line 53 - Move has null accuracy: Teleport
CustomSensorArray line 53 - Move has null accuracy: Recover
CustomSensorArray line 53 - Move has null accuracy: Switch
CustomSensorArray line 53 - Move has null accuracy: Switch
CustomSensorArray line 53 - Move has null accuracy: Reflect
CustomSensorArray line 53 - Move has null accuracy: Bide
CustomSensorArray line 53 - Move has null accuracy: Rest
CustomSensorArray line 53 - Move has null accuracy: Switch
CustomSensorArray line 53 - Move has null accuracy: Switch
CustomSensorArray line 53 - Move has null accuracy: Switch
CustomSensorArray line 53 - Move has null accuracy: Switch
CustomSensorArray line 53 - Move has null accuracy: Switch
CustomSensorArray line 53 - Move has null accuracy: Substitute
CustomSensorArray line 53 - Move has null accuracy: Switch
CustomSensorArray line 53 - Move has null accuracy: Switch
CustomSensorArray line 53 - Move has null accuracy: Switch
CustomSensorArray line 53 - Move has null accuracy: Switch
CustomSensorArray line 53 - Move has null accuracy: Switch
CustomSensorArray line 53 - Move has null accuracy: Switch
CustomSensorArray line 53 - Move has null accuracy: Switch
CustomSensorArray line 53 - Move has null accuracy: Switch
CustomSensorArray line 53 - Move has null accuracy: Switch
CustomSensorArray line 53 - Move has null accuracy: Switch
CustomSensorArray line 53 - Move has null accuracy: Switch
CustomSensorArray line 53 - Move has null accuracy: Switch
CustomSensorArray line 53 - Move has null accuracy: Switch
CustomSensorArray line 53 - Move has null accuracy: Double Team
CustomSensorArray line 53 - Move has null accuracy: Rest
CustomSensorArray line 53 - Move has null accuracy: Switch
CustomSensorArray line 53 - Move has null accuracy: Switch
CustomSensorArray line 53 - Move has null accuracy: Switch
CustomSensorArray line 53 - Move has null accuracy: Switch
CustomSensorArray line 53 - Move has null accuracy: Switch
CustomSensorArray line 53 - Move has null accuracy: Switch
CustomSensorArray line 53 - Move has null accuracy: Switch
CustomSensorArray line 53 - Move has null accuracy: Switch
CustomSensorArray line 53 - Move has null accuracy: Switch
CustomSensorArray line 53 - Move has null accuracy: Substitute
CustomSensorArray line 53 - Move has null accuracy: Whirlwind
CustomSensorArray line 53 - Move has null accuracy: Switch
CustomSensorArray line 53 - Move has null accuracy: Switch
CustomSensorArray line 53 - Move has null accuracy: Bide
CustomSensorArray line 53 - Move has null accuracy: Focus Energy
CustomSensorArray line 53 - Move has null accuracy: Switch
CustomSensorArray line 53 - Move has null accuracy: Switch
CustomSensorArray line 53 - Move has null accuracy: Switch
CustomSensorArray line 53 - Move has null accuracy: Switch
CustomSensorArray line 53 - Move has null accuracy: Bide
CustomSensorArray line 53 - Move has null accuracy: Switch
CustomSensorArray line 53 - Move has null accuracy: Switch
CustomSensorArray line 53 - Move has null accuracy: Switch
CustomSensorArray line 53 - Move has null accuracy: Switch
CustomSensorArray line 53 - Move has null accuracy: Switch
CustomSensorArray line 53 - Move has null accuracy: Rest
CustomSensorArray line 53 - Move has null accuracy: Agility
CustomSensorArray line 53 - Move has null accuracy: Switch
CustomSensorArray line 53 - Move has null accuracy: Switch
CustomSensorArray line 53 - Move has null accuracy: Rest
CustomSensorArray line 53 - Move has null accuracy: Struggle
CustomSensorArray line 53 - Move has null accuracy: Struggle
CustomSensorArray line 53 - Move has null accuracy: Agility
CustomSensorArray line 53 - Move has null accuracy: Switch
CustomSensorArray line 53 - Move has null accuracy: Switch
CustomSensorArray line 53 - Move has null accuracy: Switch
CustomSensorArray line 53 - Move has null accuracy: Substitute
CustomSensorArray line 53 - Move has null accuracy: Switch
CustomSensorArray line 53 - Move has null accuracy: Switch
CustomSensorArray line 53 - Move has null accuracy: Substitute
CustomSensorArray line 53 - Move has null accuracy: Substitute
CustomSensorArray line 53 - Move has null accuracy: Switch
CustomSensorArray line 53 - Move has null accuracy: Switch
CustomSensorArray line 53 - Move has null accuracy: Substitute
CustomSensorArray line 53 - Move has null accuracy: Switch
CustomSensorArray line 53 - Move has null accuracy: Switch
CustomSensorArray line 53 - Move has null accuracy: Switch
CustomSensorArray line 53 - Move has null accuracy: Switch
CustomSensorArray line 53 - Move has null accuracy: Substitute
CustomSensorArray line 53 - Move has null accuracy: Switch
CustomSensorArray line 53 - Move has null accuracy: Switch
CustomSensorArray line 53 - Move has null accuracy: Substitute
CustomSensorArray line 53 - Move has null accuracy: Substitute
CustomSensorArray line 53 - Move has null accuracy: Double Team
CustomSensorArray line 53 - Move has null accuracy: Reflect
CustomSensorArray line 53 - Move has null accuracy: Teleport
CustomSensorArray line 53 - Move has null accuracy: Recover
CustomSensorArray line 53 - Move has null accuracy: Switch
CustomSensorArray line 53 - Move has null accuracy: Switch
CustomSensorArray line 53 - Move has null accuracy: Reflect
CustomSensorArray line 53 - Move has null accuracy: Harden
CustomSensorArray line 53 - Move has null accuracy: Switch
CustomSensorArray line 53 - Move has null accuracy: Switch
CustomSensorArray line 53 - Move has null accuracy: Switch
CustomSensorArray line 53 - Move has null accuracy: Switch
CustomSensorArray line 53 - Move has null accuracy: Switch
CustomSensorArray line 53 - Move has null accuracy: Switch
CustomSensorArray line 53 - Move has null accuracy: Switch
CustomSensorArray line 53 - Move has null accuracy: Reflect
CustomSensorArray line 53 - Move has null accuracy: Double Team
CustomSensorArray line 53 - Move has null accuracy: Mirror Move
CustomSensorArray line 53 - Move has null accuracy: Switch
CustomSensorArray line 53 - Move has null accuracy: Switch
CustomSensorArray line 53 - Move has null accuracy: Switch
CustomSensorArray line 53 - Move has null accuracy: Switch
CustomSensorArray line 53 - Move has null accuracy: Reflect
CustomSensorArray line 53 - Move has null accuracy: Swords Dance
CustomSensorArray line 53 - Move has null accuracy: Switch
CustomSensorArray line 53 - Move has null accuracy: Switch
CustomSensorArray line 53 - Move has null accuracy: Switch
CustomSensorArray line 53 - Move has null accuracy: Switch
CustomSensorArray line 53 - Move has null accuracy: Switch
CustomSensorArray line 53 - Move has null accuracy: Switch
CustomSensorArray line 53 - Move has null accuracy: Switch
CustomSensorArray line 53 - Move has null accuracy: Switch
CustomSensorArray line 53 - Move has null accuracy: Switch
CustomSensorArray line 53 - Move has null accuracy: Focus Energy
CustomSensorArray line 53 - Move has null accuracy: Switch
CustomSensorArray line 53 - Move has null accuracy: Switch
CustomSensorArray line 53 - Move has null accuracy: Switch
CustomSensorArray line 53 - Move has null accuracy: Switch
CustomSensorArray line 53 - Move has null accuracy: Switch
CustomSensorArray line 53 - Move has null accuracy: Switch
CustomSensorArray line 53 - Move has null accuracy: Switch
CustomSensorArray line 53 - Move has null accuracy: Switch
CustomSensorArray line 53 - Move has null accuracy: Switch
CustomSensorArray line 53 - Move has null accuracy: Switch
CustomSensorArray line 53 - Move has null accuracy: Bide
CustomSensorArray line 53 - Move has null accuracy: Substitute
CustomSensorArray line 53 - Move has null accuracy: Double Team
CustomSensorArray line 53 - Move has null accuracy: Switch
CustomSensorArray line 53 - Move has null accuracy: Switch
CustomSensorArray line 53 - Move has null accuracy: Switch
CustomSensorArray line 53 - Move has null accuracy: Bide
CustomSensorArray line 53 - Move has null accuracy: Reflect
CustomSensorArray line 53 - Move has null accuracy: Switch
CustomSensorArray line 53 - Move has null accuracy: Switch
CustomSensorArray line 53 - Move has null accuracy: Switch
CustomSensorArray line 53 - Move has null accuracy: Substitute
CustomSensorArray line 53 - Move has null accuracy: Switch
CustomSensorArray line 53 - Move has null accuracy: Switch
CustomSensorArray line 53 - Move has null accuracy: Switch
CustomSensorArray line 53 - Move has null accuracy: Switch
CustomSensorArray line 53 - Move has null accuracy: Metronome
CustomSensorArray line 53 - Move has null accuracy: Switch
CustomSensorArray line 53 - Move has null accuracy: Switch
CustomSensorArray line 53 - Move has null accuracy: Switch
CustomSensorArray line 53 - Move has null accuracy: Switch
CustomSensorArray line 53 - Move has null accuracy: Switch
CustomSensorArray line 53 - Move has null accuracy: Switch
CustomSensorArray line 53 - Move has null accuracy: Switch
CustomSensorArray line 53 - Move has null accuracy: Rest
CustomSensorArray line 53 - Move has null accuracy: Substitute
CustomSensorArray line 53 - Move has null accuracy: Switch
CustomSensorArray line 53 - Move has null accuracy: Switch
CustomSensorArray line 53 - Move has null accuracy: Switch
CustomSensorArray line 53 - Move has null accuracy: Rest
CustomSensorArray line 53 - Move has null accuracy: Switch
CustomSensorArray line 53 - Move has null accuracy: Switch
CustomSensorArray line 53 - Move has null accuracy: Switch
CustomSensorArray line 53 - Move has null accuracy: Switch
CustomSensorArray line 53 - Move has null accuracy: Switch
CustomSensorArray line 53 - Move has null accuracy: Rest
CustomSensorArray line 53 - Move has null accuracy: Switch
CustomSensorArray line 53 - Move has null accuracy: Switch
CustomSensorArray line 53 - Move has null accuracy: Switch
CustomSensorArray line 53 - Move has null accuracy: Switch
CustomSensorArray line 53 - Move has null accuracy: Rest
CustomSensorArray line 53 - Move has null accuracy: Metronome
CustomSensorArray line 53 - Move has null accuracy: Switch
CustomSensorArray line 53 - Move has null accuracy: Switch
CustomSensorArray line 53 - Move has null accuracy: Double Team
CustomSensorArray line 53 - Move has null accuracy: Mirror Move
CustomSensorArray line 53 - Move has null accuracy: Substitute
CustomSensorArray line 53 - Move has null accuracy: Whirlwind
CustomSensorArray line 53 - Move has null accuracy: Double Team
CustomSensorArray line 53 - Move has null accuracy: Switch
CustomSensorArray line 53 - Move has null accuracy: Switch
CustomSensorArray line 53 - Move has null accuracy: Switch
CustomSensorArray line 53 - Move has null accuracy: Switch
CustomSensorArray line 53 - Move has null accuracy: Substitute
CustomSensorArray line 53 - Move has null accuracy: Switch
CustomSensorArray line 53 - Move has null accuracy: Substitute
CustomSensorArray line 53 - Move has null accuracy: Substitute
CustomSensorArray line 53 - Move has null accuracy: Switch
CustomSensorArray line 53 - Move has null accuracy: Switch
CustomSensorArray line 53 - Move has null accuracy: Switch
CustomSensorArray line 53 - Move has null accuracy: Switch
CustomSensorArray line 53 - Move has null accuracy: Switch
CustomSensorArray line 53 - Move has null accuracy: Switch
CustomSensorArray line 53 - Move has null accuracy: Switch
CustomSensorArray line 53 - Move has null accuracy: Switch
CustomSensorArray line 53 - Move has null accuracy: Switch
CustomSensorArray line 53 - Move has null accuracy: Switch
CustomSensorArray line 53 - Move has null accuracy: Switch
CustomSensorArray line 53 - Move has null accuracy: Switch
CustomSensorArray line 53 - Move has null accuracy: Switch
CustomSensorArray line 53 - Move has null accuracy: Switch
CustomSensorArray line 53 - Move has null accuracy: Bide
CustomSensorArray line 53 - Move has null accuracy: Double Team
CustomSensorArray line 53 - Move has null accuracy: Switch
CustomSensorArray line 53 - Move has null accuracy: Switch
CustomSensorArray line 53 - Move has null accuracy: Switch
CustomSensorArray line 53 - Move has null accuracy: Bide
CustomSensorArray line 53 - Move has null accuracy: Double Team
CustomSensorArray line 53 - Move has null accuracy: Switch
CustomSensorArray line 53 - Move has null accuracy: Switch
CustomSensorArray line 53 - Move has null accuracy: Switch
CustomSensorArray line 53 - Move has null accuracy: Switch
CustomSensorArray line 53 - Move has null accuracy: Switch
CustomSensorArray line 53 - Move has null accuracy: Substitute
CustomSensorArray line 53 - Move has null accuracy: Focus Energy
CustomSensorArray line 53 - Move has null accuracy: Switch
CustomSensorArray line 53 - Move has null accuracy: Switch
CustomSensorArray line 53 - Move has null accuracy: Switch
CustomSensorArray line 53 - Move has null accuracy: Switch
CustomSensorArray line 53 - Move has null accuracy: Switch
CustomSensorArray line 53 - Move has null accuracy: Haze
CustomSensorArray line 53 - Move has null accuracy: Switch
CustomSensorArray line 53 - Move has null accuracy: Switch
CustomSensorArray line 53 - Move has null accuracy: Switch
CustomSensorArray line 53 - Move has null accuracy: Switch
CustomSensorArray line 53 - Move has null accuracy: Struggle
CustomSensorArray line 53 - Move has null accuracy: Switch
CustomSensorArray line 53 - Move has null accuracy: Switch
CustomSensorArray line 53 - Move has null accuracy: Switch
CustomSensorArray line 53 - Move has null accuracy: Switch
CustomSensorArray line 53 - Move has null accuracy: Switch
CustomSensorArray line 53 - Move has null accuracy: Struggle
CustomSensorArray line 53 - Move has null accuracy: Switch
CustomSensorArray line 53 - Move has null accuracy: Switch
CustomSensorArray line 53 - Move has null accuracy: Switch
CustomSensorArray line 53 - Move has null accuracy: Switch
CustomSensorArray line 53 - Move has null accuracy: Switch
CustomSensorArray line 53 - Move has null accuracy: Switch
CustomSensorArray line 53 - Move has null accuracy: Switch
CustomSensorArray line 53 - Move has null accuracy: Switch
CustomSensorArray line 53 - Move has null accuracy: Switch
CustomSensorArray line 53 - Move has null accuracy: Switch
CustomSensorArray line 53 - Move has null accuracy: Switch
CustomSensorArray line 53 - Move has null accuracy: Switch
CustomSensorArray line 53 - Move has null accuracy: Switch
CustomSensorArray line 53 - Move has null accuracy: Switch
CustomSensorArray line 53 - Move has null accuracy: Switch
CustomSensorArray line 53 - Move has null accuracy: Switch
CustomSensorArray line 53 - Move has null accuracy: Switch
CustomSensorArray line 53 - Move has null accuracy: Switch
CustomSensorArray line 53 - Move has null accuracy: Switch
CustomSensorArray line 53 - Move has null accuracy: Switch
CustomSensorArray line 53 - Move has null accuracy: Switch
CustomSensorArray line 53 - Move has null accuracy: Bide
CustomSensorArray line 53 - Move has null accuracy: Switch
CustomSensorArray line 53 - Move has null accuracy: Bide
CustomSensorArray line 53 - Move has null accuracy: Reflect
CustomSensorArray line 53 - Move has null accuracy: Double Team
CustomSensorArray line 53 - Move has null accuracy: Mirror Move
CustomSensorArray line 53 - Move has null accuracy: Switch
CustomSensorArray line 53 - Move has null accuracy: Switch
CustomSensorArray line 53 - Move has null accuracy: Switch
CustomSensorArray line 53 - Move has null accuracy: Switch
CustomSensorArray line 53 - Move has null accuracy: Reflect
CustomSensorArray line 53 - Move has null accuracy: Withdraw
CustomSensorArray line 53 - Move has null accuracy: Switch
CustomSensorArray line 53 - Move has null accuracy: Switch
CustomSensorArray line 53 - Move has null accuracy: Switch
CustomSensorArray line 53 - Move has null accuracy: Switch
CustomSensorArray line 53 - Move has null accuracy: Harden
CustomSensorArray line 53 - Move has null accuracy: Switch
CustomSensorArray line 53 - Move has null accuracy: Switch
CustomSensorArray line 53 - Move has null accuracy: Switch
CustomSensorArray line 53 - Move has null accuracy: Harden
CustomSensorArray line 53 - Move has null accuracy: Switch
CustomSensorArray line 53 - Move has null accuracy: Switch
CustomSensorArray line 53 - Move has null accuracy: Switch
CustomSensorArray line 53 - Move has null accuracy: Switch
CustomSensorArray line 53 - Move has null accuracy: Switch
CustomSensorArray line 53 - Move has null accuracy: Switch
CustomSensorArray line 53 - Move has null accuracy: Switch
CustomSensorArray line 53 - Move has null accuracy: Switch
CustomSensorArray line 53 - Move has null accuracy: Switch
CustomSensorArray line 53 - Move has null accuracy: Switch
CustomSensorArray line 53 - Move has null accuracy: Switch
CustomSensorArray line 53 - Move has null accuracy: Double Team
CustomSensorArray line 53 - Move has null accuracy: Switch
CustomSensorArray line 53 - Move has null accuracy: Switch
CustomSensorArray line 53 - Move has null accuracy: Switch
CustomSensorArray line 53 - Move has null accuracy: Switch
CustomSensorArray line 53 - Move has null accuracy: Bide
CustomSensorArray line 53 - Move has null accuracy: Switch
CustomSensorArray line 53 - Move has null accuracy: Switch
CustomSensorArray line 53 - Move has null accuracy: Switch
CustomSensorArray line 53 - Move has null accuracy: Switch
CustomSensorArray line 53 - Move has null accuracy: Bide
CustomSensorArray line 53 - Move has null accuracy: Switch
CustomSensorArray line 53 - Move has null accuracy: Switch
CustomSensorArray line 53 - Move has null accuracy: Switch
CustomSensorArray line 53 - Move has null accuracy: Switch
CustomSensorArray line 53 - Move has null accuracy: Switch
CustomSensorArray line 53 - Move has null accuracy: Substitute
CustomSensorArray line 53 - Move has null accuracy: Switch
CustomSensorArray line 53 - Move has null accuracy: Switch
CustomSensorArray line 53 - Move has null accuracy: Switch
CustomSensorArray line 53 - Move has null accuracy: Switch
CustomSensorArray line 53 - Move has null accuracy: Double Team
CustomSensorArray line 53 - Move has null accuracy: Substitute
CustomSensorArray line 53 - Move has null accuracy: Switch
CustomSensorArray line 53 - Move has null accuracy: Switch
CustomSensorArray line 53 - Move has null accuracy: Switch
CustomSensorArray line 53 - Move has null accuracy: Switch
CustomSensorArray line 53 - Move has null accuracy: Reflect
CustomSensorArray line 53 - Move has null accuracy: Switch
CustomSensorArray line 53 - Move has null accuracy: Switch
CustomSensorArray line 53 - Move has null accuracy: Switch
CustomSensorArray line 53 - Move has null accuracy: Rest
CustomSensorArray line 53 - Move has null accuracy: Switch
CustomSensorArray line 53 - Move has null accuracy: Switch
CustomSensorArray line 53 - Move has null accuracy: Switch
CustomSensorArray line 53 - Move has null accuracy: Switch
CustomSensorArray line 53 - Move has null accuracy: Switch
CustomSensorArray line 53 - Move has null accuracy: Rest
CustomSensorArray line 53 - Move has null accuracy: Bide
CustomSensorArray line 53 - Move has null accuracy: Switch
CustomSensorArray line 53 - Move has null accuracy: Bide
CustomSensorArray line 53 - Move has null accuracy: Barrier
CustomSensorArray line 53 - Move has null accuracy: Substitute
CustomSensorArray line 53 - Move has null accuracy: Switch
CustomSensorArray line 53 - Move has null accuracy: Switch
CustomSensorArray line 53 - Move has null accuracy: Switch
CustomSensorArray line 53 - Move has null accuracy: Switch
CustomSensorArray line 53 - Move has null accuracy: Switch
CustomSensorArray line 53 - Move has null accuracy: Substitute
CustomSensorArray line 53 - Move has null accuracy: Switch
CustomSensorArray line 53 - Move has null accuracy: Switch
CustomSensorArray line 53 - Move has null accuracy: Switch
CustomSensorArray line 53 - Move has null accuracy: Switch
CustomSensorArray line 53 - Move has null accuracy: Double Team
CustomSensorArray line 53 - Move has null accuracy: Switch
CustomSensorArray line 53 - Move has null accuracy: Switch
CustomSensorArray line 53 - Move has null accuracy: Switch
CustomSensorArray line 53 - Move has null accuracy: Switch
CustomSensorArray line 53 - Move has null accuracy: Double Team
CustomSensorArray line 53 - Move has null accuracy: Switch
CustomSensorArray line 53 - Move has null accuracy: Substitute
CustomSensorArray line 53 - Move has null accuracy: Switch
CustomSensorArray line 53 - Move has null accuracy: Switch
CustomSensorArray line 53 - Move has null accuracy: Switch
CustomSensorArray line 53 - Move has null accuracy: Switch
CustomSensorArray line 53 - Move has null accuracy: Switch
CustomSensorArray line 53 - Move has null accuracy: Switch
CustomSensorArray line 53 - Move has null accuracy: Switch
CustomSensorArray line 53 - Move has null accuracy: Switch
CustomSensorArray line 53 - Move has null accuracy: Switch
CustomSensorArray line 53 - Move has null accuracy: Switch
CustomSensorArray line 53 - Move has null accuracy: Metronome
CustomSensorArray line 53 - Move has null accuracy: Switch
CustomSensorArray line 53 - Move has null accuracy: Switch
CustomSensorArray line 53 - Move has null accuracy: Switch
CustomSensorArray line 53 - Move has null accuracy: Switch
CustomSensorArray line 53 - Move has null accuracy: Switch
CustomSensorArray line 53 - Move has null accuracy: Bide
CustomSensorArray line 53 - Move has null accuracy: Switch
CustomSensorArray line 53 - Move has null accuracy: Switch
CustomSensorArray line 53 - Move has null accuracy: Switch
CustomSensorArray line 53 - Move has null accuracy: Switch
CustomSensorArray line 53 - Move has null accuracy: Switch
CustomSensorArray line 53 - Move has null accuracy: Switch
CustomSensorArray line 53 - Move has null accuracy: Switch
CustomSensorArray line 53 - Move has null accuracy: Switch
CustomSensorArray line 53 - Move has null accuracy: Switch
CustomSensorArray line 53 - Move has null accuracy: Harden
CustomSensorArray line 53 - Move has null accuracy: Switch
CustomSensorArray line 53 - Move has null accuracy: Harden
CustomSensorArray line 53 - Move has null accuracy: Rest
CustomSensorArray line 53 - Move has null accuracy: Switch
CustomSensorArray line 53 - Move has null accuracy: Switch
CustomSensorArray line 53 - Move has null accuracy: Switch
CustomSensorArray line 53 - Move has null accuracy: Switch
CustomSensorArray line 53 - Move has null accuracy: Switch
CustomSensorArray line 53 - Move has null accuracy: Meditate
CustomSensorArray line 53 - Move has null accuracy: Double Team
CustomSensorArray line 53 - Move has null accuracy: Switch
CustomSensorArray line 53 - Move has null accuracy: Switch
CustomSensorArray line 53 - Move has null accuracy: Recover
CustomSensorArray line 53 - Move has null accuracy: Switch
CustomSensorArray line 53 - Move has null accuracy: Switch
CustomSensorArray line 53 - Move has null accuracy: Switch
CustomSensorArray line 53 - Move has null accuracy: Recover
CustomSensorArray line 53 - Move has null accuracy: Rest
CustomSensorArray line 53 - Move has null accuracy: Substitute
CustomSensorArray line 53 - Move has null accuracy: Withdraw
CustomSensorArray line 53 - Move has null accuracy: Switch
CustomSensorArray line 53 - Move has null accuracy: Switch
CustomSensorArray line 53 - Move has null accuracy: Rest
CustomSensorArray line 53 - Move has null accuracy: Substitute
CustomSensorArray line 53 - Move has null accuracy: Reflect
CustomSensorArray line 53 - Move has null accuracy: Switch
CustomSensorArray line 53 - Move has null accuracy: Switch
CustomSensorArray line 53 - Move has null accuracy: Switch
CustomSensorArray line 53 - Move has null accuracy: Substitute
CustomSensorArray line 53 - Move has null accuracy: Reflect
CustomSensorArray line 53 - Move has null accuracy: Teleport
CustomSensorArray line 53 - Move has null accuracy: Switch
CustomSensorArray line 53 - Move has null accuracy: Switch
CustomSensorArray line 53 - Move has null accuracy: Switch
CustomSensorArray line 53 - Move has null accuracy: Switch
CustomSensorArray line 53 - Move has null accuracy: Switch
CustomSensorArray line 53 - Move has null accuracy: Double Team
CustomSensorArray line 53 - Move has null accuracy: Switch
CustomSensorArray line 53 - Move has null accuracy: Double Team
CustomSensorArray line 53 - Move has null accuracy: Struggle
CustomSensorArray line 53 - Move has null accuracy: Switch
CustomSensorArray line 53 - Move has null accuracy: Switch
CustomSensorArray line 53 - Move has null accuracy: Switch
CustomSensorArray line 53 - Move has null accuracy: Switch
CustomSensorArray line 53 - Move has null accuracy: Switch
CustomSensorArray line 53 - Move has null accuracy: Struggle
CustomSensorArray line 53 - Move has null accuracy: Reflect
CustomSensorArray line 53 - Move has null accuracy: Teleport
CustomSensorArray line 53 - Move has null accuracy: Switch
CustomSensorArray line 53 - Move has null accuracy: Switch
CustomSensorArray line 53 - Move has null accuracy: Switch
CustomSensorArray line 53 - Move has null accuracy: Switch
CustomSensorArray line 53 - Move has null accuracy: Switch
CustomSensorArray line 53 - Move has null accuracy: Splash
CustomSensorArray line 53 - Move has null accuracy: Splash
CustomSensorArray line 53 - Move has null accuracy: Switch
CustomSensorArray line 53 - Move has null accuracy: Switch
CustomSensorArray line 53 - Move has null accuracy: Switch
CustomSensorArray line 53 - Move has null accuracy: Reflect
CustomSensorArray line 53 - Move has null accuracy: Switch
CustomSensorArray line 53 - Move has null accuracy: Switch
CustomSensorArray line 53 - Move has null accuracy: Switch
CustomSensorArray line 53 - Move has null accuracy: Switch
CustomSensorArray line 53 - Move has null accuracy: Switch
CustomSensorArray line 53 - Move has null accuracy: Substitute
CustomSensorArray line 53 - Move has null accuracy: Rest
CustomSensorArray line 53 - Move has null accuracy: Switch
CustomSensorArray line 53 - Move has null accuracy: Switch
CustomSensorArray line 53 - Move has null accuracy: Switch
CustomSensorArray line 53 - Move has null accuracy: Switch
CustomSensorArray line 53 - Move has null accuracy: Substitute
CustomSensorArray line 53 - Move has null accuracy: Teleport
CustomSensorArray line 53 - Move has null accuracy: Switch
CustomSensorArray line 53 - Move has null accuracy: Switch
CustomSensorArray line 53 - Move has null accuracy: Switch
CustomSensorArray line 53 - Move has null accuracy: Rest
CustomSensorArray line 53 - Move has null accuracy: Double Team
CustomSensorArray line 53 - Move has null accuracy: Switch
CustomSensorArray line 53 - Move has null accuracy: Switch
CustomSensorArray line 53 - Move has null accuracy: Switch
CustomSensorArray line 53 - Move has null accuracy: Switch
CustomSensorArray line 53 - Move has null accuracy: Double Team
CustomSensorArray line 53 - Move has null accuracy: Switch
CustomSensorArray line 53 - Move has null accuracy: Switch
CustomSensorArray line 53 - Move has null accuracy: Switch
CustomSensorArray line 53 - Move has null accuracy: Switch
CustomSensorArray line 53 - Move has null accuracy: Switch
CustomSensorArray line 53 - Move has null accuracy: Focus Energy
CustomSensorArray line 53 - Move has null accuracy: Switch
CustomSensorArray line 53 - Move has null accuracy: Switch
CustomSensorArray line 53 - Move has null accuracy: Switch
CustomSensorArray line 53 - Move has null accuracy: Switch
CustomSensorArray line 53 - Move has null accuracy: Switch
CustomSensorArray line 53 - Move has null accuracy: Substitute
CustomSensorArray line 53 - Move has null accuracy: Focus Energy
CustomSensorArray line 53 - Move has null accuracy: Switch
CustomSensorArray line 53 - Move has null accuracy: Switch
CustomSensorArray line 53 - Move has null accuracy: Switch
CustomSensorArray line 53 - Move has null accuracy: Double Team
CustomSensorArray line 53 - Move has null accuracy: Switch
CustomSensorArray line 53 - Move has null accuracy: Switch
CustomSensorArray line 53 - Move has null accuracy: Switch
CustomSensorArray line 53 - Move has null accuracy: Switch
CustomSensorArray line 53 - Move has null accuracy: Switch
CustomSensorArray line 53 - Move has null accuracy: Switch
CustomSensorArray line 53 - Move has null accuracy: Switch
CustomSensorArray line 53 - Move has null accuracy: Haze
CustomSensorArray line 53 - Move has null accuracy: Bide
CustomSensorArray line 53 - Move has null accuracy: Switch
CustomSensorArray line 53 - Move has null accuracy: Switch
CustomSensorArray line 53 - Move has null accuracy: Switch
CustomSensorArray line 53 - Move has null accuracy: Substitute
CustomSensorArray line 53 - Move has null accuracy: Bide
CustomSensorArray line 53 - Move has null accuracy: Switch
CustomSensorArray line 53 - Move has null accuracy: Switch
CustomSensorArray line 53 - Move has null accuracy: Switch
CustomSensorArray line 53 - Move has null accuracy: Switch
CustomSensorArray line 53 - Move has null accuracy: Substitute
CustomSensorArray line 53 - Move has null accuracy: Switch
CustomSensorArray line 53 - Move has null accuracy: Switch
CustomSensorArray line 53 - Move has null accuracy: Bide
CustomSensorArray line 53 - Move has null accuracy: Switch
CustomSensorArray line 53 - Move has null accuracy: Switch
CustomSensorArray line 53 - Move has null accuracy: Switch
CustomSensorArray line 53 - Move has null accuracy: Bide
CustomSensorArray line 53 - Move has null accuracy: Agility
CustomSensorArray line 53 - Move has null accuracy: Bide
CustomSensorArray line 53 - Move has null accuracy: Switch
CustomSensorArray line 53 - Move has null accuracy: Switch
CustomSensorArray line 53 - Move has null accuracy: Switch
CustomSensorArray line 53 - Move has null accuracy: Agility
CustomSensorArray line 53 - Move has null accuracy: Switch
CustomSensorArray line 53 - Move has null accuracy: Switch
CustomSensorArray line 53 - Move has null accuracy: Switch
CustomSensorArray line 53 - Move has null accuracy: Switch
CustomSensorArray line 53 - Move has null accuracy: Switch
CustomSensorArray line 53 - Move has null accuracy: Switch
CustomSensorArray line 53 - Move has null accuracy: Switch
CustomSensorArray line 53 - Move has null accuracy: Switch
CustomSensorArray line 53 - Move has null accuracy: Switch
CustomSensorArray line 53 - Move has null accuracy: Substitute
CustomSensorArray line 53 - Move has null accuracy: Double Team
CustomSensorArray line 53 - Move has null accuracy: Switch
CustomSensorArray line 53 - Move has null accuracy: Switch
CustomSensorArray line 53 - Move has null accuracy: Switch
CustomSensorArray line 53 - Move has null accuracy: Switch
CustomSensorArray line 53 - Move has null accuracy: Switch
CustomSensorArray line 53 - Move has null accuracy: Rest
CustomSensorArray line 53 - Move has null accuracy: Switch
CustomSensorArray line 53 - Move has null accuracy: Switch
CustomSensorArray line 53 - Move has null accuracy: Rest
CustomSensorArray line 53 - Move has null accuracy: Mirror Move
CustomSensorArray line 53 - Move has null accuracy: Switch
CustomSensorArray line 53 - Move has null accuracy: Switch
CustomSensorArray line 53 - Move has null accuracy: Double Team
CustomSensorArray line 53 - Move has null accuracy: Mirror Move
CustomSensorArray line 53 - Move has null accuracy: Substitute
CustomSensorArray line 53 - Move has null accuracy: Whirlwind
CustomSensorArray line 53 - Move has null accuracy: Double Team
CustomSensorArray line 53 - Move has null accuracy: Double Team
CustomSensorArray line 53 - Move has null accuracy: Switch
CustomSensorArray line 53 - Move has null accuracy: Switch
CustomSensorArray line 53 - Move has null accuracy: Switch
CustomSensorArray line 53 - Move has null accuracy: Switch
CustomSensorArray line 53 - Move has null accuracy: Splash
CustomSensorArray line 53 - Move has null accuracy: Switch
CustomSensorArray line 53 - Move has null accuracy: Switch
CustomSensorArray line 53 - Move has null accuracy: Switch
CustomSensorArray line 53 - Move has null accuracy: Switch
CustomSensorArray line 53 - Move has null accuracy: Switch
CustomSensorArray line 53 - Move has null accuracy: Splash
CustomSensorArray line 53 - Move has null accuracy: Struggle
CustomSensorArray line 53 - Move has null accuracy: Switch
CustomSensorArray line 53 - Move has null accuracy: Switch
CustomSensorArray line 53 - Move has null accuracy: Switch
CustomSensorArray line 53 - Move has null accuracy: Switch
CustomSensorArray line 53 - Move has null accuracy: Switch
CustomSensorArray line 53 - Move has null accuracy: Struggle
CustomSensorArray line 53 - Move has null accuracy: Switch
CustomSensorArray line 53 - Move has null accuracy: Switch
CustomSensorArray line 53 - Move has null accuracy: Switch
CustomSensorArray line 53 - Move has null accuracy: Switch
CustomSensorArray line 53 - Move has null accuracy: Switch
CustomSensorArray line 53 - Move has null accuracy: Substitute
CustomSensorArray line 53 - Move has null accuracy: Switch
CustomSensorArray line 53 - Move has null accuracy: Switch
CustomSensorArray line 53 - Move has null accuracy: Switch
CustomSensorArray line 53 - Move has null accuracy: Switch
CustomSensorArray line 53 - Move has null accuracy: Switch
CustomSensorArray line 53 - Move has null accuracy: Switch
CustomSensorArray line 53 - Move has null accuracy: Reflect
CustomSensorArray line 53 - Move has null accuracy: Switch
CustomSensorArray line 53 - Move has null accuracy: Switch
CustomSensorArray line 53 - Move has null accuracy: Switch
CustomSensorArray line 53 - Move has null accuracy: Switch
CustomSensorArray line 53 - Move has null accuracy: Substitute
CustomSensorArray line 53 - Move has null accuracy: Substitute
CustomSensorArray line 53 - Move has null accuracy: Switch
CustomSensorArray line 53 - Move has null accuracy: Switch
CustomSensorArray line 53 - Move has null accuracy: Switch
CustomSensorArray line 53 - Move has null accuracy: Switch
CustomSensorArray line 53 - Move has null accuracy: Recover
CustomSensorArray line 53 - Move has null accuracy: Switch
CustomSensorArray line 53 - Move has null accuracy: Switch
CustomSensorArray line 53 - Move has null accuracy: Switch
CustomSensorArray line 53 - Move has null accuracy: Recover
CustomSensorArray line 53 - Move has null accuracy: Teleport
CustomSensorArray line 53 - Move has null accuracy: Switch
CustomSensorArray line 53 - Move has null accuracy: Switch
CustomSensorArray line 53 - Move has null accuracy: Switch
CustomSensorArray line 53 - Move has null accuracy: Rest
CustomSensorArray line 53 - Move has null accuracy: Switch
CustomSensorArray line 53 - Move has null accuracy: Switch
CustomSensorArray line 53 - Move has null accuracy: Switch
CustomSensorArray line 53 - Move has null accuracy: Substitute
CustomSensorArray line 53 - Move has null accuracy: Switch
CustomSensorArray line 53 - Move has null accuracy: Switch
CustomSensorArray line 53 - Move has null accuracy: Switch
CustomSensorArray line 53 - Move has null accuracy: Switch
CustomSensorArray line 53 - Move has null accuracy: Mirror Move
CustomSensorArray line 53 - Move has null accuracy: Switch
CustomSensorArray line 53 - Move has null accuracy: Switch
CustomSensorArray line 53 - Move has null accuracy: Switch
CustomSensorArray line 53 - Move has null accuracy: Switch
CustomSensorArray line 53 - Move has null accuracy: Agility
CustomSensorArray line 53 - Move has null accuracy: Whirlwind
CustomSensorArray line 53 - Move has null accuracy: Switch
CustomSensorArray line 53 - Move has null accuracy: Switch
CustomSensorArray line 53 - Move has null accuracy: Switch
CustomSensorArray line 53 - Move has null accuracy: Bide
CustomSensorArray line 53 - Move has null accuracy: Switch
CustomSensorArray line 53 - Move has null accuracy: Switch
CustomSensorArray line 53 - Move has null accuracy: Switch
CustomSensorArray line 53 - Move has null accuracy: Switch
CustomSensorArray line 53 - Move has null accuracy: Bide
CustomSensorArray line 53 - Move has null accuracy: Switch
CustomSensorArray line 53 - Move has null accuracy: Switch
CustomSensorArray line 53 - Move has null accuracy: Switch
CustomSensorArray line 53 - Move has null accuracy: Switch
CustomSensorArray line 53 - Move has null accuracy: Switch
CustomSensorArray line 53 - Move has null accuracy: Bide
CustomSensorArray line 53 - Move has null accuracy: Substitute
CustomSensorArray line 53 - Move has null accuracy: Switch
CustomSensorArray line 53 - Move has null accuracy: Switch
CustomSensorArray line 53 - Move has null accuracy: Bide
CustomSensorArray line 53 - Move has null accuracy: Bide
CustomSensorArray line 53 - Move has null accuracy: Reflect
CustomSensorArray line 53 - Move has null accuracy: Switch
CustomSensorArray line 53 - Move has null accuracy: Bide
CustomSensorArray line 53 - Move has null accuracy: Switch
CustomSensorArray line 53 - Move has null accuracy: Switch
CustomSensorArray line 53 - Move has null accuracy: Bide
CustomSensorArray line 53 - Move has null accuracy: Switch
CustomSensorArray line 53 - Move has null accuracy: Substitute
CustomSensorArray line 53 - Move has null accuracy: Bide
CustomSensorArray line 53 - Move has null accuracy: Switch
CustomSensorArray line 53 - Move has null accuracy: Substitute
CustomSensorArray line 53 - Move has null accuracy: Bide
CustomSensorArray line 53 - Move has null accuracy: Reflect
CustomSensorArray line 53 - Move has null accuracy: Switch
CustomSensorArray line 53 - Move has null accuracy: Bide
CustomSensorArray line 53 - Move has null accuracy: Switch
CustomSensorArray line 53 - Move has null accuracy: Switch
CustomSensorArray line 53 - Move has null accuracy: Switch
CustomSensorArray line 53 - Move has null accuracy: Switch
CustomSensorArray line 53 - Move has null accuracy: Switch
CustomSensorArray line 53 - Move has null accuracy: Bide
CustomSensorArray line 53 - Move has null accuracy: Switch
CustomSensorArray line 53 - Move has null accuracy: Switch
CustomSensorArray line 53 - Move has null accuracy: Switch
CustomSensorArray line 53 - Move has null accuracy: Switch
CustomSensorArray line 53 - Move has null accuracy: Switch
CustomSensorArray line 53 - Move has null accuracy: Switch
CustomSensorArray line 53 - Move has null accuracy: Switch
CustomSensorArray line 53 - Move has null accuracy: Switch
CustomSensorArray line 53 - Move has null accuracy: Switch
CustomSensorArray line 53 - Move has null accuracy: Switch
CustomSensorArray line 53 - Move has null accuracy: Switch
CustomSensorArray line 53 - Move has null accuracy: Switch
CustomSensorArray line 53 - Move has null accuracy: Switch
CustomSensorArray line 53 - Move has null accuracy: Switch
CustomSensorArray line 53 - Move has null accuracy: Switch
CustomSensorArray line 53 - Move has null accuracy: Switch
CustomSensorArray line 53 - Move has null accuracy: Switch
CustomSensorArray line 53 - Move has null accuracy: Switch
CustomSensorArray line 53 - Move has null accuracy: Switch
CustomSensorArray line 53 - Move has null accuracy: Switch
CustomSensorArray line 53 - Move has null accuracy: Substitute
CustomSensorArray line 53 - Move has null accuracy: Reflect
CustomSensorArray line 53 - Move has null accuracy: Switch
CustomSensorArray line 53 - Move has null accuracy: Switch
CustomSensorArray line 53 - Move has null accuracy: Switch
CustomSensorArray line 53 - Move has null accuracy: Substitute
CustomSensorArray line 53 - Move has null accuracy: Double Team
CustomSensorArray line 53 - Move has null accuracy: Substitute
CustomSensorArray line 53 - Move has null accuracy: Switch
CustomSensorArray line 53 - Move has null accuracy: Switch
CustomSensorArray line 53 - Move has null accuracy: Teleport
CustomSensorArray line 53 - Move has null accuracy: Switch
CustomSensorArray line 53 - Move has null accuracy: Switch
CustomSensorArray line 53 - Move has null accuracy: Switch
CustomSensorArray line 53 - Move has null accuracy: Switch
CustomSensorArray line 53 - Move has null accuracy: Switch
CustomSensorArray line 53 - Move has null accuracy: Rest
CustomSensorArray line 53 - Move has null accuracy: Switch
CustomSensorArray line 53 - Move has null accuracy: Switch
CustomSensorArray line 53 - Move has null accuracy: Rest
CustomSensorArray line 53 - Move has null accuracy: Switch
CustomSensorArray line 53 - Move has null accuracy: Switch
CustomSensorArray line 53 - Move has null accuracy: Switch
CustomSensorArray line 53 - Move has null accuracy: Switch
CustomSensorArray line 53 - Move has null accuracy: Switch
CustomSensorArray line 53 - Move has null accuracy: Agility
CustomSensorArray line 53 - Move has null accuracy: Bide
CustomSensorArray line 53 - Move has null accuracy: Switch
CustomSensorArray line 53 - Move has null accuracy: Switch
CustomSensorArray line 53 - Move has null accuracy: Switch
CustomSensorArray line 53 - Move has null accuracy: Agility
CustomSensorArray line 53 - Move has null accuracy: Reflect
CustomSensorArray line 53 - Move has null accuracy: Bide
CustomSensorArray line 53 - Move has null accuracy: Switch
CustomSensorArray line 53 - Move has null accuracy: Switch
CustomSensorArray line 53 - Move has null accuracy: Switch
CustomSensorArray line 53 - Move has null accuracy: Switch
CustomSensorArray line 53 - Move has null accuracy: Bide
CustomSensorArray line 53 - Move has null accuracy: Double Team
CustomSensorArray line 53 - Move has null accuracy: Switch
CustomSensorArray line 53 - Move has null accuracy: Switch
CustomSensorArray line 53 - Move has null accuracy: Double Team
CustomSensorArray line 53 - Move has null accuracy: Reflect
CustomSensorArray line 53 - Move has null accuracy: Double Team
CustomSensorArray line 53 - Move has null accuracy: Switch
CustomSensorArray line 53 - Move has null accuracy: Switch
CustomSensorArray line 53 - Move has null accuracy: Switch
CustomSensorArray line 53 - Move has null accuracy: Double Team
CustomSensorArray line 53 - Move has null accuracy: Switch
CustomSensorArray line 53 - Move has null accuracy: Switch
CustomSensorArray line 53 - Move has null accuracy: Double Team
CustomSensorArray line 53 - Move has null accuracy: Switch
CustomSensorArray line 53 - Move has null accuracy: Switch
CustomSensorArray line 53 - Move has null accuracy: Switch
CustomSensorArray line 53 - Move has null accuracy: Switch
CustomSensorArray line 53 - Move has null accuracy: Switch
CustomSensorArray line 53 - Move has null accuracy: Switch
CustomSensorArray line 53 - Move has null accuracy: Switch
CustomSensorArray line 53 - Move has null accuracy: Switch
CustomSensorArray line 53 - Move has null accuracy: Switch
CustomSensorArray line 53 - Move has null accuracy: Switch
CustomSensorArray line 53 - Move has null accuracy: Switch
CustomSensorArray line 53 - Move has null accuracy: Switch
CustomSensorArray line 53 - Move has null accuracy: Bide
CustomSensorArray line 53 - Move has null accuracy: Switch
CustomSensorArray line 53 - Move has null accuracy: Switch
CustomSensorArray line 53 - Move has null accuracy: Switch
CustomSensorArray line 53 - Move has null accuracy: Switch
CustomSensorArray line 53 - Move has null accuracy: Bide
CustomSensorArray line 53 - Move has null accuracy: Substitute
CustomSensorArray line 53 - Move has null accuracy: Switch
CustomSensorArray line 53 - Move has null accuracy: Switch
CustomSensorArray line 53 - Move has null accuracy: Substitute
CustomSensorArray line 53 - Move has null accuracy: Agility
CustomSensorArray line 53 - Move has null accuracy: Mirror Move
CustomSensorArray line 53 - Move has null accuracy: Switch
CustomSensorArray line 53 - Move has null accuracy: Switch
CustomSensorArray line 53 - Move has null accuracy: Switch
CustomSensorArray line 53 - Move has null accuracy: Switch
CustomSensorArray line 53 - Move has null accuracy: Switch
CustomSensorArray line 53 - Move has null accuracy: Struggle
CustomSensorArray line 53 - Move has null accuracy: Switch
CustomSensorArray line 53 - Move has null accuracy: Struggle
CustomSensorArray line 53 - Move has null accuracy: Splash
CustomSensorArray line 53 - Move has null accuracy: Switch
CustomSensorArray line 53 - Move has null accuracy: Switch
CustomSensorArray line 53 - Move has null accuracy: Switch
CustomSensorArray line 53 - Move has null accuracy: Substitute
CustomSensorArray line 53 - Move has null accuracy: Substitute
CustomSensorArray line 53 - Move has null accuracy: Switch
CustomSensorArray line 53 - Move has null accuracy: Switch
CustomSensorArray line 53 - Move has null accuracy: Switch
CustomSensorArray line 53 - Move has null accuracy: Switch
CustomSensorArray line 53 - Move has null accuracy: Switch
CustomSensorArray line 53 - Move has null accuracy: Switch
CustomSensorArray line 53 - Move has null accuracy: Switch
CustomSensorArray line 53 - Move has null accuracy: Substitute
CustomSensorArray line 53 - Move has null accuracy: Switch
CustomSensorArray line 53 - Move has null accuracy: Substitute
CustomSensorArray line 53 - Move has null accuracy: Rest
CustomSensorArray line 53 - Move has null accuracy: Switch
CustomSensorArray line 53 - Move has null accuracy: Switch
CustomSensorArray line 53 - Move has null accuracy: Switch
CustomSensorArray line 53 - Move has null accuracy: Switch
CustomSensorArray line 53 - Move has null accuracy: Switch
CustomSensorArray line 53 - Move has null accuracy: Switch
CustomSensorArray line 53 - Move has null accuracy: Switch
CustomSensorArray line 53 - Move has null accuracy: Switch
CustomSensorArray line 53 - Move has null accuracy: Switch
CustomSensorArray line 53 - Move has null accuracy: Switch
CustomSensorArray line 53 - Move has null accuracy: Switch
CustomSensorArray line 53 - Move has null accuracy: Switch
CustomSensorArray line 53 - Move has null accuracy: Substitute
CustomSensorArray line 53 - Move has null accuracy: Bide
CustomSensorArray line 53 - Move has null accuracy: Switch
CustomSensorArray line 53 - Move has null accuracy: Switch
CustomSensorArray line 53 - Move has null accuracy: Bide
CustomSensorArray line 53 - Move has null accuracy: Double Team
CustomSensorArray line 53 - Move has null accuracy: Substitute
CustomSensorArray line 53 - Move has null accuracy: Switch
CustomSensorArray line 53 - Move has null accuracy: Switch
CustomSensorArray line 53 - Move has null accuracy: Switch
CustomSensorArray line 53 - Move has null accuracy: Double Team
CustomSensorArray line 53 - Move has null accuracy: Reflect
CustomSensorArray line 53 - Move has null accuracy: Double Team
CustomSensorArray line 53 - Move has null accuracy: Switch
CustomSensorArray line 53 - Move has null accuracy: Reflect
CustomSensorArray line 53 - Move has null accuracy: Agility
CustomSensorArray line 53 - Move has null accuracy: Switch
CustomSensorArray line 53 - Move has null accuracy: Switch
CustomSensorArray line 53 - Move has null accuracy: Switch
CustomSensorArray line 53 - Move has null accuracy: Switch
CustomSensorArray line 53 - Move has null accuracy: Switch
CustomSensorArray line 53 - Move has null accuracy: Switch
CustomSensorArray line 53 - Move has null accuracy: Switch
CustomSensorArray line 53 - Move has null accuracy: Switch
CustomSensorArray line 53 - Move has null accuracy: Switch
CustomSensorArray line 53 - Move has null accuracy: Reflect
CustomSensorArray line 53 - Move has null accuracy: Double Team
CustomSensorArray line 53 - Move has null accuracy: Mirror Move
CustomSensorArray line 53 - Move has null accuracy: Switch
CustomSensorArray line 53 - Move has null accuracy: Switch
CustomSensorArray line 53 - Move has null accuracy: Switch
CustomSensorArray line 53 - Move has null accuracy: Switch
CustomSensorArray line 53 - Move has null accuracy: Reflect
CustomSensorArray line 53 - Move has null accuracy: Bide
CustomSensorArray line 53 - Move has null accuracy: Switch
CustomSensorArray line 53 - Move has null accuracy: Switch
CustomSensorArray line 53 - Move has null accuracy: Bide
CustomSensorArray line 53 - Move has null accuracy: Double Team
CustomSensorArray line 53 - Move has null accuracy: Roar
CustomSensorArray line 53 - Move has null accuracy: Switch
CustomSensorArray line 53 - Move has null accuracy: Switch
CustomSensorArray line 53 - Move has null accuracy: Switch
CustomSensorArray line 53 - Move has null accuracy: Switch
CustomSensorArray line 53 - Move has null accuracy: Double Team
CustomSensorArray line 53 - Move has null accuracy: Reflect
CustomSensorArray line 53 - Move has null accuracy: Substitute
CustomSensorArray line 53 - Move has null accuracy: Double Team
CustomSensorArray line 53 - Move has null accuracy: Switch
CustomSensorArray line 53 - Move has null accuracy: Switch
CustomSensorArray line 53 - Move has null accuracy: Switch
CustomSensorArray line 53 - Move has null accuracy: Switch
CustomSensorArray line 53 - Move has null accuracy: Switch
CustomSensorArray line 53 - Move has null accuracy: Rest
CustomSensorArray line 53 - Move has null accuracy: Switch
CustomSensorArray line 53 - Move has null accuracy: Switch
CustomSensorArray line 53 - Move has null accuracy: Switch
CustomSensorArray line 53 - Move has null accuracy: Switch
CustomSensorArray line 53 - Move has null accuracy: Switch
CustomSensorArray line 53 - Move has null accuracy: Switch
CustomSensorArray line 53 - Move has null accuracy: Switch
CustomSensorArray line 53 - Move has null accuracy: Switch
CustomSensorArray line 53 - Move has null accuracy: Agility
CustomSensorArray line 53 - Move has null accuracy: Switch
CustomSensorArray line 53 - Move has null accuracy: Switch
CustomSensorArray line 53 - Move has null accuracy: Switch
CustomSensorArray line 53 - Move has null accuracy: Switch
CustomSensorArray line 53 - Move has null accuracy: Rest
CustomSensorArray line 53 - Move has null accuracy: Switch
CustomSensorArray line 53 - Move has null accuracy: Switch
CustomSensorArray line 53 - Move has null accuracy: Switch
CustomSensorArray line 53 - Move has null accuracy: Double Team
CustomSensorArray line 53 - Move has null accuracy: Switch
CustomSensorArray line 53 - Move has null accuracy: Switch
CustomSensorArray line 53 - Move has null accuracy: Switch
CustomSensorArray line 53 - Move has null accuracy: Switch
CustomSensorArray line 53 - Move has null accuracy: Switch
CustomSensorArray line 53 - Move has null accuracy: Double Team
CustomSensorArray line 53 - Move has null accuracy: Switch
CustomSensorArray line 53 - Move has null accuracy: Double Team
CustomSensorArray line 53 - Move has null accuracy: Rest
CustomSensorArray line 53 - Move has null accuracy: Double Team
CustomSensorArray line 53 - Move has null accuracy: Switch
CustomSensorArray line 53 - Move has null accuracy: Switch
CustomSensorArray line 53 - Move has null accuracy: Swords Dance
CustomSensorArray line 53 - Move has null accuracy: Switch
CustomSensorArray line 53 - Move has null accuracy: Switch
CustomSensorArray line 53 - Move has null accuracy: Switch
CustomSensorArray line 53 - Move has null accuracy: Switch
CustomSensorArray line 53 - Move has null accuracy: Swords Dance
CustomSensorArray line 53 - Move has null accuracy: Switch
CustomSensorArray line 53 - Move has null accuracy: Switch
CustomSensorArray line 53 - Move has null accuracy: Switch
CustomSensorArray line 53 - Move has null accuracy: Rest
CustomSensorArray line 53 - Move has null accuracy: Switch
CustomSensorArray line 53 - Move has null accuracy: Switch
CustomSensorArray line 53 - Move has null accuracy: Switch
CustomSensorArray line 53 - Move has null accuracy: Reflect
CustomSensorArray line 53 - Move has null accuracy: Switch
CustomSensorArray line 53 - Move has null accuracy: Switch
CustomSensorArray line 53 - Move has null accuracy: Switch
CustomSensorArray line 53 - Move has null accuracy: Switch
CustomSensorArray line 53 - Move has null accuracy: Switch
CustomSensorArray line 53 - Move has null accuracy: Switch
CustomSensorArray line 53 - Move has null accuracy: Switch
CustomSensorArray line 53 - Move has null accuracy: Bide
CustomSensorArray line 53 - Move has null accuracy: Switch
CustomSensorArray line 53 - Move has null accuracy: Switch
CustomSensorArray line 53 - Move has null accuracy: Switch
CustomSensorArray line 53 - Move has null accuracy: Switch
CustomSensorArray line 53 - Move has null accuracy: Switch
CustomSensorArray line 53 - Move has null accuracy: Rest
CustomSensorArray line 53 - Move has null accuracy: Switch
CustomSensorArray line 53 - Move has null accuracy: Switch
CustomSensorArray line 53 - Move has null accuracy: Switch
CustomSensorArray line 53 - Move has null accuracy: Switch
CustomSensorArray line 53 - Move has null accuracy: Switch
CustomSensorArray line 53 - Move has null accuracy: Switch
CustomSensorArray line 53 - Move has null accuracy: Switch
CustomSensorArray line 53 - Move has null accuracy: Switch
CustomSensorArray line 53 - Move has null accuracy: Switch
CustomSensorArray line 53 - Move has null accuracy: Switch
CustomSensorArray line 53 - Move has null accuracy: Switch
CustomSensorArray line 53 - Move has null accuracy: Switch
CustomSensorArray line 53 - Move has null accuracy: Substitute
CustomSensorArray line 53 - Move has null accuracy: Switch
CustomSensorArray line 53 - Move has null accuracy: Switch
CustomSensorArray line 53 - Move has null accuracy: Substitute
CustomSensorArray line 53 - Move has null accuracy: Bide
CustomSensorArray line 53 - Move has null accuracy: Switch
CustomSensorArray line 53 - Move has null accuracy: Switch
CustomSensorArray line 53 - Move has null accuracy: Switch
CustomSensorArray line 53 - Move has null accuracy: Switch
CustomSensorArray line 53 - Move has null accuracy: Bide
CustomSensorArray line 53 - Move has null accuracy: Switch
CustomSensorArray line 53 - Move has null accuracy: Switch
CustomSensorArray line 53 - Move has null accuracy: Switch
CustomSensorArray line 53 - Move has null accuracy: Switch
CustomSensorArray line 53 - Move has null accuracy: Switch
CustomSensorArray line 53 - Move has null accuracy: Switch
CustomSensorArray line 53 - Move has null accuracy: Bide
CustomSensorArray line 53 - Move has null accuracy: Substitute
CustomSensorArray line 53 - Move has null accuracy: Double Team
CustomSensorArray line 53 - Move has null accuracy: Switch
CustomSensorArray line 53 - Move has null accuracy: Switch
CustomSensorArray line 53 - Move has null accuracy: Switch
CustomSensorArray line 53 - Move has null accuracy: Bide
CustomSensorArray line 53 - Move has null accuracy: Struggle
CustomSensorArray line 53 - Move has null accuracy: Switch
CustomSensorArray line 53 - Move has null accuracy: Switch
CustomSensorArray line 53 - Move has null accuracy: Switch
CustomSensorArray line 53 - Move has null accuracy: Switch
CustomSensorArray line 53 - Move has null accuracy: Switch
CustomSensorArray line 53 - Move has null accuracy: Struggle
CustomSensorArray line 53 - Move has null accuracy: Switch
CustomSensorArray line 53 - Move has null accuracy: Switch
CustomSensorArray line 53 - Move has null accuracy: Switch
CustomSensorArray line 53 - Move has null accuracy: Switch
CustomSensorArray line 53 - Move has null accuracy: Swords Dance
CustomSensorArray line 53 - Move has null accuracy: Switch
CustomSensorArray line 53 - Move has null accuracy: Switch
CustomSensorArray line 53 - Move has null accuracy: Swords Dance
CustomSensorArray line 53 - Move has null accuracy: Switch
CustomSensorArray line 53 - Move has null accuracy: Switch
CustomSensorArray line 53 - Move has null accuracy: Switch
CustomSensorArray line 53 - Move has null accuracy: Splash
CustomSensorArray line 53 - Move has null accuracy: Switch
CustomSensorArray line 53 - Move has null accuracy: Switch
CustomSensorArray line 53 - Move has null accuracy: Switch
CustomSensorArray line 53 - Move has null accuracy: Switch
CustomSensorArray line 53 - Move has null accuracy: Switch
CustomSensorArray line 53 - Move has null accuracy: Switch
CustomSensorArray line 53 - Move has null accuracy: Substitute
CustomSensorArray line 53 - Move has null accuracy: Switch
CustomSensorArray line 53 - Move has null accuracy: Switch
CustomSensorArray line 53 - Move has null accuracy: Switch
CustomSensorArray line 53 - Move has null accuracy: Reflect
CustomSensorArray line 53 - Move has null accuracy: Rest
CustomSensorArray line 53 - Move has null accuracy: Switch
CustomSensorArray line 53 - Move has null accuracy: Switch
CustomSensorArray line 53 - Move has null accuracy: Switch
CustomSensorArray line 53 - Move has null accuracy: Switch
CustomSensorArray line 53 - Move has null accuracy: Reflect
CustomSensorArray line 53 - Move has null accuracy: Switch
CustomSensorArray line 53 - Move has null accuracy: Switch
CustomSensorArray line 53 - Move has null accuracy: Switch
CustomSensorArray line 53 - Move has null accuracy: Switch
CustomSensorArray line 53 - Move has null accuracy: Switch
CustomSensorArray line 53 - Move has null accuracy: Switch
CustomSensorArray line 53 - Move has null accuracy: Switch
CustomSensorArray line 53 - Move has null accuracy: Switch
CustomSensorArray line 53 - Move has null accuracy: Switch
CustomSensorArray line 53 - Move has null accuracy: Switch
CustomSensorArray line 53 - Move has null accuracy: Struggle
CustomSensorArray line 53 - Move has null accuracy: Switch
CustomSensorArray line 53 - Move has null accuracy: Switch
CustomSensorArray line 53 - Move has null accuracy: Switch
CustomSensorArray line 53 - Move has null accuracy: Switch
CustomSensorArray line 53 - Move has null accuracy: Switch
CustomSensorArray line 53 - Move has null accuracy: Struggle
CustomSensorArray line 53 - Move has null accuracy: Teleport
CustomSensorArray line 53 - Move has null accuracy: Haze
CustomSensorArray line 53 - Move has null accuracy: Switch
CustomSensorArray line 53 - Move has null accuracy: Switch
CustomSensorArray line 53 - Move has null accuracy: Switch
CustomSensorArray line 53 - Move has null accuracy: Switch
CustomSensorArray line 53 - Move has null accuracy: Switch
CustomSensorArray line 53 - Move has null accuracy: Switch
CustomSensorArray line 53 - Move has null accuracy: Switch
CustomSensorArray line 53 - Move has null accuracy: Switch
CustomSensorArray line 53 - Move has null accuracy: Switch
CustomSensorArray line 53 - Move has null accuracy: Bide
CustomSensorArray line 53 - Move has null accuracy: Switch
CustomSensorArray line 53 - Move has null accuracy: Struggle
CustomSensorArray line 53 - Move has null accuracy: Switch
CustomSensorArray line 53 - Move has null accuracy: Struggle
CustomSensorArray line 53 - Move has null accuracy: Substitute
CustomSensorArray line 53 - Move has null accuracy: Whirlwind
CustomSensorArray line 53 - Move has null accuracy: Switch
CustomSensorArray line 53 - Move has null accuracy: Switch
CustomSensorArray line 53 - Move has null accuracy: Bide
CustomSensorArray line 53 - Move has null accuracy: Switch
CustomSensorArray line 53 - Move has null accuracy: Switch
CustomSensorArray line 53 - Move has null accuracy: Switch
CustomSensorArray line 53 - Move has null accuracy: Bide
CustomSensorArray line 53 - Move has null accuracy: Switch
CustomSensorArray line 53 - Move has null accuracy: Switch
CustomSensorArray line 53 - Move has null accuracy: Switch
CustomSensorArray line 53 - Move has null accuracy: Switch
CustomSensorArray line 53 - Move has null accuracy: Reflect
CustomSensorArray line 53 - Move has null accuracy: Double Team
CustomSensorArray line 53 - Move has null accuracy: Mirror Move
CustomSensorArray line 53 - Move has null accuracy: Switch
CustomSensorArray line 53 - Move has null accuracy: Switch
CustomSensorArray line 53 - Move has null accuracy: Switch
CustomSensorArray line 53 - Move has null accuracy: Switch
CustomSensorArray line 53 - Move has null accuracy: Reflect
CustomSensorArray line 53 - Move has null accuracy: Substitute
CustomSensorArray line 53 - Move has null accuracy: Switch
CustomSensorArray line 53 - Move has null accuracy: Switch
CustomSensorArray line 53 - Move has null accuracy: Switch
CustomSensorArray line 53 - Move has null accuracy: Switch
CustomSensorArray line 53 - Move has null accuracy: Struggle
CustomSensorArray line 53 - Move has null accuracy: Switch
CustomSensorArray line 53 - Move has null accuracy: Switch
CustomSensorArray line 53 - Move has null accuracy: Switch
CustomSensorArray line 53 - Move has null accuracy: Switch
CustomSensorArray line 53 - Move has null accuracy: Switch
CustomSensorArray line 53 - Move has null accuracy: Struggle
CustomSensorArray line 53 - Move has null accuracy: Switch
CustomSensorArray line 53 - Move has null accuracy: Switch
CustomSensorArray line 53 - Move has null accuracy: Switch
CustomSensorArray line 53 - Move has null accuracy: Switch
CustomSensorArray line 53 - Move has null accuracy: Bide
CustomSensorArray line 53 - Move has null accuracy: Substitute
CustomSensorArray line 53 - Move has null accuracy: Double Team
CustomSensorArray line 53 - Move has null accuracy: Switch
CustomSensorArray line 53 - Move has null accuracy: Switch
CustomSensorArray line 53 - Move has null accuracy: Switch
CustomSensorArray line 53 - Move has null accuracy: Bide
CustomSensorArray line 53 - Move has null accuracy: Switch
CustomSensorArray line 53 - Move has null accuracy: Switch
CustomSensorArray line 53 - Move has null accuracy: Switch
CustomSensorArray line 53 - Move has null accuracy: Switch
CustomSensorArray line 53 - Move has null accuracy: Switch
CustomSensorArray line 53 - Move has null accuracy: Switch
CustomSensorArray line 53 - Move has null accuracy: Switch
CustomSensorArray line 53 - Move has null accuracy: Switch
CustomSensorArray line 53 - Move has null accuracy: Switch
CustomSensorArray line 53 - Move has null accuracy: Substitute
CustomSensorArray line 53 - Move has null accuracy: Double Team
CustomSensorArray line 53 - Move has null accuracy: Switch
CustomSensorArray line 53 - Move has null accuracy: Switch
CustomSensorArray line 53 - Move has null accuracy: Switch
CustomSensorArray line 53 - Move has null accuracy: Switch
CustomSensorArray line 53 - Move has null accuracy: Switch
CustomSensorArray line 53 - Move has null accuracy: Switch
CustomSensorArray line 53 - Move has null accuracy: Switch
CustomSensorArray line 53 - Move has null accuracy: Switch
CustomSensorArray line 53 - Move has null accuracy: Switch
CustomSensorArray line 53 - Move has null accuracy: Double Team
CustomSensorArray line 53 - Move has null accuracy: Mirror Move
CustomSensorArray line 53 - Move has null accuracy: Substitute
CustomSensorArray line 53 - Move has null accuracy: Whirlwind
CustomSensorArray line 53 - Move has null accuracy: Double Team
CustomSensorArray line 53 - Move has null accuracy: Haze
CustomSensorArray line 53 - Move has null accuracy: Switch
CustomSensorArray line 53 - Move has null accuracy: Switch
CustomSensorArray line 53 - Move has null accuracy: Switch
CustomSensorArray line 53 - Move has null accuracy: Switch
CustomSensorArray line 53 - Move has null accuracy: Switch
CustomSensorArray line 53 - Move has null accuracy: Bide
CustomSensorArray line 53 - Move has null accuracy: Switch
CustomSensorArray line 53 - Move has null accuracy: Switch
CustomSensorArray line 53 - Move has null accuracy: Switch
CustomSensorArray line 53 - Move has null accuracy: Switch
CustomSensorArray line 53 - Move has null accuracy: Bide
CustomSensorArray line 53 - Move has null accuracy: Switch
CustomSensorArray line 53 - Move has null accuracy: Switch
CustomSensorArray line 53 - Move has null accuracy: Switch
CustomSensorArray line 53 - Move has null accuracy: Switch
CustomSensorArray line 53 - Move has null accuracy: Switch
CustomSensorArray line 53 - Move has null accuracy: Switch
CustomSensorArray line 53 - Move has null accuracy: Switch
CustomSensorArray line 53 - Move has null accuracy: Switch
CustomSensorArray line 53 - Move has null accuracy: Switch
CustomSensorArray line 53 - Move has null accuracy: Double Team
CustomSensorArray line 53 - Move has null accuracy: Switch
CustomSensorArray line 53 - Move has null accuracy: Switch
CustomSensorArray line 53 - Move has null accuracy: Switch
CustomSensorArray line 53 - Move has null accuracy: Switch
CustomSensorArray line 53 - Move has null accuracy: Switch
CustomSensorArray line 53 - Move has null accuracy: Switch
CustomSensorArray line 53 - Move has null accuracy: Switch
CustomSensorArray line 53 - Move has null accuracy: Switch
CustomSensorArray line 53 - Move has null accuracy: Switch
CustomSensorArray line 53 - Move has null accuracy: Switch
CustomSensorArray line 53 - Move has null accuracy: Switch
CustomSensorArray line 53 - Move has null accuracy: Substitute
CustomSensorArray line 53 - Move has null accuracy: Whirlwind
CustomSensorArray line 53 - Move has null accuracy: Switch
CustomSensorArray line 53 - Move has null accuracy: Switch
CustomSensorArray line 53 - Move has null accuracy: Agility
CustomSensorArray line 53 - Move has null accuracy: Switch
CustomSensorArray line 53 - Move has null accuracy: Switch
CustomSensorArray line 53 - Move has null accuracy: Switch
CustomSensorArray line 53 - Move has null accuracy: Switch
CustomSensorArray line 53 - Move has null accuracy: Switch
CustomSensorArray line 53 - Move has null accuracy: Switch
CustomSensorArray line 53 - Move has null accuracy: Switch
CustomSensorArray line 53 - Move has null accuracy: Switch
CustomSensorArray line 53 - Move has null accuracy: Switch
CustomSensorArray line 53 - Move has null accuracy: Switch
CustomSensorArray line 53 - Move has null accuracy: Switch
CustomSensorArray line 53 - Move has null accuracy: Switch
CustomSensorArray line 53 - Move has null accuracy: Switch
CustomSensorArray line 53 - Move has null accuracy: Double Team
CustomSensorArray line 53 - Move has null accuracy: Switch
CustomSensorArray line 53 - Move has null accuracy: Switch
CustomSensorArray line 53 - Move has null accuracy: Switch
CustomSensorArray line 53 - Move has null accuracy: Bide
CustomSensorArray line 53 - Move has null accuracy: Switch
CustomSensorArray line 53 - Move has null accuracy: Switch
CustomSensorArray line 53 - Move has null accuracy: Bide
CustomSensorArray line 53 - Move has null accuracy: Bide
CustomSensorArray line 53 - Move has null accuracy: Switch
CustomSensorArray line 53 - Move has null accuracy: Bide
CustomSensorArray line 53 - Move has null accuracy: Substitute
CustomSensorArray line 53 - Move has null accuracy: Switch
CustomSensorArray line 53 - Move has null accuracy: Switch
CustomSensorArray line 53 - Move has null accuracy: Substitute
CustomSensorArray line 53 - Move has null accuracy: Switch
CustomSensorArray line 53 - Move has null accuracy: Switch
CustomSensorArray line 53 - Move has null accuracy: Switch
CustomSensorArray line 53 - Move has null accuracy: Switch
CustomSensorArray line 53 - Move has null accuracy: Double Team
CustomSensorArray line 53 - Move has null accuracy: Reflect
CustomSensorArray line 53 - Move has null accuracy: Switch
CustomSensorArray line 53 - Move has null accuracy: Switch
CustomSensorArray line 53 - Move has null accuracy: Double Team
CustomSensorArray line 53 - Move has null accuracy: Switch
CustomSensorArray line 53 - Move has null accuracy: Switch
CustomSensorArray line 53 - Move has null accuracy: Switch
CustomSensorArray line 53 - Move has null accuracy: Double Team
CustomSensorArray line 53 - Move has null accuracy: Switch
CustomSensorArray line 53 - Move has null accuracy: Switch
CustomSensorArray line 53 - Move has null accuracy: Switch
CustomSensorArray line 53 - Move has null accuracy: Mirror Move
CustomSensorArray line 53 - Move has null accuracy: Switch
CustomSensorArray line 53 - Move has null accuracy: Switch
CustomSensorArray line 53 - Move has null accuracy: Defense Curl
CustomSensorArray line 53 - Move has null accuracy: Switch
CustomSensorArray line 53 - Move has null accuracy: Switch
CustomSensorArray line 53 - Move has null accuracy: Switch
CustomSensorArray line 53 - Move has null accuracy: Reflect
CustomSensorArray line 53 - Move has null accuracy: Double Team
CustomSensorArray line 53 - Move has null accuracy: Switch
CustomSensorArray line 53 - Move has null accuracy: Double Team
CustomSensorArray line 53 - Move has null accuracy: Double Team
CustomSensorArray line 53 - Move has null accuracy: Struggle
CustomSensorArray line 53 - Move has null accuracy: Switch
CustomSensorArray line 53 - Move has null accuracy: Switch
CustomSensorArray line 53 - Move has null accuracy: Switch
CustomSensorArray line 53 - Move has null accuracy: Switch
CustomSensorArray line 53 - Move has null accuracy: Switch
CustomSensorArray line 53 - Move has null accuracy: Struggle
CustomSensorArray line 53 - Move has null accuracy: Struggle
CustomSensorArray line 53 - Move has null accuracy: Switch
CustomSensorArray line 53 - Move has null accuracy: Switch
CustomSensorArray line 53 - Move has null accuracy: Switch
CustomSensorArray line 53 - Move has null accuracy: Switch
CustomSensorArray line 53 - Move has null accuracy: Switch
CustomSensorArray line 53 - Move has null accuracy: Struggle
CustomSensorArray line 53 - Move has null accuracy: Double Team
CustomSensorArray line 53 - Move has null accuracy: Switch
CustomSensorArray line 53 - Move has null accuracy: Switch
CustomSensorArray line 53 - Move has null accuracy: Switch
CustomSensorArray line 53 - Move has null accuracy: Switch
CustomSensorArray line 53 - Move has null accuracy: Reflect
CustomSensorArray line 53 - Move has null accuracy: Switch
CustomSensorArray line 53 - Move has null accuracy: Switch
CustomSensorArray line 53 - Move has null accuracy: Switch
CustomSensorArray line 53 - Move has null accuracy: Switch
CustomSensorArray line 53 - Move has null accuracy: Switch
CustomSensorArray line 53 - Move has null accuracy: Switch
CustomSensorArray line 53 - Move has null accuracy: Switch
CustomSensorArray line 53 - Move has null accuracy: Switch
CustomSensorArray line 53 - Move has null accuracy: Double Team
CustomSensorArray line 53 - Move has null accuracy: Switch
CustomSensorArray line 53 - Move has null accuracy: Switch
CustomSensorArray line 53 - Move has null accuracy: Switch
CustomSensorArray line 53 - Move has null accuracy: Switch
CustomSensorArray line 53 - Move has null accuracy: Switch
CustomSensorArray line 53 - Move has null accuracy: Switch
CustomSensorArray line 53 - Move has null accuracy: Switch
CustomSensorArray line 53 - Move has null accuracy: Switch
CustomSensorArray line 53 - Move has null accuracy: Switch
CustomSensorArray line 53 - Move has null accuracy: Switch
CustomSensorArray line 53 - Move has null accuracy: Switch
CustomSensorArray line 53 - Move has null accuracy: Bide
CustomSensorArray line 53 - Move has null accuracy: Double Team
CustomSensorArray line 53 - Move has null accuracy: Switch
CustomSensorArray line 53 - Move has null accuracy: Switch
CustomSensorArray line 53 - Move has null accuracy: Switch
CustomSensorArray line 53 - Move has null accuracy: Bide
CustomSensorArray line 53 - Move has null accuracy: Splash
CustomSensorArray line 53 - Move has null accuracy: Switch
CustomSensorArray line 53 - Move has null accuracy: Switch
CustomSensorArray line 53 - Move has null accuracy: Switch
CustomSensorArray line 53 - Move has null accuracy: Switch
CustomSensorArray line 53 - Move has null accuracy: Switch
CustomSensorArray line 53 - Move has null accuracy: Switch
CustomSensorArray line 53 - Move has null accuracy: Switch
CustomSensorArray line 53 - Move has null accuracy: Switch
CustomSensorArray line 53 - Move has null accuracy: Switch
CustomSensorArray line 53 - Move has null accuracy: Switch
CustomSensorArray line 53 - Move has null accuracy: Double Team
CustomSensorArray line 53 - Move has null accuracy: Switch
CustomSensorArray line 53 - Move has null accuracy: Switch
CustomSensorArray line 53 - Move has null accuracy: Switch
CustomSensorArray line 53 - Move has null accuracy: Switch
CustomSensorArray line 53 - Move has null accuracy: Switch
CustomSensorArray line 53 - Move has null accuracy: Switch
CustomSensorArray line 53 - Move has null accuracy: Switch
CustomSensorArray line 53 - Move has null accuracy: Rest
CustomSensorArray line 53 - Move has null accuracy: Switch
CustomSensorArray line 53 - Move has null accuracy: Switch
CustomSensorArray line 53 - Move has null accuracy: Switch
CustomSensorArray line 53 - Move has null accuracy: Switch
CustomSensorArray line 53 - Move has null accuracy: Switch
CustomSensorArray line 53 - Move has null accuracy: Switch
CustomSensorArray line 53 - Move has null accuracy: Switch
CustomSensorArray line 53 - Move has null accuracy: Barrier
CustomSensorArray line 53 - Move has null accuracy: Substitute
CustomSensorArray line 53 - Move has null accuracy: Switch
CustomSensorArray line 53 - Move has null accuracy: Switch
CustomSensorArray line 53 - Move has null accuracy: Switch
CustomSensorArray line 53 - Move has null accuracy: Switch
CustomSensorArray line 53 - Move has null accuracy: Switch
CustomSensorArray line 53 - Move has null accuracy: Switch
CustomSensorArray line 53 - Move has null accuracy: Switch
CustomSensorArray line 53 - Move has null accuracy: Switch
CustomSensorArray line 53 - Move has null accuracy: Harden
CustomSensorArray line 53 - Move has null accuracy: Switch
CustomSensorArray line 53 - Move has null accuracy: Switch
CustomSensorArray line 53 - Move has null accuracy: Switch
CustomSensorArray line 53 - Move has null accuracy: Whirlwind
CustomSensorArray line 53 - Move has null accuracy: Agility
CustomSensorArray line 53 - Move has null accuracy: Switch
CustomSensorArray line 53 - Move has null accuracy: Whirlwind
CustomSensorArray - Final normalized sensor size: 1 x 128
CustomSensorArray - Final normalized sensor size: 1 x 128
CustomSensorArray - Final normalized sensor size: 1 x 128
CustomSensorArray - Final normalized sensor size: 1 x 128
CustomSensorArray - Final normalized sensor size: 1 x 128
CustomSensorArray - Final normalized sensor size: 1 x 128
CustomSensorArray - Final normalized sensor size: 1 x 128
CustomSensorArray - Final normalized sensor size: 1 x 128
CustomSensorArray - Final normalized sensor size: 1 x 128
CustomSensorArray - Final normalized sensor size: 1 x 128
CustomSensorArray - Final normalized sensor size: 1 x 128
CustomSensorArray - Final normalized sensor size: 1 x 128
CustomSensorArray - Final normalized sensor size: 1 x 128
CustomSensorArray - Final normalized sensor size: 1 x 128
CustomSensorArray - Final normalized sensor size: 1 x 128
CustomSensorArray - Final normalized sensor size: 1 x 128
CustomSensorArray - Final normalized sensor size: 1 x 128
CustomSensorArray - Final normalized sensor size: 1 x 128
CustomSensorArray - Final normalized sensor size: 1 x 128
CustomSensorArray - Final normalized sensor size: 1 x 128
CustomSensorArray - Final normalized sensor size: 1 x 128
CustomSensorArray - Final normalized sensor size: 1 x 128
CustomSensorArray - Final normalized sensor size: 1 x 128
CustomSensorArray - Final normalized sensor size: 1 x 128
CustomSensorArray - Final normalized sensor size: 1 x 128
CustomSensorArray - Final normalized sensor size: 1 x 128
CustomSensorArray - Final normalized sensor size: 1 x 128
CustomSensorArray - Final normalized sensor size: 1 x 128
CustomSensorArray - Final normalized sensor size: 1 x 128
CustomSensorArray - Final normalized sensor size: 1 x 128
CustomSensorArray - Final normalized sensor size: 1 x 128
CustomSensorArray - Final normalized sensor size: 1 x 128
CustomSensorArray - Final normalized sensor size: 1 x 128
CustomSensorArray - Final normalized sensor size: 1 x 128
CustomSensorArray - Final normalized sensor size: 1 x 128
CustomSensorArray - Final normalized sensor size: 1 x 128
CustomSensorArray - Final normalized sensor size: 1 x 128
CustomSensorArray - Final normalized sensor size: 1 x 128
CustomSensorArray - Final normalized sensor size: 1 x 128
CustomSensorArray - Final normalized sensor size: 1 x 128
CustomSensorArray - Final normalized sensor size: 1 x 128
CustomSensorArray - Final normalized sensor size: 1 x 128
CustomSensorArray - Final normalized sensor size: 1 x 128
CustomSensorArray - Final normalized sensor size: 1 x 128
CustomSensorArray - Final normalized sensor size: 1 x 128
CustomSensorArray - Final normalized sensor size: 1 x 128
CustomSensorArray - Final normalized sensor size: 1 x 128
CustomSensorArray - Final normalized sensor size: 1 x 128
CustomSensorArray - Final normalized sensor size: 1 x 128
CustomSensorArray - Final normalized sensor size: 1 x 128
CustomSensorArray - Final normalized sensor size: 1 x 128
CustomSensorArray - Final normalized sensor size: 1 x 128
CustomSensorArray - Final normalized sensor size: 1 x 128
CustomSensorArray - Final normalized sensor size: 1 x 128
CustomSensorArray - Final normalized sensor size: 1 x 128
CustomSensorArray - Final normalized sensor size: 1 x 128
CustomSensorArray - Final normalized sensor size: 1 x 128
CustomSensorArray - Final normalized sensor size: 1 x 128
CustomSensorArray - Final normalized sensor size: 1 x 128
CustomSensorArray - Final normalized sensor size: 1 x 128
CustomSensorArray - Final normalized sensor size: 1 x 128
CustomSensorArray - Final normalized sensor size: 1 x 128
CustomSensorArray - Final normalized sensor size: 1 x 128
CustomSensorArray - Final normalized sensor size: 1 x 128
CustomSensorArray - Final normalized sensor size: 1 x 128
CustomSensorArray - Final normalized sensor size: 1 x 128
CustomSensorArray - Final normalized sensor size: 1 x 128
CustomSensorArray - Final normalized sensor size: 1 x 128
CustomSensorArray - Final normalized sensor size: 1 x 128
CustomSensorArray - Final normalized sensor size: 1 x 128
CustomSensorArray - Final normalized sensor size: 1 x 128
CustomSensorArray - Final normalized sensor size: 1 x 128
CustomSensorArray - Final normalized sensor size: 1 x 128
CustomSensorArray - Final normalized sensor size: 1 x 128
CustomSensorArray - Final normalized sensor size: 1 x 128
CustomSensorArray - Final normalized sensor size: 1 x 128
CustomSensorArray - Final normalized sensor size: 1 x 128
CustomSensorArray - Final normalized sensor size: 1 x 128
CustomSensorArray - Final normalized sensor size: 1 x 128
CustomSensorArray - Final normalized sensor size: 1 x 128
CustomSensorArray - Final normalized sensor size: 1 x 128
CustomSensorArray - Final normalized sensor size: 1 x 128
CustomSensorArray - Final normalized sensor size: 1 x 128
CustomSensorArray - Final normalized sensor size: 1 x 128
CustomSensorArray - Final normalized sensor size: 1 x 128
CustomSensorArray - Final normalized sensor size: 1 x 128
CustomSensorArray - Final normalized sensor size: 1 x 128
CustomSensorArray - Final normalized sensor size: 1 x 128
CustomSensorArray - Final normalized sensor size: 1 x 128
CustomSensorArray - Final normalized sensor size: 1 x 128
CustomSensorArray - Final normalized sensor size: 1 x 128
CustomSensorArray - Final normalized sensor size: 1 x 128
CustomSensorArray - Final normalized sensor size: 1 x 128
CustomSensorArray - Final normalized sensor size: 1 x 128
CustomSensorArray - Final normalized sensor size: 1 x 128
CustomSensorArray - Final normalized sensor size: 1 x 128
CustomSensorArray - Final normalized sensor size: 1 x 128
CustomSensorArray - Final normalized sensor size: 1 x 128
CustomSensorArray - Final normalized sensor size: 1 x 128
CustomSensorArray - Final normalized sensor size: 1 x 128
CustomSensorArray - Final normalized sensor size: 1 x 128
CustomSensorArray - Final normalized sensor size: 1 x 128
CustomSensorArray - Final normalized sensor size: 1 x 128
CustomSensorArray - Final normalized sensor size: 1 x 128
CustomSensorArray - Final normalized sensor size: 1 x 128
CustomSensorArray - Final normalized sensor size: 1 x 128
CustomSensorArray - Final normalized sensor size: 1 x 128
CustomSensorArray - Final normalized sensor size: 1 x 128
CustomSensorArray - Final normalized sensor size: 1 x 128
CustomSensorArray - Final normalized sensor size: 1 x 128
CustomSensorArray - Final normalized sensor size: 1 x 128
CustomSensorArray - Final normalized sensor size: 1 x 128
CustomSensorArray - Final normalized sensor size: 1 x 128
CustomSensorArray - Final normalized sensor size: 1 x 128
CustomSensorArray - Final normalized sensor size: 1 x 128
CustomSensorArray - Final normalized sensor size: 1 x 128
CustomSensorArray - Final normalized sensor size: 1 x 128
CustomSensorArray - Final normalized sensor size: 1 x 128
CustomSensorArray - Final normalized sensor size: 1 x 128
CustomSensorArray - Final normalized sensor size: 1 x 128
CustomSensorArray - Final normalized sensor size: 1 x 128
CustomSensorArray - Final normalized sensor size: 1 x 128
CustomSensorArray - Final normalized sensor size: 1 x 128
CustomSensorArray - Final normalized sensor size: 1 x 128
CustomSensorArray - Final normalized sensor size: 1 x 128
CustomSensorArray - Final normalized sensor size: 1 x 128
CustomSensorArray - Final normalized sensor size: 1 x 128
CustomSensorArray - Final normalized sensor size: 1 x 128
CustomSensorArray - Final normalized sensor size: 1 x 128
CustomSensorArray - Final normalized sensor size: 1 x 128
CustomSensorArray - Final normalized sensor size: 1 x 128
CustomSensorArray - Final normalized sensor size: 1 x 128
CustomSensorArray - Final normalized sensor size: 1 x 128
CustomSensorArray - Final normalized sensor size: 1 x 128
CustomSensorArray - Final normalized sensor size: 1 x 128
CustomSensorArray - Final normalized sensor size: 1 x 128
CustomSensorArray - Final normalized sensor size: 1 x 128
CustomSensorArray - Final normalized sensor size: 1 x 128
CustomSensorArray - Final normalized sensor size: 1 x 128
CustomSensorArray - Final normalized sensor size: 1 x 128
CustomSensorArray - Final normalized sensor size: 1 x 128
CustomSensorArray - Final normalized sensor size: 1 x 128
CustomSensorArray - Final normalized sensor size: 1 x 128
CustomSensorArray - Final normalized sensor size: 1 x 128
CustomSensorArray - Final normalized sensor size: 1 x 128
CustomSensorArray - Final normalized sensor size: 1 x 128
CustomSensorArray - Final normalized sensor size: 1 x 128
CustomSensorArray - Final normalized sensor size: 1 x 128
CustomSensorArray - Final normalized sensor size: 1 x 128
CustomSensorArray - Final normalized sensor size: 1 x 128
CustomSensorArray - Final normalized sensor size: 1 x 128
CustomSensorArray - Final normalized sensor size: 1 x 128
CustomSensorArray - Final normalized sensor size: 1 x 128
CustomSensorArray - Final normalized sensor size: 1 x 128
CustomSensorArray - Final normalized sensor size: 1 x 128
CustomSensorArray - Final normalized sensor size: 1 x 128
CustomSensorArray - Final normalized sensor size: 1 x 128
CustomSensorArray - Final normalized sensor size: 1 x 128
CustomSensorArray - Final normalized sensor size: 1 x 128
CustomSensorArray - Final normalized sensor size: 1 x 128
CustomSensorArray - Final normalized sensor size: 1 x 128
CustomSensorArray - Final normalized sensor size: 1 x 128
CustomSensorArray - Final normalized sensor size: 1 x 128
CustomSensorArray - Final normalized sensor size: 1 x 128
CustomSensorArray - Final normalized sensor size: 1 x 128
CustomSensorArray - Final normalized sensor size: 1 x 128
CustomSensorArray - Final normalized sensor size: 1 x 128
CustomSensorArray - Final normalized sensor size: 1 x 128
CustomSensorArray - Final normalized sensor size: 1 x 128
CustomSensorArray - Final normalized sensor size: 1 x 128
CustomSensorArray - Final normalized sensor size: 1 x 128
CustomSensorArray - Final normalized sensor size: 1 x 128
CustomSensorArray - Final normalized sensor size: 1 x 128
CustomSensorArray - Final normalized sensor size: 1 x 128
CustomSensorArray - Final normalized sensor size: 1 x 128
CustomSensorArray - Final normalized sensor size: 1 x 128
CustomSensorArray - Final normalized sensor size: 1 x 128
CustomSensorArray - Final normalized sensor size: 1 x 128
CustomSensorArray - Final normalized sensor size: 1 x 128
CustomSensorArray - Final normalized sensor size: 1 x 128
CustomSensorArray - Final normalized sensor size: 1 x 128
CustomSensorArray - Final normalized sensor size: 1 x 128
CustomSensorArray - Final normalized sensor size: 1 x 128
CustomSensorArray - Final normalized sensor size: 1 x 128
CustomSensorArray - Final normalized sensor size: 1 x 128
CustomSensorArray - Final normalized sensor size: 1 x 128
CustomSensorArray - Final normalized sensor size: 1 x 128
CustomSensorArray - Final normalized sensor size: 1 x 128
CustomSensorArray - Final normalized sensor size: 1 x 128
CustomSensorArray - Final normalized sensor size: 1 x 128
CustomSensorArray - Final normalized sensor size: 1 x 128
CustomSensorArray - Final normalized sensor size: 1 x 128
CustomSensorArray - Final normalized sensor size: 1 x 128
CustomSensorArray - Final normalized sensor size: 1 x 128
CustomSensorArray - Final normalized sensor size: 1 x 128
CustomSensorArray - Final normalized sensor size: 1 x 128
CustomSensorArray - Final normalized sensor size: 1 x 128
CustomSensorArray - Final normalized sensor size: 1 x 128
CustomSensorArray - Final normalized sensor size: 1 x 128
CustomSensorArray - Final normalized sensor size: 1 x 128
CustomSensorArray - Final normalized sensor size: 1 x 128
CustomSensorArray - Final normalized sensor size: 1 x 128
CustomSensorArray - Final normalized sensor size: 1 x 128
CustomSensorArray - Final normalized sensor size: 1 x 128
CustomSensorArray - Final normalized sensor size: 1 x 128
CustomSensorArray - Final normalized sensor size: 1 x 128
CustomSensorArray - Final normalized sensor size: 1 x 128
CustomSensorArray - Final normalized sensor size: 1 x 128
CustomSensorArray - Final normalized sensor size: 1 x 128
CustomSensorArray - Final normalized sensor size: 1 x 128
CustomSensorArray - Final normalized sensor size: 1 x 128
CustomSensorArray - Final normalized sensor size: 1 x 128
CustomSensorArray - Final normalized sensor size: 1 x 128
CustomSensorArray - Final normalized sensor size: 1 x 128
CustomSensorArray - Final normalized sensor size: 1 x 128
CustomSensorArray - Final normalized sensor size: 1 x 128
CustomSensorArray - Final normalized sensor size: 1 x 128
CustomSensorArray - Final normalized sensor size: 1 x 128
CustomSensorArray - Final normalized sensor size: 1 x 128
CustomSensorArray - Final normalized sensor size: 1 x 128
CustomSensorArray - Final normalized sensor size: 1 x 128
CustomSensorArray - Final normalized sensor size: 1 x 128
CustomSensorArray - Final normalized sensor size: 1 x 128
CustomSensorArray - Final normalized sensor size: 1 x 128
CustomSensorArray - Final normalized sensor size: 1 x 128
CustomSensorArray - Final normalized sensor size: 1 x 128
CustomSensorArray - Final normalized sensor size: 1 x 128
CustomSensorArray - Final normalized sensor size: 1 x 128
CustomSensorArray - Final normalized sensor size: 1 x 128
CustomSensorArray - Final normalized sensor size: 1 x 128
CustomSensorArray - Final normalized sensor size: 1 x 128
CustomSensorArray - Final normalized sensor size: 1 x 128
CustomSensorArray - Final normalized sensor size: 1 x 128
CustomSensorArray - Final normalized sensor size: 1 x 128
CustomSensorArray - Final normalized sensor size: 1 x 128
CustomSensorArray - Final normalized sensor size: 1 x 128
CustomSensorArray - Final normalized sensor size: 1 x 128
CustomSensorArray - Final normalized sensor size: 1 x 128
CustomSensorArray - Final normalized sensor size: 1 x 128
CustomSensorArray - Final normalized sensor size: 1 x 128
CustomSensorArray - Final normalized sensor size: 1 x 128
CustomSensorArray - Final normalized sensor size: 1 x 128
CustomSensorArray - Final normalized sensor size: 1 x 128
CustomSensorArray - Final normalized sensor size: 1 x 128
CustomSensorArray - Final normalized sensor size: 1 x 128
CustomSensorArray - Final normalized sensor size: 1 x 128
CustomSensorArray - Final normalized sensor size: 1 x 128
CustomSensorArray - Final normalized sensor size: 1 x 128
CustomSensorArray - Final normalized sensor size: 1 x 128
CustomSensorArray - Final normalized sensor size: 1 x 128
CustomSensorArray - Final normalized sensor size: 1 x 128
CustomSensorArray - Final normalized sensor size: 1 x 128
CustomSensorArray - Final normalized sensor size: 1 x 128
CustomSensorArray - Final normalized sensor size: 1 x 128
CustomSensorArray - Final normalized sensor size: 1 x 128
CustomSensorArray - Final normalized sensor size: 1 x 128
CustomSensorArray - Final normalized sensor size: 1 x 128
CustomSensorArray - Final normalized sensor size: 1 x 128
CustomSensorArray - Final normalized sensor size: 1 x 128
CustomSensorArray - Final normalized sensor size: 1 x 128
CustomSensorArray - Final normalized sensor size: 1 x 128
CustomSensorArray - Final normalized sensor size: 1 x 128
CustomSensorArray - Final normalized sensor size: 1 x 128
CustomSensorArray - Final normalized sensor size: 1 x 128
CustomSensorArray - Final normalized sensor size: 1 x 128
CustomSensorArray - Final normalized sensor size: 1 x 128
CustomSensorArray - Final normalized sensor size: 1 x 128
CustomSensorArray - Final normalized sensor size: 1 x 128
CustomSensorArray - Final normalized sensor size: 1 x 128
CustomSensorArray - Final normalized sensor size: 1 x 128
CustomSensorArray - Final normalized sensor size: 1 x 128
CustomSensorArray - Final normalized sensor size: 1 x 128
CustomSensorArray - Final normalized sensor size: 1 x 128
CustomSensorArray - Final normalized sensor size: 1 x 128
CustomSensorArray - Final normalized sensor size: 1 x 128
CustomSensorArray - Final normalized sensor size: 1 x 128
CustomSensorArray - Final normalized sensor size: 1 x 128
CustomSensorArray - Final normalized sensor size: 1 x 128
CustomSensorArray - Final normalized sensor size: 1 x 128
CustomSensorArray - Final normalized sensor size: 1 x 128
CustomSensorArray - Final normalized sensor size: 1 x 128
CustomSensorArray - Final normalized sensor size: 1 x 128
CustomSensorArray - Final normalized sensor size: 1 x 128
CustomSensorArray - Final normalized sensor size: 1 x 128
CustomSensorArray - Final normalized sensor size: 1 x 128
CustomSensorArray - Final normalized sensor size: 1 x 128
CustomSensorArray - Final normalized sensor size: 1 x 128
CustomSensorArray - Final normalized sensor size: 1 x 128
CustomSensorArray - Final normalized sensor size: 1 x 128
CustomSensorArray - Final normalized sensor size: 1 x 128
CustomSensorArray - Final normalized sensor size: 1 x 128
CustomSensorArray - Final normalized sensor size: 1 x 128
CustomSensorArray - Final normalized sensor size: 1 x 128
CustomSensorArray - Final normalized sensor size: 1 x 128
CustomSensorArray - Final normalized sensor size: 1 x 128
CustomSensorArray - Final normalized sensor size: 1 x 128
CustomSensorArray - Final normalized sensor size: 1 x 128
CustomSensorArray - Final normalized sensor size: 1 x 128
CustomSensorArray - Final normalized sensor size: 1 x 128
CustomSensorArray - Final normalized sensor size: 1 x 128
CustomSensorArray - Final normalized sensor size: 1 x 128
CustomSensorArray - Final normalized sensor size: 1 x 128
CustomSensorArray - Final normalized sensor size: 1 x 128
CustomSensorArray - Final normalized sensor size: 1 x 128
CustomSensorArray - Final normalized sensor size: 1 x 128
CustomSensorArray - Final normalized sensor size: 1 x 128
CustomSensorArray - Final normalized sensor size: 1 x 128
CustomSensorArray - Final normalized sensor size: 1 x 128
CustomSensorArray - Final normalized sensor size: 1 x 128
CustomSensorArray - Final normalized sensor size: 1 x 128
CustomSensorArray - Final normalized sensor size: 1 x 128
CustomSensorArray - Final normalized sensor size: 1 x 128
CustomSensorArray - Final normalized sensor size: 1 x 128
CustomSensorArray - Final normalized sensor size: 1 x 128
CustomSensorArray - Final normalized sensor size: 1 x 128
CustomSensorArray - Final normalized sensor size: 1 x 128
CustomSensorArray - Final normalized sensor size: 1 x 128
CustomSensorArray - Final normalized sensor size: 1 x 128
CustomSensorArray - Final normalized sensor size: 1 x 128
CustomSensorArray - Final normalized sensor size: 1 x 128
CustomSensorArray - Final normalized sensor size: 1 x 128
CustomSensorArray - Final normalized sensor size: 1 x 128
CustomSensorArray - Final normalized sensor size: 1 x 128
CustomSensorArray - Final normalized sensor size: 1 x 128
CustomSensorArray - Final normalized sensor size: 1 x 128
CustomSensorArray - Final normalized sensor size: 1 x 128
CustomSensorArray - Final normalized sensor size: 1 x 128
CustomSensorArray - Final normalized sensor size: 1 x 128
CustomSensorArray - Final normalized sensor size: 1 x 128
CustomSensorArray - Final normalized sensor size: 1 x 128
CustomSensorArray - Final normalized sensor size: 1 x 128
CustomSensorArray - Final normalized sensor size: 1 x 128
CustomSensorArray - Final normalized sensor size: 1 x 128
CustomSensorArray - Final normalized sensor size: 1 x 128
CustomSensorArray - Final normalized sensor size: 1 x 128
CustomSensorArray - Final normalized sensor size: 1 x 128
CustomSensorArray - Final normalized sensor size: 1 x 128
CustomSensorArray - Final normalized sensor size: 1 x 128
CustomSensorArray - Final normalized sensor size: 1 x 128
CustomSensorArray - Final normalized sensor size: 1 x 128
CustomSensorArray - Final normalized sensor size: 1 x 128
CustomSensorArray - Final normalized sensor size: 1 x 128
CustomSensorArray - Final normalized sensor size: 1 x 128
CustomSensorArray - Final normalized sensor size: 1 x 128
CustomSensorArray - Final normalized sensor size: 1 x 128
CustomSensorArray - Final normalized sensor size: 1 x 128
CustomSensorArray - Final normalized sensor size: 1 x 128
CustomSensorArray - Final normalized sensor size: 1 x 128
CustomSensorArray - Final normalized sensor size: 1 x 128
CustomSensorArray - Final normalized sensor size: 1 x 128
CustomSensorArray - Final normalized sensor size: 1 x 128
CustomSensorArray - Final normalized sensor size: 1 x 128
CustomSensorArray - Final normalized sensor size: 1 x 128
CustomSensorArray - Final normalized sensor size: 1 x 128
CustomSensorArray - Final normalized sensor size: 1 x 128
CustomSensorArray - Final normalized sensor size: 1 x 128
CustomSensorArray - Final normalized sensor size: 1 x 128
CustomSensorArray - Final normalized sensor size: 1 x 128
CustomSensorArray - Final normalized sensor size: 1 x 128
CustomSensorArray - Final normalized sensor size: 1 x 128
CustomSensorArray - Final normalized sensor size: 1 x 128
CustomSensorArray - Final normalized sensor size: 1 x 128
CustomSensorArray - Final normalized sensor size: 1 x 128
CustomSensorArray - Final normalized sensor size: 1 x 128
CustomSensorArray - Final normalized sensor size: 1 x 128
CustomSensorArray - Final normalized sensor size: 1 x 128
CustomSensorArray - Final normalized sensor size: 1 x 128
CustomSensorArray - Final normalized sensor size: 1 x 128
CustomSensorArray - Final normalized sensor size: 1 x 128
CustomSensorArray - Final normalized sensor size: 1 x 128
CustomSensorArray - Final normalized sensor size: 1 x 128
CustomSensorArray - Final normalized sensor size: 1 x 128
CustomSensorArray - Final normalized sensor size: 1 x 128
CustomSensorArray - Final normalized sensor size: 1 x 128
CustomSensorArray - Final normalized sensor size: 1 x 128
CustomSensorArray - Final normalized sensor size: 1 x 128
CustomSensorArray - Final normalized sensor size: 1 x 128
CustomSensorArray - Final normalized sensor size: 1 x 128
CustomSensorArray - Final normalized sensor size: 1 x 128
CustomSensorArray - Final normalized sensor size: 1 x 128
CustomSensorArray - Final normalized sensor size: 1 x 128
CustomSensorArray - Final normalized sensor size: 1 x 128
CustomSensorArray - Final normalized sensor size: 1 x 128
CustomSensorArray - Final normalized sensor size: 1 x 128
CustomSensorArray - Final normalized sensor size: 1 x 128
CustomSensorArray - Final normalized sensor size: 1 x 128
CustomSensorArray - Final normalized sensor size: 1 x 128
CustomSensorArray - Final normalized sensor size: 1 x 128
CustomSensorArray - Final normalized sensor size: 1 x 128
CustomSensorArray - Final normalized sensor size: 1 x 128
CustomSensorArray - Final normalized sensor size: 1 x 128
CustomSensorArray - Final normalized sensor size: 1 x 128
CustomSensorArray - Final normalized sensor size: 1 x 128
CustomSensorArray - Final normalized sensor size: 1 x 128
CustomSensorArray - Final normalized sensor size: 1 x 128
CustomSensorArray - Final normalized sensor size: 1 x 128
CustomSensorArray - Final normalized sensor size: 1 x 128
CustomSensorArray - Final normalized sensor size: 1 x 128
CustomSensorArray - Final normalized sensor size: 1 x 128
CustomSensorArray - Final normalized sensor size: 1 x 128
CustomSensorArray - Final normalized sensor size: 1 x 128
CustomSensorArray - Final normalized sensor size: 1 x 128
CustomSensorArray - Final normalized sensor size: 1 x 128
CustomSensorArray - Final normalized sensor size: 1 x 128
CustomSensorArray - Final normalized sensor size: 1 x 128
CustomSensorArray - Final normalized sensor size: 1 x 128
CustomSensorArray - Final normalized sensor size: 1 x 128
CustomSensorArray - Final normalized sensor size: 1 x 128
CustomSensorArray - Final normalized sensor size: 1 x 128
CustomSensorArray - Final normalized sensor size: 1 x 128
CustomSensorArray - Final normalized sensor size: 1 x 128
CustomSensorArray - Final normalized sensor size: 1 x 128
CustomSensorArray - Final normalized sensor size: 1 x 128
CustomSensorArray - Final normalized sensor size: 1 x 128
CustomSensorArray - Final normalized sensor size: 1 x 128
CustomSensorArray - Final normalized sensor size: 1 x 128
CustomSensorArray - Final normalized sensor size: 1 x 128
CustomSensorArray - Final normalized sensor size: 1 x 128
CustomSensorArray - Final normalized sensor size: 1 x 128
CustomSensorArray - Final normalized sensor size: 1 x 128
CustomSensorArray - Final normalized sensor size: 1 x 128
CustomSensorArray - Final normalized sensor size: 1 x 128
CustomSensorArray - Final normalized sensor size: 1 x 128
CustomSensorArray - Final normalized sensor size: 1 x 128
CustomSensorArray - Final normalized sensor size: 1 x 128
CustomSensorArray - Final normalized sensor size: 1 x 128
CustomSensorArray - Final normalized sensor size: 1 x 128
CustomSensorArray - Final normalized sensor size: 1 x 128
CustomSensorArray - Final normalized sensor size: 1 x 128
CustomSensorArray - Final normalized sensor size: 1 x 128
CustomSensorArray - Final normalized sensor size: 1 x 128
CustomSensorArray - Final normalized sensor size: 1 x 128
CustomSensorArray - Final normalized sensor size: 1 x 128
CustomSensorArray - Final normalized sensor size: 1 x 128
CustomSensorArray - Final normalized sensor size: 1 x 128
CustomSensorArray - Final normalized sensor size: 1 x 128
CustomSensorArray - Final normalized sensor size: 1 x 128
CustomSensorArray - Final normalized sensor size: 1 x 128
CustomSensorArray - Final normalized sensor size: 1 x 128
CustomSensorArray - Final normalized sensor size: 1 x 128
CustomSensorArray - Final normalized sensor size: 1 x 128
CustomSensorArray - Final normalized sensor size: 1 x 128
CustomSensorArray - Final normalized sensor size: 1 x 128
CustomSensorArray - Final normalized sensor size: 1 x 128
CustomSensorArray - Final normalized sensor size: 1 x 128
CustomSensorArray - Final normalized sensor size: 1 x 128
CustomSensorArray - Final normalized sensor size: 1 x 128
CustomSensorArray - Final normalized sensor size: 1 x 128
CustomSensorArray - Final normalized sensor size: 1 x 128
CustomSensorArray - Final normalized sensor size: 1 x 128
CustomSensorArray - Final normalized sensor size: 1 x 128
CustomSensorArray - Final normalized sensor size: 1 x 128
CustomSensorArray - Final normalized sensor size: 1 x 128
CustomSensorArray - Final normalized sensor size: 1 x 128
CustomSensorArray - Final normalized sensor size: 1 x 128
CustomSensorArray - Final normalized sensor size: 1 x 128
CustomSensorArray - Final normalized sensor size: 1 x 128
CustomSensorArray - Final normalized sensor size: 1 x 128
CustomSensorArray - Final normalized sensor size: 1 x 128
CustomSensorArray - Final normalized sensor size: 1 x 128
CustomSensorArray - Final normalized sensor size: 1 x 128
CustomSensorArray - Final normalized sensor size: 1 x 128
CustomSensorArray - Final normalized sensor size: 1 x 128
CustomSensorArray - Final normalized sensor size: 1 x 128
CustomSensorArray - Final normalized sensor size: 1 x 128
CustomSensorArray - Final normalized sensor size: 1 x 128
CustomSensorArray - Final normalized sensor size: 1 x 128
CustomSensorArray - Final normalized sensor size: 1 x 128
CustomSensorArray - Final normalized sensor size: 1 x 128
CustomSensorArray - Final normalized sensor size: 1 x 128
CustomSensorArray - Final normalized sensor size: 1 x 128
CustomSensorArray - Final normalized sensor size: 1 x 128
CustomSensorArray - Final normalized sensor size: 1 x 128
CustomSensorArray - Final normalized sensor size: 1 x 128
CustomSensorArray - Final normalized sensor size: 1 x 128
CustomSensorArray - Final normalized sensor size: 1 x 128
CustomSensorArray - Final normalized sensor size: 1 x 128
CustomSensorArray - Final normalized sensor size: 1 x 128
CustomSensorArray - Final normalized sensor size: 1 x 128
CustomSensorArray - Final normalized sensor size: 1 x 128
CustomSensorArray - Final normalized sensor size: 1 x 128
CustomSensorArray - Final normalized sensor size: 1 x 128
CustomSensorArray - Final normalized sensor size: 1 x 128
CustomSensorArray - Final normalized sensor size: 1 x 128
CustomSensorArray - Final normalized sensor size: 1 x 128
CustomSensorArray - Final normalized sensor size: 1 x 128
CustomSensorArray - Final normalized sensor size: 1 x 128
CustomSensorArray - Final normalized sensor size: 1 x 128
CustomSensorArray - Final normalized sensor size: 1 x 128
CustomSensorArray - Final normalized sensor size: 1 x 128
CustomSensorArray - Final normalized sensor size: 1 x 128
CustomSensorArray - Final normalized sensor size: 1 x 128
CustomSensorArray - Final normalized sensor size: 1 x 128
CustomSensorArray - Final normalized sensor size: 1 x 128
CustomSensorArray - Final normalized sensor size: 1 x 128
CustomSensorArray - Final normalized sensor size: 1 x 128
CustomSensorArray - Final normalized sensor size: 1 x 128
CustomSensorArray - Final normalized sensor size: 1 x 128
CustomSensorArray - Final normalized sensor size: 1 x 128
CustomSensorArray - Final normalized sensor size: 1 x 128
CustomSensorArray - Final normalized sensor size: 1 x 128
CustomSensorArray - Final normalized sensor size: 1 x 128
CustomSensorArray - Final normalized sensor size: 1 x 128
CustomSensorArray - Final normalized sensor size: 1 x 128
CustomSensorArray - Final normalized sensor size: 1 x 128
CustomSensorArray - Final normalized sensor size: 1 x 128
CustomSensorArray - Final normalized sensor size: 1 x 128
CustomSensorArray - Final normalized sensor size: 1 x 128
CustomSensorArray - Final normalized sensor size: 1 x 128
CustomSensorArray - Final normalized sensor size: 1 x 128
CustomSensorArray - Final normalized sensor size: 1 x 128
CustomSensorArray - Final normalized sensor size: 1 x 128
CustomSensorArray - Final normalized sensor size: 1 x 128
CustomSensorArray - Final normalized sensor size: 1 x 128
CustomSensorArray - Final normalized sensor size: 1 x 128
CustomSensorArray - Final normalized sensor size: 1 x 128
CustomSensorArray - Final normalized sensor size: 1 x 128
CustomSensorArray - Final normalized sensor size: 1 x 128
CustomSensorArray - Final normalized sensor size: 1 x 128
CustomSensorArray - Final normalized sensor size: 1 x 128
CustomSensorArray - Final normalized sensor size: 1 x 128
CustomSensorArray - Final normalized sensor size: 1 x 128
CustomSensorArray - Final normalized sensor size: 1 x 128
CustomSensorArray - Final normalized sensor size: 1 x 128
CustomSensorArray - Final normalized sensor size: 1 x 128
CustomSensorArray - Final normalized sensor size: 1 x 128
CustomSensorArray - Final normalized sensor size: 1 x 128
CustomSensorArray - Final normalized sensor size: 1 x 128
CustomSensorArray - Final normalized sensor size: 1 x 128
CustomSensorArray - Final normalized sensor size: 1 x 128
CustomSensorArray - Final normalized sensor size: 1 x 128
CustomSensorArray - Final normalized sensor size: 1 x 128
CustomSensorArray - Final normalized sensor size: 1 x 128
CustomSensorArray - Final normalized sensor size: 1 x 128
CustomSensorArray - Final normalized sensor size: 1 x 128
CustomSensorArray - Final normalized sensor size: 1 x 128
CustomSensorArray - Final normalized sensor size: 1 x 128
CustomSensorArray - Final normalized sensor size: 1 x 128
CustomSensorArray - Final normalized sensor size: 1 x 128
CustomSensorArray - Final normalized sensor size: 1 x 128
CustomSensorArray - Final normalized sensor size: 1 x 128
CustomSensorArray - Final normalized sensor size: 1 x 128
CustomSensorArray - Final normalized sensor size: 1 x 128
CustomSensorArray - Final normalized sensor size: 1 x 128
CustomSensorArray - Final normalized sensor size: 1 x 128
CustomSensorArray - Final normalized sensor size: 1 x 128
CustomSensorArray - Final normalized sensor size: 1 x 128
CustomSensorArray - Final normalized sensor size: 1 x 128
CustomSensorArray - Final normalized sensor size: 1 x 128
CustomSensorArray - Final normalized sensor size: 1 x 128
CustomSensorArray - Final normalized sensor size: 1 x 128
CustomSensorArray - Final normalized sensor size: 1 x 128
CustomSensorArray - Final normalized sensor size: 1 x 128
CustomSensorArray - Final normalized sensor size: 1 x 128
CustomSensorArray - Final normalized sensor size: 1 x 128
CustomSensorArray - Final normalized sensor size: 1 x 128
CustomSensorArray - Final normalized sensor size: 1 x 128
CustomSensorArray - Final normalized sensor size: 1 x 128
CustomSensorArray - Final normalized sensor size: 1 x 128
CustomSensorArray - Final normalized sensor size: 1 x 128
CustomSensorArray - Final normalized sensor size: 1 x 128
CustomSensorArray - Final normalized sensor size: 1 x 128
CustomSensorArray - Final normalized sensor size: 1 x 128
CustomSensorArray - Final normalized sensor size: 1 x 128
CustomSensorArray - Final normalized sensor size: 1 x 128
CustomSensorArray - Final normalized sensor size: 1 x 128
CustomSensorArray - Final normalized sensor size: 1 x 128
CustomSensorArray - Final normalized sensor size: 1 x 128
CustomSensorArray - Final normalized sensor size: 1 x 128
CustomSensorArray - Final normalized sensor size: 1 x 128
CustomSensorArray - Final normalized sensor size: 1 x 128
CustomSensorArray - Final normalized sensor size: 1 x 128
CustomSensorArray - Final normalized sensor size: 1 x 128
CustomSensorArray - Final normalized sensor size: 1 x 128
CustomSensorArray - Final normalized sensor size: 1 x 128
CustomSensorArray - Final normalized sensor size: 1 x 128
CustomSensorArray - Final normalized sensor size: 1 x 128
CustomSensorArray - Final normalized sensor size: 1 x 128
CustomSensorArray - Final normalized sensor size: 1 x 128
CustomSensorArray - Final normalized sensor size: 1 x 128
CustomSensorArray - Final normalized sensor size: 1 x 128
CustomSensorArray - Final normalized sensor size: 1 x 128
CustomSensorArray - Final normalized sensor size: 1 x 128
CustomSensorArray - Final normalized sensor size: 1 x 128
CustomSensorArray - Final normalized sensor size: 1 x 128
CustomSensorArray - Final normalized sensor size: 1 x 128
CustomSensorArray - Final normalized sensor size: 1 x 128
CustomSensorArray - Final normalized sensor size: 1 x 128
CustomSensorArray - Final normalized sensor size: 1 x 128
CustomSensorArray - Final normalized sensor size: 1 x 128
CustomSensorArray - Final normalized sensor size: 1 x 128
CustomSensorArray - Final normalized sensor size: 1 x 128
CustomSensorArray - Final normalized sensor size: 1 x 128
CustomSensorArray - Final normalized sensor size: 1 x 128
CustomSensorArray - Final normalized sensor size: 1 x 128
CustomSensorArray - Final normalized sensor size: 1 x 128
CustomSensorArray - Final normalized sensor size: 1 x 128
CustomSensorArray - Final normalized sensor size: 1 x 128
CustomSensorArray - Final normalized sensor size: 1 x 128
CustomSensorArray - Final normalized sensor size: 1 x 128
CustomSensorArray - Final normalized sensor size: 1 x 128
CustomSensorArray - Final normalized sensor size: 1 x 128
CustomSensorArray - Final normalized sensor size: 1 x 128
CustomSensorArray - Final normalized sensor size: 1 x 128
CustomSensorArray - Final normalized sensor size: 1 x 128
CustomSensorArray - Final normalized sensor size: 1 x 128
CustomSensorArray - Final normalized sensor size: 1 x 128
CustomSensorArray - Final normalized sensor size: 1 x 128
CustomSensorArray - Final normalized sensor size: 1 x 128
CustomSensorArray - Final normalized sensor size: 1 x 128
CustomSensorArray - Final normalized sensor size: 1 x 128
CustomSensorArray - Final normalized sensor size: 1 x 128
CustomSensorArray - Final normalized sensor size: 1 x 128
CustomSensorArray - Final normalized sensor size: 1 x 128
CustomSensorArray - Final normalized sensor size: 1 x 128
CustomSensorArray - Final normalized sensor size: 1 x 128
CustomSensorArray - Final normalized sensor size: 1 x 128
CustomSensorArray - Final normalized sensor size: 1 x 128
CustomSensorArray - Final normalized sensor size: 1 x 128
CustomSensorArray - Final normalized sensor size: 1 x 128
CustomSensorArray - Final normalized sensor size: 1 x 128
CustomSensorArray - Final normalized sensor size: 1 x 128
CustomSensorArray - Final normalized sensor size: 1 x 128
CustomSensorArray - Final normalized sensor size: 1 x 128
CustomSensorArray - Final normalized sensor size: 1 x 128
CustomSensorArray - Final normalized sensor size: 1 x 128
CustomSensorArray - Final normalized sensor size: 1 x 128
CustomSensorArray - Final normalized sensor size: 1 x 128
CustomSensorArray - Final normalized sensor size: 1 x 128
CustomSensorArray - Final normalized sensor size: 1 x 128
CustomSensorArray - Final normalized sensor size: 1 x 128
CustomSensorArray - Final normalized sensor size: 1 x 128
CustomSensorArray - Final normalized sensor size: 1 x 128
CustomSensorArray - Final normalized sensor size: 1 x 128
CustomSensorArray - Final normalized sensor size: 1 x 128
CustomSensorArray - Final normalized sensor size: 1 x 128
CustomSensorArray - Final normalized sensor size: 1 x 128
CustomSensorArray - Final normalized sensor size: 1 x 128
CustomSensorArray - Final normalized sensor size: 1 x 128
CustomSensorArray - Final normalized sensor size: 1 x 128
CustomSensorArray - Final normalized sensor size: 1 x 128
CustomSensorArray - Final normalized sensor size: 1 x 128
CustomSensorArray - Final normalized sensor size: 1 x 128
CustomSensorArray - Final normalized sensor size: 1 x 128
CustomSensorArray - Final normalized sensor size: 1 x 128
CustomSensorArray - Final normalized sensor size: 1 x 128
CustomSensorArray - Final normalized sensor size: 1 x 128
CustomSensorArray - Final normalized sensor size: 1 x 128
CustomSensorArray - Final normalized sensor size: 1 x 128
CustomSensorArray - Final normalized sensor size: 1 x 128
CustomSensorArray - Final normalized sensor size: 1 x 128
CustomSensorArray - Final normalized sensor size: 1 x 128
CustomSensorArray - Final normalized sensor size: 1 x 128
CustomSensorArray - Final normalized sensor size: 1 x 128
CustomSensorArray - Final normalized sensor size: 1 x 128
CustomSensorArray - Final normalized sensor size: 1 x 128
CustomSensorArray - Final normalized sensor size: 1 x 128
CustomSensorArray - Final normalized sensor size: 1 x 128
CustomSensorArray - Final normalized sensor size: 1 x 128
CustomSensorArray - Final normalized sensor size: 1 x 128
CustomSensorArray - Final normalized sensor size: 1 x 128
CustomSensorArray - Final normalized sensor size: 1 x 128
CustomSensorArray - Final normalized sensor size: 1 x 128
CustomSensorArray - Final normalized sensor size: 1 x 128
CustomSensorArray - Final normalized sensor size: 1 x 128
CustomSensorArray - Final normalized sensor size: 1 x 128
CustomSensorArray - Final normalized sensor size: 1 x 128
CustomSensorArray - Final normalized sensor size: 1 x 128
CustomSensorArray - Final normalized sensor size: 1 x 128
CustomSensorArray - Final normalized sensor size: 1 x 128
CustomSensorArray - Final normalized sensor size: 1 x 128
CustomSensorArray - Final normalized sensor size: 1 x 128
CustomSensorArray - Final normalized sensor size: 1 x 128
CustomSensorArray - Final normalized sensor size: 1 x 128
CustomSensorArray - Final normalized sensor size: 1 x 128
CustomSensorArray - Final normalized sensor size: 1 x 128
CustomSensorArray - Final normalized sensor size: 1 x 128
CustomSensorArray - Final normalized sensor size: 1 x 128
CustomSensorArray - Final normalized sensor size: 1 x 128
CustomSensorArray - Final normalized sensor size: 1 x 128
CustomSensorArray - Final normalized sensor size: 1 x 128
CustomSensorArray - Final normalized sensor size: 1 x 128
CustomSensorArray - Final normalized sensor size: 1 x 128
CustomSensorArray - Final normalized sensor size: 1 x 128
CustomSensorArray - Final normalized sensor size: 1 x 128
CustomSensorArray - Final normalized sensor size: 1 x 128
CustomSensorArray - Final normalized sensor size: 1 x 128
CustomSensorArray - Final normalized sensor size: 1 x 128
CustomSensorArray - Final normalized sensor size: 1 x 128
CustomSensorArray - Final normalized sensor size: 1 x 128
CustomSensorArray - Final normalized sensor size: 1 x 128
CustomSensorArray - Final normalized sensor size: 1 x 128
CustomSensorArray - Final normalized sensor size: 1 x 128
CustomSensorArray - Final normalized sensor size: 1 x 128
CustomSensorArray - Final normalized sensor size: 1 x 128
CustomSensorArray - Final normalized sensor size: 1 x 128
CustomSensorArray - Final normalized sensor size: 1 x 128
CustomSensorArray - Final normalized sensor size: 1 x 128
CustomSensorArray - Final normalized sensor size: 1 x 128
CustomSensorArray - Final normalized sensor size: 1 x 128
CustomSensorArray - Final normalized sensor size: 1 x 128
CustomSensorArray - Final normalized sensor size: 1 x 128
CustomSensorArray - Final normalized sensor size: 1 x 128
CustomSensorArray - Final normalized sensor size: 1 x 128
CustomSensorArray - Final normalized sensor size: 1 x 128
CustomSensorArray - Final normalized sensor size: 1 x 128
CustomSensorArray - Final normalized sensor size: 1 x 128
CustomSensorArray - Final normalized sensor size: 1 x 128
CustomSensorArray - Final normalized sensor size: 1 x 128
CustomSensorArray - Final normalized sensor size: 1 x 128
CustomSensorArray - Final normalized sensor size: 1 x 128
CustomSensorArray - Final normalized sensor size: 1 x 128
CustomSensorArray - Final normalized sensor size: 1 x 128
CustomSensorArray - Final normalized sensor size: 1 x 128
CustomSensorArray - Final normalized sensor size: 1 x 128
CustomSensorArray - Final normalized sensor size: 1 x 128
CustomSensorArray - Final normalized sensor size: 1 x 128
CustomSensorArray - Final normalized sensor size: 1 x 128
CustomSensorArray - Final normalized sensor size: 1 x 128
CustomSensorArray - Final normalized sensor size: 1 x 128
CustomSensorArray - Final normalized sensor size: 1 x 128
CustomSensorArray - Final normalized sensor size: 1 x 128
CustomSensorArray - Final normalized sensor size: 1 x 128
CustomSensorArray - Final normalized sensor size: 1 x 128
CustomSensorArray - Final normalized sensor size: 1 x 128
CustomSensorArray - Final normalized sensor size: 1 x 128
CustomSensorArray - Final normalized sensor size: 1 x 128
CustomSensorArray - Final normalized sensor size: 1 x 128
CustomSensorArray - Final normalized sensor size: 1 x 128
CustomSensorArray - Final normalized sensor size: 1 x 128
CustomSensorArray - Final normalized sensor size: 1 x 128
CustomSensorArray - Final normalized sensor size: 1 x 128
CustomSensorArray - Final normalized sensor size: 1 x 128
CustomSensorArray - Final normalized sensor size: 1 x 128
CustomSensorArray - Final normalized sensor size: 1 x 128
CustomSensorArray - Final normalized sensor size: 1 x 128
CustomSensorArray - Final normalized sensor size: 1 x 128
CustomSensorArray - Final normalized sensor size: 1 x 128
CustomSensorArray - Final normalized sensor size: 1 x 128
CustomSensorArray - Final normalized sensor size: 1 x 128
CustomSensorArray - Final normalized sensor size: 1 x 128
CustomSensorArray - Final normalized sensor size: 1 x 128
CustomSensorArray - Final normalized sensor size: 1 x 128
CustomSensorArray - Final normalized sensor size: 1 x 128
CustomSensorArray - Final normalized sensor size: 1 x 128
CustomSensorArray - Final normalized sensor size: 1 x 128
CustomSensorArray - Final normalized sensor size: 1 x 128
CustomSensorArray - Final normalized sensor size: 1 x 128
CustomSensorArray - Final normalized sensor size: 1 x 128
CustomSensorArray - Final normalized sensor size: 1 x 128
CustomSensorArray - Final normalized sensor size: 1 x 128
CustomSensorArray - Final normalized sensor size: 1 x 128
CustomSensorArray - Final normalized sensor size: 1 x 128
CustomSensorArray - Final normalized sensor size: 1 x 128
CustomSensorArray - Final normalized sensor size: 1 x 128
CustomSensorArray - Final normalized sensor size: 1 x 128
CustomSensorArray - Final normalized sensor size: 1 x 128
CustomSensorArray - Final normalized sensor size: 1 x 128
CustomSensorArray - Final normalized sensor size: 1 x 128
CustomSensorArray - Final normalized sensor size: 1 x 128
CustomSensorArray - Final normalized sensor size: 1 x 128
CustomSensorArray - Final normalized sensor size: 1 x 128
CustomSensorArray - Final normalized sensor size: 1 x 128
CustomSensorArray - Final normalized sensor size: 1 x 128
CustomSensorArray - Final normalized sensor size: 1 x 128
CustomSensorArray - Final normalized sensor size: 1 x 128
CustomSensorArray - Final normalized sensor size: 1 x 128
CustomSensorArray - Final normalized sensor size: 1 x 128
CustomSensorArray - Final normalized sensor size: 1 x 128
CustomSensorArray - Final normalized sensor size: 1 x 128
CustomSensorArray - Final normalized sensor size: 1 x 128
CustomSensorArray - Final normalized sensor size: 1 x 128
CustomSensorArray - Final normalized sensor size: 1 x 128
CustomSensorArray - Final normalized sensor size: 1 x 128
CustomSensorArray - Final normalized sensor size: 1 x 128
CustomSensorArray - Final normalized sensor size: 1 x 128
CustomSensorArray - Final normalized sensor size: 1 x 128
CustomSensorArray - Final normalized sensor size: 1 x 128
CustomSensorArray - Final normalized sensor size: 1 x 128
CustomSensorArray - Final normalized sensor size: 1 x 128
CustomSensorArray - Final normalized sensor size: 1 x 128
CustomSensorArray - Final normalized sensor size: 1 x 128
CustomSensorArray - Final normalized sensor size: 1 x 128
CustomSensorArray - Final normalized sensor size: 1 x 128
CustomSensorArray - Final normalized sensor size: 1 x 128
CustomSensorArray - Final normalized sensor size: 1 x 128
CustomSensorArray - Final normalized sensor size: 1 x 128
CustomSensorArray - Final normalized sensor size: 1 x 128
CustomSensorArray - Final normalized sensor size: 1 x 128
CustomSensorArray - Final normalized sensor size: 1 x 128
CustomSensorArray - Final normalized sensor size: 1 x 128
CustomSensorArray - Final normalized sensor size: 1 x 128
CustomSensorArray - Final normalized sensor size: 1 x 128
CustomSensorArray - Final normalized sensor size: 1 x 128
CustomSensorArray - Final normalized sensor size: 1 x 128
CustomSensorArray - Final normalized sensor size: 1 x 128
CustomSensorArray - Final normalized sensor size: 1 x 128
CustomSensorArray - Final normalized sensor size: 1 x 128
CustomSensorArray - Final normalized sensor size: 1 x 128
CustomSensorArray - Final normalized sensor size: 1 x 128
CustomSensorArray - Final normalized sensor size: 1 x 128
CustomSensorArray - Final normalized sensor size: 1 x 128
CustomSensorArray - Final normalized sensor size: 1 x 128
CustomSensorArray - Final normalized sensor size: 1 x 128
CustomSensorArray - Final normalized sensor size: 1 x 128
CustomSensorArray - Final normalized sensor size: 1 x 128
CustomSensorArray - Final normalized sensor size: 1 x 128
CustomSensorArray - Final normalized sensor size: 1 x 128
CustomSensorArray - Final normalized sensor size: 1 x 128
CustomSensorArray - Final normalized sensor size: 1 x 128
CustomSensorArray - Final normalized sensor size: 1 x 128
CustomSensorArray - Final normalized sensor size: 1 x 128
CustomSensorArray - Final normalized sensor size: 1 x 128
CustomSensorArray - Final normalized sensor size: 1 x 128
CustomSensorArray - Final normalized sensor size: 1 x 128
CustomSensorArray - Final normalized sensor size: 1 x 128
CustomSensorArray - Final normalized sensor size: 1 x 128
CustomSensorArray - Final normalized sensor size: 1 x 128
CustomSensorArray - Final normalized sensor size: 1 x 128
CustomSensorArray - Final normalized sensor size: 1 x 128
CustomSensorArray - Final normalized sensor size: 1 x 128
CustomSensorArray - Final normalized sensor size: 1 x 128
CustomSensorArray - Final normalized sensor size: 1 x 128
CustomSensorArray - Final normalized sensor size: 1 x 128
CustomSensorArray - Final normalized sensor size: 1 x 128
CustomSensorArray - Final normalized sensor size: 1 x 128
CustomSensorArray - Final normalized sensor size: 1 x 128
CustomSensorArray - Final normalized sensor size: 1 x 128
CustomSensorArray - Final normalized sensor size: 1 x 128
CustomSensorArray - Final normalized sensor size: 1 x 128
CustomSensorArray - Final normalized sensor size: 1 x 128
CustomSensorArray - Final normalized sensor size: 1 x 128
CustomSensorArray - Final normalized sensor size: 1 x 128
CustomSensorArray - Final normalized sensor size: 1 x 128
CustomSensorArray - Final normalized sensor size: 1 x 128
CustomSensorArray - Final normalized sensor size: 1 x 128
CustomSensorArray - Final normalized sensor size: 1 x 128
CustomSensorArray - Final normalized sensor size: 1 x 128
CustomSensorArray - Final normalized sensor size: 1 x 128
CustomSensorArray - Final normalized sensor size: 1 x 128
CustomSensorArray - Final normalized sensor size: 1 x 128
CustomSensorArray - Final normalized sensor size: 1 x 128
CustomSensorArray - Final normalized sensor size: 1 x 128
CustomSensorArray - Final normalized sensor size: 1 x 128
CustomSensorArray - Final normalized sensor size: 1 x 128
CustomSensorArray - Final normalized sensor size: 1 x 128
CustomSensorArray - Final normalized sensor size: 1 x 128
CustomSensorArray - Final normalized sensor size: 1 x 128
CustomSensorArray - Final normalized sensor size: 1 x 128
CustomSensorArray - Final normalized sensor size: 1 x 128
CustomSensorArray - Final normalized sensor size: 1 x 128
CustomSensorArray - Final normalized sensor size: 1 x 128
CustomSensorArray - Final normalized sensor size: 1 x 128
CustomSensorArray - Final normalized sensor size: 1 x 128
CustomSensorArray - Final normalized sensor size: 1 x 128
CustomSensorArray - Final normalized sensor size: 1 x 128
CustomSensorArray - Final normalized sensor size: 1 x 128
CustomSensorArray - Final normalized sensor size: 1 x 128
CustomSensorArray - Final normalized sensor size: 1 x 128
CustomSensorArray - Final normalized sensor size: 1 x 128
CustomSensorArray - Final normalized sensor size: 1 x 128
CustomSensorArray - Final normalized sensor size: 1 x 128
CustomSensorArray - Final normalized sensor size: 1 x 128
CustomSensorArray - Final normalized sensor size: 1 x 128
CustomSensorArray - Final normalized sensor size: 1 x 128
CustomSensorArray - Final normalized sensor size: 1 x 128
CustomSensorArray - Final normalized sensor size: 1 x 128
CustomSensorArray - Final normalized sensor size: 1 x 128
CustomSensorArray - Final normalized sensor size: 1 x 128
CustomSensorArray - Final normalized sensor size: 1 x 128
CustomSensorArray - Final normalized sensor size: 1 x 128
CustomSensorArray - Final normalized sensor size: 1 x 128
CustomSensorArray - Final normalized sensor size: 1 x 128
CustomSensorArray - Final normalized sensor size: 1 x 128
CustomSensorArray - Final normalized sensor size: 1 x 128
CustomSensorArray - Final normalized sensor size: 1 x 128
CustomSensorArray - Final normalized sensor size: 1 x 128
CustomSensorArray - Final normalized sensor size: 1 x 128
CustomSensorArray - Final normalized sensor size: 1 x 128
CustomSensorArray - Final normalized sensor size: 1 x 128
CustomSensorArray - Final normalized sensor size: 1 x 128
CustomSensorArray - Final normalized sensor size: 1 x 128
CustomSensorArray - Final normalized sensor size: 1 x 128
CustomSensorArray - Final normalized sensor size: 1 x 128
CustomSensorArray - Final normalized sensor size: 1 x 128
CustomSensorArray - Final normalized sensor size: 1 x 128
CustomSensorArray - Final normalized sensor size: 1 x 128
CustomSensorArray - Final normalized sensor size: 1 x 128
CustomSensorArray - Final normalized sensor size: 1 x 128
CustomSensorArray - Final normalized sensor size: 1 x 128
CustomSensorArray - Final normalized sensor size: 1 x 128
CustomSensorArray - Final normalized sensor size: 1 x 128
CustomSensorArray - Final normalized sensor size: 1 x 128
CustomSensorArray - Final normalized sensor size: 1 x 128
CustomSensorArray - Final normalized sensor size: 1 x 128
CustomSensorArray - Final normalized sensor size: 1 x 128
CustomSensorArray - Final normalized sensor size: 1 x 128
CustomSensorArray - Final normalized sensor size: 1 x 128
CustomSensorArray - Final normalized sensor size: 1 x 128
CustomSensorArray - Final normalized sensor size: 1 x 128
CustomSensorArray - Final normalized sensor size: 1 x 128
CustomSensorArray - Final normalized sensor size: 1 x 128
CustomSensorArray - Final normalized sensor size: 1 x 128
CustomSensorArray - Final normalized sensor size: 1 x 128
CustomSensorArray - Final normalized sensor size: 1 x 128
CustomSensorArray - Final normalized sensor size: 1 x 128
CustomSensorArray - Final normalized sensor size: 1 x 128
CustomSensorArray - Final normalized sensor size: 1 x 128
CustomSensorArray - Final normalized sensor size: 1 x 128
CustomSensorArray - Final normalized sensor size: 1 x 128
CustomSensorArray - Final normalized sensor size: 1 x 128
CustomSensorArray - Final normalized sensor size: 1 x 128
CustomSensorArray - Final normalized sensor size: 1 x 128
CustomSensorArray - Final normalized sensor size: 1 x 128
CustomSensorArray - Final normalized sensor size: 1 x 128
CustomSensorArray - Final normalized sensor size: 1 x 128
CustomSensorArray - Final normalized sensor size: 1 x 128
CustomSensorArray - Final normalized sensor size: 1 x 128
CustomSensorArray - Final normalized sensor size: 1 x 128
CustomSensorArray - Final normalized sensor size: 1 x 128
CustomSensorArray - Final normalized sensor size: 1 x 128
CustomSensorArray - Final normalized sensor size: 1 x 128
CustomSensorArray - Final normalized sensor size: 1 x 128
CustomSensorArray - Final normalized sensor size: 1 x 128
CustomSensorArray - Final normalized sensor size: 1 x 128
CustomSensorArray - Final normalized sensor size: 1 x 128
CustomSensorArray - Final normalized sensor size: 1 x 128
CustomSensorArray - Final normalized sensor size: 1 x 128
CustomSensorArray - Final normalized sensor size: 1 x 128
CustomSensorArray - Final normalized sensor size: 1 x 128
CustomSensorArray - Final normalized sensor size: 1 x 128
CustomSensorArray - Final normalized sensor size: 1 x 128
CustomSensorArray - Final normalized sensor size: 1 x 128
CustomSensorArray - Final normalized sensor size: 1 x 128
CustomSensorArray - Final normalized sensor size: 1 x 128
CustomSensorArray - Final normalized sensor size: 1 x 128
CustomSensorArray - Final normalized sensor size: 1 x 128
CustomSensorArray - Final normalized sensor size: 1 x 128
CustomSensorArray - Final normalized sensor size: 1 x 128
CustomSensorArray - Final normalized sensor size: 1 x 128
CustomSensorArray - Final normalized sensor size: 1 x 128
CustomSensorArray - Final normalized sensor size: 1 x 128
CustomSensorArray - Final normalized sensor size: 1 x 128
CustomSensorArray - Final normalized sensor size: 1 x 128
CustomSensorArray - Final normalized sensor size: 1 x 128
CustomSensorArray - Final normalized sensor size: 1 x 128
CustomSensorArray - Final normalized sensor size: 1 x 128
CustomSensorArray - Final normalized sensor size: 1 x 128
CustomSensorArray - Final normalized sensor size: 1 x 128
CustomSensorArray - Final normalized sensor size: 1 x 128
CustomSensorArray - Final normalized sensor size: 1 x 128
CustomSensorArray - Final normalized sensor size: 1 x 128
CustomSensorArray - Final normalized sensor size: 1 x 128
CustomSensorArray - Final normalized sensor size: 1 x 128
CustomSensorArray - Final normalized sensor size: 1 x 128
CustomSensorArray - Final normalized sensor size: 1 x 128
CustomSensorArray - Final normalized sensor size: 1 x 128
CustomSensorArray - Final normalized sensor size: 1 x 128
CustomSensorArray - Final normalized sensor size: 1 x 128
CustomSensorArray - Final normalized sensor size: 1 x 128
CustomSensorArray - Final normalized sensor size: 1 x 128
CustomSensorArray - Final normalized sensor size: 1 x 128
CustomSensorArray - Final normalized sensor size: 1 x 128
CustomSensorArray - Final normalized sensor size: 1 x 128
CustomSensorArray - Final normalized sensor size: 1 x 128
CustomSensorArray - Final normalized sensor size: 1 x 128
CustomSensorArray - Final normalized sensor size: 1 x 128
CustomSensorArray - Final normalized sensor size: 1 x 128
CustomSensorArray - Final normalized sensor size: 1 x 128
CustomSensorArray - Final normalized sensor size: 1 x 128
CustomSensorArray - Final normalized sensor size: 1 x 128
CustomSensorArray - Final normalized sensor size: 1 x 128
CustomSensorArray - Final normalized sensor size: 1 x 128
CustomSensorArray - Final normalized sensor size: 1 x 128
CustomSensorArray - Final normalized sensor size: 1 x 128
CustomSensorArray - Final normalized sensor size: 1 x 128
CustomSensorArray - Final normalized sensor size: 1 x 128
CustomSensorArray - Final normalized sensor size: 1 x 128
CustomSensorArray - Final normalized sensor size: 1 x 128
CustomSensorArray - Final normalized sensor size: 1 x 128
CustomSensorArray - Final normalized sensor size: 1 x 128
CustomSensorArray - Final normalized sensor size: 1 x 128
CustomSensorArray - Final normalized sensor size: 1 x 128
CustomSensorArray - Final normalized sensor size: 1 x 128
CustomSensorArray - Final normalized sensor size: 1 x 128
CustomSensorArray - Final normalized sensor size: 1 x 128
CustomSensorArray - Final normalized sensor size: 1 x 128
CustomSensorArray - Final normalized sensor size: 1 x 128
CustomSensorArray - Final normalized sensor size: 1 x 128
CustomSensorArray - Final normalized sensor size: 1 x 128
CustomSensorArray - Final normalized sensor size: 1 x 128
CustomSensorArray - Final normalized sensor size: 1 x 128
CustomSensorArray - Final normalized sensor size: 1 x 128
CustomSensorArray - Final normalized sensor size: 1 x 128
CustomSensorArray - Final normalized sensor size: 1 x 128
CustomSensorArray - Final normalized sensor size: 1 x 128
CustomSensorArray - Final normalized sensor size: 1 x 128
CustomSensorArray - Final normalized sensor size: 1 x 128
CustomSensorArray - Final normalized sensor size: 1 x 128
CustomSensorArray - Final normalized sensor size: 1 x 128
CustomSensorArray - Final normalized sensor size: 1 x 128
CustomSensorArray - Final normalized sensor size: 1 x 128
CustomSensorArray - Final normalized sensor size: 1 x 128
CustomSensorArray - Final normalized sensor size: 1 x 128
CustomSensorArray - Final normalized sensor size: 1 x 128
CustomSensorArray - Final normalized sensor size: 1 x 128
CustomSensorArray - Final normalized sensor size: 1 x 128
CustomSensorArray - Final normalized sensor size: 1 x 128
CustomSensorArray - Final normalized sensor size: 1 x 128
CustomSensorArray - Final normalized sensor size: 1 x 128
CustomSensorArray - Final normalized sensor size: 1 x 128
CustomSensorArray - Final normalized sensor size: 1 x 128
CustomSensorArray - Final normalized sensor size: 1 x 128
CustomSensorArray - Final normalized sensor size: 1 x 128
CustomSensorArray - Final normalized sensor size: 1 x 128
CustomSensorArray - Final normalized sensor size: 1 x 128
CustomSensorArray - Final normalized sensor size: 1 x 128
CustomSensorArray - Final normalized sensor size: 1 x 128
CustomSensorArray - Final normalized sensor size: 1 x 128
CustomSensorArray - Final normalized sensor size: 1 x 128
CustomSensorArray - Final normalized sensor size: 1 x 128
CustomSensorArray - Final normalized sensor size: 1 x 128
CustomSensorArray - Final normalized sensor size: 1 x 128
CustomSensorArray - Final normalized sensor size: 1 x 128
CustomSensorArray - Final normalized sensor size: 1 x 128
CustomSensorArray - Final normalized sensor size: 1 x 128
CustomSensorArray - Final normalized sensor size: 1 x 128
CustomSensorArray - Final normalized sensor size: 1 x 128
CustomSensorArray - Final normalized sensor size: 1 x 128
CustomSensorArray - Final normalized sensor size: 1 x 128
CustomSensorArray - Final normalized sensor size: 1 x 128
CustomSensorArray - Final normalized sensor size: 1 x 128
CustomSensorArray - Final normalized sensor size: 1 x 128
CustomSensorArray - Final normalized sensor size: 1 x 128
CustomSensorArray - Final normalized sensor size: 1 x 128
CustomSensorArray - Final normalized sensor size: 1 x 128
CustomSensorArray - Final normalized sensor size: 1 x 128
CustomSensorArray - Final normalized sensor size: 1 x 128
CustomSensorArray - Final normalized sensor size: 1 x 128
CustomSensorArray - Final normalized sensor size: 1 x 128
CustomSensorArray - Final normalized sensor size: 1 x 128
CustomSensorArray - Final normalized sensor size: 1 x 128
CustomSensorArray - Final normalized sensor size: 1 x 128
CustomSensorArray - Final normalized sensor size: 1 x 128
CustomSensorArray - Final normalized sensor size: 1 x 128
CustomSensorArray - Final normalized sensor size: 1 x 128
CustomSensorArray - Final normalized sensor size: 1 x 128
CustomSensorArray - Final normalized sensor size: 1 x 128
CustomSensorArray - Final normalized sensor size: 1 x 128
CustomSensorArray - Final normalized sensor size: 1 x 128
CustomSensorArray - Final normalized sensor size: 1 x 128
CustomSensorArray - Final normalized sensor size: 1 x 128
CustomSensorArray - Final normalized sensor size: 1 x 128
CustomSensorArray - Final normalized sensor size: 1 x 128
CustomSensorArray - Final normalized sensor size: 1 x 128
CustomSensorArray - Final normalized sensor size: 1 x 128
CustomSensorArray - Final normalized sensor size: 1 x 128
CustomSensorArray - Final normalized sensor size: 1 x 128
CustomSensorArray - Final normalized sensor size: 1 x 128
CustomSensorArray - Final normalized sensor size: 1 x 128
CustomSensorArray - Final normalized sensor size: 1 x 128
CustomSensorArray - Final normalized sensor size: 1 x 128
CustomSensorArray - Final normalized sensor size: 1 x 128
CustomSensorArray - Final normalized sensor size: 1 x 128
CustomSensorArray - Final normalized sensor size: 1 x 128
CustomSensorArray - Final normalized sensor size: 1 x 128
CustomSensorArray - Final normalized sensor size: 1 x 128
CustomSensorArray - Final normalized sensor size: 1 x 128
CustomSensorArray - Final normalized sensor size: 1 x 128
CustomSensorArray - Final normalized sensor size: 1 x 128
CustomSensorArray - Final normalized sensor size: 1 x 128
CustomSensorArray - Final normalized sensor size: 1 x 128
CustomSensorArray - Final normalized sensor size: 1 x 128
CustomSensorArray - Final normalized sensor size: 1 x 128
CustomSensorArray - Final normalized sensor size: 1 x 128
CustomSensorArray - Final normalized sensor size: 1 x 128
CustomSensorArray - Final normalized sensor size: 1 x 128
CustomSensorArray - Final normalized sensor size: 1 x 128
CustomSensorArray - Final normalized sensor size: 1 x 128
CustomSensorArray - Final normalized sensor size: 1 x 128
CustomSensorArray - Final normalized sensor size: 1 x 128
CustomSensorArray - Final normalized sensor size: 1 x 128
CustomSensorArray - Final normalized sensor size: 1 x 128
CustomSensorArray - Final normalized sensor size: 1 x 128
CustomSensorArray - Final normalized sensor size: 1 x 128
CustomSensorArray - Final normalized sensor size: 1 x 128
CustomSensorArray - Final normalized sensor size: 1 x 128
CustomSensorArray - Final normalized sensor size: 1 x 128
CustomSensorArray - Final normalized sensor size: 1 x 128
CustomSensorArray - Final normalized sensor size: 1 x 128
CustomSensorArray - Final normalized sensor size: 1 x 128
CustomSensorArray - Final normalized sensor size: 1 x 128
CustomSensorArray - Final normalized sensor size: 1 x 128
CustomSensorArray - Final normalized sensor size: 1 x 128
CustomSensorArray - Final normalized sensor size: 1 x 128
CustomSensorArray - Final normalized sensor size: 1 x 128
CustomSensorArray - Final normalized sensor size: 1 x 128
CustomSensorArray - Final normalized sensor size: 1 x 128
CustomSensorArray - Final normalized sensor size: 1 x 128
CustomSensorArray - Final normalized sensor size: 1 x 128
CustomSensorArray - Final normalized sensor size: 1 x 128
CustomSensorArray - Final normalized sensor size: 1 x 128
CustomSensorArray - Final normalized sensor size: 1 x 128
CustomSensorArray - Final normalized sensor size: 1 x 128
CustomSensorArray - Final normalized sensor size: 1 x 128
CustomSensorArray - Final normalized sensor size: 1 x 128
CustomSensorArray - Final normalized sensor size: 1 x 128
CustomSensorArray - Final normalized sensor size: 1 x 128
CustomSensorArray - Final normalized sensor size: 1 x 128
CustomSensorArray - Final normalized sensor size: 1 x 128
CustomSensorArray - Final normalized sensor size: 1 x 128
CustomSensorArray - Final normalized sensor size: 1 x 128
CustomSensorArray - Final normalized sensor size: 1 x 128
CustomSensorArray - Final normalized sensor size: 1 x 128
CustomSensorArray - Final normalized sensor size: 1 x 128
CustomSensorArray - Final normalized sensor size: 1 x 128
CustomSensorArray - Final normalized sensor size: 1 x 128
CustomSensorArray - Final normalized sensor size: 1 x 128
CustomSensorArray - Final normalized sensor size: 1 x 128
CustomSensorArray - Final normalized sensor size: 1 x 128
CustomSensorArray - Final normalized sensor size: 1 x 128
CustomSensorArray - Final normalized sensor size: 1 x 128
CustomSensorArray - Final normalized sensor size: 1 x 128
CustomSensorArray - Final normalized sensor size: 1 x 128
CustomSensorArray - Final normalized sensor size: 1 x 128
CustomSensorArray - Final normalized sensor size: 1 x 128
CustomSensorArray - Final normalized sensor size: 1 x 128
CustomSensorArray - Final normalized sensor size: 1 x 128
CustomSensorArray - Final normalized sensor size: 1 x 128
CustomSensorArray - Final normalized sensor size: 1 x 128
CustomSensorArray - Final normalized sensor size: 1 x 128
CustomSensorArray - Final normalized sensor size: 1 x 128
CustomSensorArray - Final normalized sensor size: 1 x 128
CustomSensorArray - Final normalized sensor size: 1 x 128
CustomSensorArray - Final normalized sensor size: 1 x 128
CustomSensorArray - Final normalized sensor size: 1 x 128
CustomSensorArray - Final normalized sensor size: 1 x 128
CustomSensorArray - Final normalized sensor size: 1 x 128
CustomSensorArray - Final normalized sensor size: 1 x 128
CustomSensorArray - Final normalized sensor size: 1 x 128
CustomSensorArray - Final normalized sensor size: 1 x 128
CustomSensorArray - Final normalized sensor size: 1 x 128
CustomSensorArray - Final normalized sensor size: 1 x 128
CustomSensorArray - Final normalized sensor size: 1 x 128
CustomSensorArray - Final normalized sensor size: 1 x 128
CustomSensorArray - Final normalized sensor size: 1 x 128
CustomSensorArray - Final normalized sensor size: 1 x 128
CustomSensorArray - Final normalized sensor size: 1 x 128
CustomSensorArray - Final normalized sensor size: 1 x 128
CustomSensorArray - Final normalized sensor size: 1 x 128
CustomSensorArray - Final normalized sensor size: 1 x 128
CustomSensorArray - Final normalized sensor size: 1 x 128
CustomSensorArray - Final normalized sensor size: 1 x 128
CustomSensorArray - Final normalized sensor size: 1 x 128
CustomSensorArray - Final normalized sensor size: 1 x 128
CustomSensorArray - Final normalized sensor size: 1 x 128
CustomSensorArray - Final normalized sensor size: 1 x 128
CustomSensorArray - Final normalized sensor size: 1 x 128
CustomSensorArray - Final normalized sensor size: 1 x 128
CustomSensorArray - Final normalized sensor size: 1 x 128
CustomSensorArray - Final normalized sensor size: 1 x 128
CustomSensorArray - Final normalized sensor size: 1 x 128
CustomSensorArray - Final normalized sensor size: 1 x 128
CustomSensorArray - Final normalized sensor size: 1 x 128
CustomSensorArray - Final normalized sensor size: 1 x 128
CustomSensorArray - Final normalized sensor size: 1 x 128
CustomSensorArray - Final normalized sensor size: 1 x 128
CustomSensorArray - Final normalized sensor size: 1 x 128
CustomSensorArray - Final normalized sensor size: 1 x 128
CustomSensorArray - Final normalized sensor size: 1 x 128
CustomSensorArray - Final normalized sensor size: 1 x 128
CustomSensorArray - Final normalized sensor size: 1 x 128
CustomSensorArray - Final normalized sensor size: 1 x 128
CustomSensorArray - Final normalized sensor size: 1 x 128
CustomSensorArray - Final normalized sensor size: 1 x 128
CustomSensorArray - Final normalized sensor size: 1 x 128
CustomSensorArray - Final normalized sensor size: 1 x 128
CustomSensorArray - Final normalized sensor size: 1 x 128
CustomSensorArray - Final normalized sensor size: 1 x 128
CustomSensorArray - Final normalized sensor size: 1 x 128
CustomSensorArray - Final normalized sensor size: 1 x 128
CustomSensorArray - Final normalized sensor size: 1 x 128
CustomSensorArray - Final normalized sensor size: 1 x 128
CustomSensorArray - Final normalized sensor size: 1 x 128
CustomSensorArray - Final normalized sensor size: 1 x 128
CustomSensorArray - Final normalized sensor size: 1 x 128
CustomSensorArray - Final normalized sensor size: 1 x 128
CustomSensorArray - Final normalized sensor size: 1 x 128
CustomSensorArray - Final normalized sensor size: 1 x 128
CustomSensorArray - Final normalized sensor size: 1 x 128
CustomSensorArray - Final normalized sensor size: 1 x 128
CustomSensorArray - Final normalized sensor size: 1 x 128
CustomSensorArray - Final normalized sensor size: 1 x 128
CustomSensorArray - Final normalized sensor size: 1 x 128
CustomSensorArray - Final normalized sensor size: 1 x 128
CustomSensorArray - Final normalized sensor size: 1 x 128
CustomSensorArray - Final normalized sensor size: 1 x 128
CustomSensorArray - Final normalized sensor size: 1 x 128
CustomSensorArray - Final normalized sensor size: 1 x 128
CustomSensorArray - Final normalized sensor size: 1 x 128
CustomSensorArray - Final normalized sensor size: 1 x 128
CustomSensorArray - Final normalized sensor size: 1 x 128
CustomSensorArray - Final normalized sensor size: 1 x 128
CustomSensorArray - Final normalized sensor size: 1 x 128
CustomSensorArray - Final normalized sensor size: 1 x 128
CustomSensorArray - Final normalized sensor size: 1 x 128
CustomSensorArray - Final normalized sensor size: 1 x 128
CustomSensorArray - Final normalized sensor size: 1 x 128
CustomSensorArray - Final normalized sensor size: 1 x 128
CustomSensorArray - Final normalized sensor size: 1 x 128
CustomSensorArray - Final normalized sensor size: 1 x 128
CustomSensorArray - Final normalized sensor size: 1 x 128
CustomSensorArray - Final normalized sensor size: 1 x 128
CustomSensorArray - Final normalized sensor size: 1 x 128
CustomSensorArray - Final normalized sensor size: 1 x 128
CustomSensorArray - Final normalized sensor size: 1 x 128
CustomSensorArray - Final normalized sensor size: 1 x 128
CustomSensorArray - Final normalized sensor size: 1 x 128
CustomSensorArray - Final normalized sensor size: 1 x 128
CustomSensorArray - Final normalized sensor size: 1 x 128
CustomSensorArray - Final normalized sensor size: 1 x 128
CustomSensorArray - Final normalized sensor size: 1 x 128
CustomSensorArray - Final normalized sensor size: 1 x 128
CustomSensorArray - Final normalized sensor size: 1 x 128
CustomSensorArray - Final normalized sensor size: 1 x 128
CustomSensorArray - Final normalized sensor size: 1 x 128
CustomSensorArray - Final normalized sensor size: 1 x 128
CustomSensorArray - Final normalized sensor size: 1 x 128
CustomSensorArray - Final normalized sensor size: 1 x 128
CustomSensorArray - Final normalized sensor size: 1 x 128
CustomSensorArray - Final normalized sensor size: 1 x 128
CustomSensorArray - Final normalized sensor size: 1 x 128
CustomSensorArray - Final normalized sensor size: 1 x 128
CustomSensorArray - Final normalized sensor size: 1 x 128
CustomSensorArray - Final normalized sensor size: 1 x 128
CustomSensorArray - Final normalized sensor size: 1 x 128
CustomSensorArray - Final normalized sensor size: 1 x 128
CustomSensorArray - Final normalized sensor size: 1 x 128
CustomSensorArray - Final normalized sensor size: 1 x 128
CustomSensorArray - Final normalized sensor size: 1 x 128
CustomSensorArray - Final normalized sensor size: 1 x 128
CustomSensorArray - Final normalized sensor size: 1 x 128
CustomSensorArray - Final normalized sensor size: 1 x 128
CustomSensorArray - Final normalized sensor size: 1 x 128
CustomSensorArray - Final normalized sensor size: 1 x 128
CustomSensorArray - Final normalized sensor size: 1 x 128
CustomSensorArray - Final normalized sensor size: 1 x 128
CustomSensorArray - Final normalized sensor size: 1 x 128
CustomSensorArray - Final normalized sensor size: 1 x 128
CustomSensorArray - Final normalized sensor size: 1 x 128
CustomSensorArray - Final normalized sensor size: 1 x 128
CustomSensorArray - Final normalized sensor size: 1 x 128
CustomSensorArray - Final normalized sensor size: 1 x 128
CustomSensorArray - Final normalized sensor size: 1 x 128
CustomSensorArray - Final normalized sensor size: 1 x 128
CustomSensorArray - Final normalized sensor size: 1 x 128
CustomSensorArray - Final normalized sensor size: 1 x 128
CustomSensorArray - Final normalized sensor size: 1 x 128
CustomSensorArray - Final normalized sensor size: 1 x 128
CustomSensorArray - Final normalized sensor size: 1 x 128
CustomSensorArray - Final normalized sensor size: 1 x 128
CustomSensorArray - Final normalized sensor size: 1 x 128
CustomSensorArray - Final normalized sensor size: 1 x 128
CustomSensorArray - Final normalized sensor size: 1 x 128
CustomSensorArray - Final normalized sensor size: 1 x 128
CustomSensorArray - Final normalized sensor size: 1 x 128
CustomSensorArray - Final normalized sensor size: 1 x 128
CustomSensorArray - Final normalized sensor size: 1 x 128
CustomSensorArray - Final normalized sensor size: 1 x 128
CustomSensorArray - Final normalized sensor size: 1 x 128
CustomSensorArray - Final normalized sensor size: 1 x 128
CustomSensorArray - Final normalized sensor size: 1 x 128
CustomSensorArray - Final normalized sensor size: 1 x 128
CustomSensorArray - Final normalized sensor size: 1 x 128
CustomSensorArray - Final normalized sensor size: 1 x 128
CustomSensorArray - Final normalized sensor size: 1 x 128
CustomSensorArray - Final normalized sensor size: 1 x 128
CustomSensorArray - Final normalized sensor size: 1 x 128
CustomSensorArray - Final normalized sensor size: 1 x 128
CustomSensorArray - Final normalized sensor size: 1 x 128
CustomSensorArray - Final normalized sensor size: 1 x 128
CustomSensorArray - Final normalized sensor size: 1 x 128
CustomSensorArray - Final normalized sensor size: 1 x 128
CustomSensorArray - Final normalized sensor size: 1 x 128
CustomSensorArray - Final normalized sensor size: 1 x 128
CustomSensorArray - Final normalized sensor size: 1 x 128
CustomSensorArray - Final normalized sensor size: 1 x 128
CustomSensorArray - Final normalized sensor size: 1 x 128
CustomSensorArray - Final normalized sensor size: 1 x 128
CustomSensorArray - Final normalized sensor size: 1 x 128
CustomSensorArray - Final normalized sensor size: 1 x 128
CustomSensorArray - Final normalized sensor size: 1 x 128
CustomSensorArray - Final normalized sensor size: 1 x 128
CustomSensorArray - Final normalized sensor size: 1 x 128
CustomSensorArray - Final normalized sensor size: 1 x 128
CustomSensorArray - Final normalized sensor size: 1 x 128
CustomSensorArray - Final normalized sensor size: 1 x 128
CustomSensorArray - Final normalized sensor size: 1 x 128
CustomSensorArray - Final normalized sensor size: 1 x 128
CustomSensorArray - Final normalized sensor size: 1 x 128
CustomSensorArray - Final normalized sensor size: 1 x 128
CustomSensorArray - Final normalized sensor size: 1 x 128
CustomSensorArray - Final normalized sensor size: 1 x 128
CustomSensorArray - Final normalized sensor size: 1 x 128
CustomSensorArray - Final normalized sensor size: 1 x 128
CustomSensorArray - Final normalized sensor size: 1 x 128
CustomSensorArray - Final normalized sensor size: 1 x 128
CustomSensorArray - Final normalized sensor size: 1 x 128
CustomSensorArray - Final normalized sensor size: 1 x 128
CustomSensorArray - Final normalized sensor size: 1 x 128
CustomSensorArray - Final normalized sensor size: 1 x 128
CustomSensorArray - Final normalized sensor size: 1 x 128
CustomSensorArray - Final normalized sensor size: 1 x 128
CustomSensorArray - Final normalized sensor size: 1 x 128
CustomSensorArray - Final normalized sensor size: 1 x 128
CustomSensorArray - Final normalized sensor size: 1 x 128
CustomSensorArray - Final normalized sensor size: 1 x 128
CustomSensorArray - Final normalized sensor size: 1 x 128
CustomSensorArray - Final normalized sensor size: 1 x 128
CustomSensorArray - Final normalized sensor size: 1 x 128
CustomSensorArray - Final normalized sensor size: 1 x 128
CustomSensorArray - Final normalized sensor size: 1 x 128
CustomSensorArray - Final normalized sensor size: 1 x 128
CustomSensorArray - Final normalized sensor size: 1 x 128
CustomSensorArray - Final normalized sensor size: 1 x 128
CustomSensorArray - Final normalized sensor size: 1 x 128
CustomSensorArray - Final normalized sensor size: 1 x 128
CustomSensorArray - Final normalized sensor size: 1 x 128
CustomSensorArray - Final normalized sensor size: 1 x 128
CustomSensorArray - Final normalized sensor size: 1 x 128
CustomSensorArray - Final normalized sensor size: 1 x 128
CustomSensorArray - Final normalized sensor size: 1 x 128
CustomSensorArray - Final normalized sensor size: 1 x 128
CustomSensorArray - Final normalized sensor size: 1 x 128
CustomSensorArray - Final normalized sensor size: 1 x 128
CustomSensorArray - Final normalized sensor size: 1 x 128
CustomSensorArray - Final normalized sensor size: 1 x 128
CustomSensorArray - Final normalized sensor size: 1 x 128
CustomSensorArray - Final normalized sensor size: 1 x 128
CustomSensorArray - Final normalized sensor size: 1 x 128
CustomSensorArray - Final normalized sensor size: 1 x 128
CustomSensorArray - Final normalized sensor size: 1 x 128
CustomSensorArray - Final normalized sensor size: 1 x 128
CustomSensorArray - Final normalized sensor size: 1 x 128
CustomSensorArray - Final normalized sensor size: 1 x 128
CustomSensorArray - Final normalized sensor size: 1 x 128
CustomSensorArray - Final normalized sensor size: 1 x 128
CustomSensorArray - Final normalized sensor size: 1 x 128
CustomSensorArray - Final normalized sensor size: 1 x 128
CustomSensorArray - Final normalized sensor size: 1 x 128
CustomSensorArray - Final normalized sensor size: 1 x 128
CustomSensorArray - Final normalized sensor size: 1 x 128
CustomSensorArray - Final normalized sensor size: 1 x 128
CustomSensorArray - Final normalized sensor size: 1 x 128
CustomSensorArray - Final normalized sensor size: 1 x 128
CustomSensorArray - Final normalized sensor size: 1 x 128
CustomSensorArray - Final normalized sensor size: 1 x 128
CustomSensorArray - Final normalized sensor size: 1 x 128
CustomSensorArray - Final normalized sensor size: 1 x 128
CustomSensorArray - Final normalized sensor size: 1 x 128
CustomSensorArray - Final normalized sensor size: 1 x 128
CustomSensorArray - Final normalized sensor size: 1 x 128
CustomSensorArray - Final normalized sensor size: 1 x 128
CustomSensorArray - Final normalized sensor size: 1 x 128
CustomSensorArray - Final normalized sensor size: 1 x 128
CustomSensorArray - Final normalized sensor size: 1 x 128
CustomSensorArray - Final normalized sensor size: 1 x 128
CustomSensorArray - Final normalized sensor size: 1 x 128
CustomSensorArray - Final normalized sensor size: 1 x 128
CustomSensorArray - Final normalized sensor size: 1 x 128
CustomSensorArray - Final normalized sensor size: 1 x 128
CustomSensorArray - Final normalized sensor size: 1 x 128
CustomSensorArray - Final normalized sensor size: 1 x 128
CustomSensorArray - Final normalized sensor size: 1 x 128
CustomSensorArray - Final normalized sensor size: 1 x 128
CustomSensorArray - Final normalized sensor size: 1 x 128
CustomSensorArray - Final normalized sensor size: 1 x 128
CustomSensorArray - Final normalized sensor size: 1 x 128
CustomSensorArray - Final normalized sensor size: 1 x 128
CustomSensorArray - Final normalized sensor size: 1 x 128
CustomSensorArray - Final normalized sensor size: 1 x 128
CustomSensorArray - Final normalized sensor size: 1 x 128
CustomSensorArray - Final normalized sensor size: 1 x 128
CustomSensorArray - Final normalized sensor size: 1 x 128
CustomSensorArray - Final normalized sensor size: 1 x 128
CustomSensorArray - Final normalized sensor size: 1 x 128
CustomSensorArray - Final normalized sensor size: 1 x 128
CustomSensorArray - Final normalized sensor size: 1 x 128
CustomSensorArray - Final normalized sensor size: 1 x 128
CustomSensorArray - Final normalized sensor size: 1 x 128
CustomSensorArray - Final normalized sensor size: 1 x 128
CustomSensorArray - Final normalized sensor size: 1 x 128
CustomSensorArray - Final normalized sensor size: 1 x 128
CustomSensorArray - Final normalized sensor size: 1 x 128
CustomSensorArray - Final normalized sensor size: 1 x 128
CustomSensorArray - Final normalized sensor size: 1 x 128
CustomSensorArray - Final normalized sensor size: 1 x 128
CustomSensorArray - Final normalized sensor size: 1 x 128
CustomSensorArray - Final normalized sensor size: 1 x 128
CustomSensorArray - Final normalized sensor size: 1 x 128
CustomSensorArray - Final normalized sensor size: 1 x 128
CustomSensorArray - Final normalized sensor size: 1 x 128
CustomSensorArray - Final normalized sensor size: 1 x 128
CustomSensorArray - Final normalized sensor size: 1 x 128
CustomSensorArray - Final normalized sensor size: 1 x 128
CustomSensorArray - Final normalized sensor size: 1 x 128
CustomSensorArray - Final normalized sensor size: 1 x 128
CustomSensorArray - Final normalized sensor size: 1 x 128
CustomSensorArray - Final normalized sensor size: 1 x 128
CustomSensorArray - Final normalized sensor size: 1 x 128
CustomSensorArray - Final normalized sensor size: 1 x 128
CustomSensorArray - Final normalized sensor size: 1 x 128
CustomSensorArray - Final normalized sensor size: 1 x 128
CustomSensorArray - Final normalized sensor size: 1 x 128
CustomSensorArray - Final normalized sensor size: 1 x 128
CustomSensorArray - Final normalized sensor size: 1 x 128
CustomSensorArray - Final normalized sensor size: 1 x 128
CustomSensorArray - Final normalized sensor size: 1 x 128
CustomSensorArray - Final normalized sensor size: 1 x 128
CustomSensorArray - Final normalized sensor size: 1 x 128
CustomSensorArray - Final normalized sensor size: 1 x 128
CustomSensorArray - Final normalized sensor size: 1 x 128
CustomSensorArray - Final normalized sensor size: 1 x 128
CustomSensorArray - Final normalized sensor size: 1 x 128
CustomSensorArray - Final normalized sensor size: 1 x 128
CustomSensorArray - Final normalized sensor size: 1 x 128
CustomSensorArray - Final normalized sensor size: 1 x 128
CustomSensorArray - Final normalized sensor size: 1 x 128
CustomSensorArray - Final normalized sensor size: 1 x 128
CustomSensorArray - Final normalized sensor size: 1 x 128
CustomSensorArray - Final normalized sensor size: 1 x 128
CustomSensorArray - Final normalized sensor size: 1 x 128
CustomSensorArray - Final normalized sensor size: 1 x 128
CustomSensorArray - Final normalized sensor size: 1 x 128
CustomSensorArray - Final normalized sensor size: 1 x 128
CustomSensorArray - Final normalized sensor size: 1 x 128
CustomSensorArray - Final normalized sensor size: 1 x 128
CustomSensorArray - Final normalized sensor size: 1 x 128
CustomSensorArray - Final normalized sensor size: 1 x 128
CustomSensorArray - Final normalized sensor size: 1 x 128
CustomSensorArray - Final normalized sensor size: 1 x 128
CustomSensorArray - Final normalized sensor size: 1 x 128
CustomSensorArray - Final normalized sensor size: 1 x 128
CustomSensorArray - Final normalized sensor size: 1 x 128
CustomSensorArray - Final normalized sensor size: 1 x 128
CustomSensorArray - Final normalized sensor size: 1 x 128
CustomSensorArray - Final normalized sensor size: 1 x 128
CustomSensorArray - Final normalized sensor size: 1 x 128
CustomSensorArray - Final normalized sensor size: 1 x 128
CustomSensorArray - Final normalized sensor size: 1 x 128
CustomSensorArray - Final normalized sensor size: 1 x 128
CustomSensorArray - Final normalized sensor size: 1 x 128
CustomSensorArray - Final normalized sensor size: 1 x 128
CustomSensorArray - Final normalized sensor size: 1 x 128
CustomSensorArray - Final normalized sensor size: 1 x 128
CustomSensorArray - Final normalized sensor size: 1 x 128
CustomSensorArray - Final normalized sensor size: 1 x 128
CustomSensorArray - Final normalized sensor size: 1 x 128
CustomSensorArray - Final normalized sensor size: 1 x 128
CustomSensorArray - Final normalized sensor size: 1 x 128
CustomSensorArray - Final normalized sensor size: 1 x 128
CustomSensorArray - Final normalized sensor size: 1 x 128
CustomSensorArray - Final normalized sensor size: 1 x 128
CustomSensorArray - Final normalized sensor size: 1 x 128
CustomSensorArray - Final normalized sensor size: 1 x 128
CustomSensorArray - Final normalized sensor size: 1 x 128
CustomSensorArray - Final normalized sensor size: 1 x 128
CustomSensorArray - Final normalized sensor size: 1 x 128
CustomSensorArray - Final normalized sensor size: 1 x 128
CustomSensorArray - Final normalized sensor size: 1 x 128
CustomSensorArray - Final normalized sensor size: 1 x 128
CustomSensorArray - Final normalized sensor size: 1 x 128
CustomSensorArray - Final normalized sensor size: 1 x 128
CustomSensorArray - Final normalized sensor size: 1 x 128
CustomSensorArray - Final normalized sensor size: 1 x 128
CustomSensorArray - Final normalized sensor size: 1 x 128
CustomSensorArray - Final normalized sensor size: 1 x 128
CustomSensorArray - Final normalized sensor size: 1 x 128
CustomSensorArray - Final normalized sensor size: 1 x 128
CustomSensorArray - Final normalized sensor size: 1 x 128
CustomSensorArray - Final normalized sensor size: 1 x 128
CustomSensorArray - Final normalized sensor size: 1 x 128
CustomSensorArray - Final normalized sensor size: 1 x 128
CustomSensorArray - Final normalized sensor size: 1 x 128
CustomSensorArray - Final normalized sensor size: 1 x 128
CustomSensorArray - Final normalized sensor size: 1 x 128
CustomSensorArray - Final normalized sensor size: 1 x 128
CustomSensorArray - Final normalized sensor size: 1 x 128
CustomSensorArray - Final normalized sensor size: 1 x 128
CustomSensorArray - Final normalized sensor size: 1 x 128
CustomSensorArray - Final normalized sensor size: 1 x 128
CustomSensorArray - Final normalized sensor size: 1 x 128
CustomSensorArray - Final normalized sensor size: 1 x 128
CustomSensorArray - Final normalized sensor size: 1 x 128
CustomSensorArray - Final normalized sensor size: 1 x 128
CustomSensorArray - Final normalized sensor size: 1 x 128
CustomSensorArray - Final normalized sensor size: 1 x 128
CustomSensorArray - Final normalized sensor size: 1 x 128
CustomSensorArray - Final normalized sensor size: 1 x 128
CustomSensorArray - Final normalized sensor size: 1 x 128
CustomSensorArray - Final normalized sensor size: 1 x 128
CustomSensorArray - Final normalized sensor size: 1 x 128
CustomSensorArray - Final normalized sensor size: 1 x 128
CustomSensorArray - Final normalized sensor size: 1 x 128
CustomSensorArray - Final normalized sensor size: 1 x 128
CustomSensorArray - Final normalized sensor size: 1 x 128
CustomSensorArray - Final normalized sensor size: 1 x 128
CustomSensorArray - Final normalized sensor size: 1 x 128
CustomSensorArray - Final normalized sensor size: 1 x 128
CustomSensorArray - Final normalized sensor size: 1 x 128
CustomSensorArray - Final normalized sensor size: 1 x 128
CustomSensorArray - Final normalized sensor size: 1 x 128
CustomSensorArray - Final normalized sensor size: 1 x 128
CustomSensorArray - Final normalized sensor size: 1 x 128
CustomSensorArray - Final normalized sensor size: 1 x 128
CustomSensorArray - Final normalized sensor size: 1 x 128
CustomSensorArray - Final normalized sensor size: 1 x 128
CustomSensorArray - Final normalized sensor size: 1 x 128
CustomSensorArray - Final normalized sensor size: 1 x 128
CustomSensorArray - Final normalized sensor size: 1 x 128
CustomSensorArray - Final normalized sensor size: 1 x 128
CustomSensorArray - Final normalized sensor size: 1 x 128
CustomSensorArray - Final normalized sensor size: 1 x 128
CustomSensorArray - Final normalized sensor size: 1 x 128
CustomSensorArray - Final normalized sensor size: 1 x 128
CustomSensorArray - Final normalized sensor size: 1 x 128
CustomSensorArray - Final normalized sensor size: 1 x 128
CustomSensorArray - Final normalized sensor size: 1 x 128
CustomSensorArray - Final normalized sensor size: 1 x 128
CustomSensorArray - Final normalized sensor size: 1 x 128
CustomSensorArray - Final normalized sensor size: 1 x 128
CustomSensorArray - Final normalized sensor size: 1 x 128
CustomSensorArray - Final normalized sensor size: 1 x 128
CustomSensorArray - Final normalized sensor size: 1 x 128
CustomSensorArray - Final normalized sensor size: 1 x 128
CustomSensorArray - Final normalized sensor size: 1 x 128
CustomSensorArray - Final normalized sensor size: 1 x 128
CustomSensorArray - Final normalized sensor size: 1 x 128
CustomSensorArray - Final normalized sensor size: 1 x 128
CustomSensorArray - Final normalized sensor size: 1 x 128
CustomSensorArray - Final normalized sensor size: 1 x 128
CustomSensorArray - Final normalized sensor size: 1 x 128
CustomSensorArray - Final normalized sensor size: 1 x 128
CustomSensorArray - Final normalized sensor size: 1 x 128
CustomSensorArray - Final normalized sensor size: 1 x 128
CustomSensorArray - Final normalized sensor size: 1 x 128
CustomSensorArray - Final normalized sensor size: 1 x 128
CustomSensorArray - Final normalized sensor size: 1 x 128
CustomSensorArray - Final normalized sensor size: 1 x 128
CustomSensorArray - Final normalized sensor size: 1 x 128
CustomSensorArray - Final normalized sensor size: 1 x 128
CustomSensorArray - Final normalized sensor size: 1 x 128
CustomSensorArray - Final normalized sensor size: 1 x 128
CustomSensorArray - Final normalized sensor size: 1 x 128
CustomSensorArray - Final normalized sensor size: 1 x 128
CustomSensorArray - Final normalized sensor size: 1 x 128
CustomSensorArray - Final normalized sensor size: 1 x 128
CustomSensorArray - Final normalized sensor size: 1 x 128
CustomSensorArray - Final normalized sensor size: 1 x 128
CustomSensorArray - Final normalized sensor size: 1 x 128
CustomSensorArray - Final normalized sensor size: 1 x 128
CustomSensorArray - Final normalized sensor size: 1 x 128
CustomSensorArray - Final normalized sensor size: 1 x 128
CustomSensorArray - Final normalized sensor size: 1 x 128
CustomSensorArray - Final normalized sensor size: 1 x 128
CustomSensorArray - Final normalized sensor size: 1 x 128
CustomSensorArray - Final normalized sensor size: 1 x 128
CustomSensorArray - Final normalized sensor size: 1 x 128
CustomSensorArray - Final normalized sensor size: 1 x 128
CustomSensorArray - Final normalized sensor size: 1 x 128
CustomSensorArray - Final normalized sensor size: 1 x 128
CustomSensorArray - Final normalized sensor size: 1 x 128
CustomSensorArray - Final normalized sensor size: 1 x 128
CustomSensorArray - Final normalized sensor size: 1 x 128
CustomSensorArray - Final normalized sensor size: 1 x 128
CustomSensorArray - Final normalized sensor size: 1 x 128
CustomSensorArray - Final normalized sensor size: 1 x 128
CustomSensorArray - Final normalized sensor size: 1 x 128
CustomSensorArray - Final normalized sensor size: 1 x 128
CustomSensorArray - Final normalized sensor size: 1 x 128
CustomSensorArray - Final normalized sensor size: 1 x 128
CustomSensorArray - Final normalized sensor size: 1 x 128
CustomSensorArray - Final normalized sensor size: 1 x 128
CustomSensorArray - Final normalized sensor size: 1 x 128
CustomSensorArray - Final normalized sensor size: 1 x 128
CustomSensorArray - Final normalized sensor size: 1 x 128
CustomSensorArray - Final normalized sensor size: 1 x 128
CustomSensorArray - Final normalized sensor size: 1 x 128
CustomSensorArray - Final normalized sensor size: 1 x 128
CustomSensorArray - Final normalized sensor size: 1 x 128
CustomSensorArray - Final normalized sensor size: 1 x 128
CustomSensorArray - Final normalized sensor size: 1 x 128
CustomSensorArray - Final normalized sensor size: 1 x 128
CustomSensorArray - Final normalized sensor size: 1 x 128
CustomSensorArray - Final normalized sensor size: 1 x 128
CustomSensorArray - Final normalized sensor size: 1 x 128
CustomSensorArray - Final normalized sensor size: 1 x 128
CustomSensorArray - Final normalized sensor size: 1 x 128
CustomSensorArray - Final normalized sensor size: 1 x 128
CustomSensorArray - Final normalized sensor size: 1 x 128
CustomSensorArray - Final normalized sensor size: 1 x 128
CustomSensorArray - Final normalized sensor size: 1 x 128
CustomSensorArray - Final normalized sensor size: 1 x 128
CustomSensorArray - Final normalized sensor size: 1 x 128
CustomSensorArray - Final normalized sensor size: 1 x 128
CustomSensorArray - Final normalized sensor size: 1 x 128
CustomSensorArray - Final normalized sensor size: 1 x 128
CustomSensorArray - Final normalized sensor size: 1 x 128
CustomSensorArray - Final normalized sensor size: 1 x 128
CustomSensorArray - Final normalized sensor size: 1 x 128
CustomSensorArray - Final normalized sensor size: 1 x 128
CustomSensorArray - Final normalized sensor size: 1 x 128
CustomSensorArray - Final normalized sensor size: 1 x 128
CustomSensorArray - Final normalized sensor size: 1 x 128
CustomSensorArray - Final normalized sensor size: 1 x 128
CustomSensorArray - Final normalized sensor size: 1 x 128
CustomSensorArray - Final normalized sensor size: 1 x 128
CustomSensorArray - Final normalized sensor size: 1 x 128
CustomSensorArray - Final normalized sensor size: 1 x 128
CustomSensorArray - Final normalized sensor size: 1 x 128
CustomSensorArray - Final normalized sensor size: 1 x 128
CustomSensorArray - Final normalized sensor size: 1 x 128
CustomSensorArray - Final normalized sensor size: 1 x 128
CustomSensorArray - Final normalized sensor size: 1 x 128
CustomSensorArray - Final normalized sensor size: 1 x 128
CustomSensorArray - Final normalized sensor size: 1 x 128
CustomSensorArray - Final normalized sensor size: 1 x 128
CustomSensorArray - Final normalized sensor size: 1 x 128
CustomSensorArray - Final normalized sensor size: 1 x 128
CustomSensorArray - Final normalized sensor size: 1 x 128
CustomSensorArray - Final normalized sensor size: 1 x 128
CustomSensorArray - Final normalized sensor size: 1 x 128
CustomSensorArray - Final normalized sensor size: 1 x 128
CustomSensorArray - Final normalized sensor size: 1 x 128
CustomSensorArray - Final normalized sensor size: 1 x 128
CustomSensorArray - Final normalized sensor size: 1 x 128
CustomSensorArray - Final normalized sensor size: 1 x 128
CustomSensorArray - Final normalized sensor size: 1 x 128
CustomSensorArray - Final normalized sensor size: 1 x 128
CustomSensorArray - Final normalized sensor size: 1 x 128
CustomSensorArray - Final normalized sensor size: 1 x 128
CustomSensorArray - Final normalized sensor size: 1 x 128
CustomSensorArray - Final normalized sensor size: 1 x 128
CustomSensorArray - Final normalized sensor size: 1 x 128
CustomSensorArray - Final normalized sensor size: 1 x 128
CustomSensorArray - Final normalized sensor size: 1 x 128
CustomSensorArray - Final normalized sensor size: 1 x 128
CustomSensorArray - Final normalized sensor size: 1 x 128
CustomSensorArray - Final normalized sensor size: 1 x 128
CustomSensorArray - Final normalized sensor size: 1 x 128
CustomSensorArray - Final normalized sensor size: 1 x 128
CustomSensorArray - Final normalized sensor size: 1 x 128
CustomSensorArray - Final normalized sensor size: 1 x 128
CustomSensorArray - Final normalized sensor size: 1 x 128
CustomSensorArray - Final normalized sensor size: 1 x 128
CustomSensorArray - Final normalized sensor size: 1 x 128
CustomSensorArray - Final normalized sensor size: 1 x 128
CustomSensorArray - Final normalized sensor size: 1 x 128
CustomSensorArray - Final normalized sensor size: 1 x 128
CustomSensorArray - Final normalized sensor size: 1 x 128
CustomSensorArray - Final normalized sensor size: 1 x 128
CustomSensorArray - Final normalized sensor size: 1 x 128
CustomSensorArray - Final normalized sensor size: 1 x 128
CustomSensorArray - Final normalized sensor size: 1 x 128
CustomSensorArray - Final normalized sensor size: 1 x 128
CustomSensorArray - Final normalized sensor size: 1 x 128
CustomSensorArray - Final normalized sensor size: 1 x 128
CustomSensorArray - Final normalized sensor size: 1 x 128
CustomSensorArray - Final normalized sensor size: 1 x 128
CustomSensorArray - Final normalized sensor size: 1 x 128
CustomSensorArray - Final normalized sensor size: 1 x 128
CustomSensorArray - Final normalized sensor size: 1 x 128
CustomSensorArray - Final normalized sensor size: 1 x 128
CustomSensorArray - Final normalized sensor size: 1 x 128
CustomSensorArray - Final normalized sensor size: 1 x 128
CustomSensorArray - Final normalized sensor size: 1 x 128
CustomSensorArray - Final normalized sensor size: 1 x 128
CustomSensorArray - Final normalized sensor size: 1 x 128
CustomSensorArray - Final normalized sensor size: 1 x 128
CustomSensorArray - Final normalized sensor size: 1 x 128
CustomSensorArray - Final normalized sensor size: 1 x 128
CustomSensorArray - Final normalized sensor size: 1 x 128
CustomSensorArray - Final normalized sensor size: 1 x 128
CustomSensorArray - Final normalized sensor size: 1 x 128
CustomSensorArray - Final normalized sensor size: 1 x 128
CustomSensorArray - Final normalized sensor size: 1 x 128
CustomSensorArray - Final normalized sensor size: 1 x 128
CustomSensorArray - Final normalized sensor size: 1 x 128
CustomSensorArray - Final normalized sensor size: 1 x 128
CustomSensorArray - Final normalized sensor size: 1 x 128
CustomSensorArray - Final normalized sensor size: 1 x 128
CustomSensorArray - Final normalized sensor size: 1 x 128
CustomSensorArray - Final normalized sensor size: 1 x 128
CustomSensorArray - Final normalized sensor size: 1 x 128
CustomSensorArray - Final normalized sensor size: 1 x 128
CustomSensorArray - Final normalized sensor size: 1 x 128
CustomSensorArray - Final normalized sensor size: 1 x 128
CustomSensorArray - Final normalized sensor size: 1 x 128
CustomSensorArray - Final normalized sensor size: 1 x 128
CustomSensorArray - Final normalized sensor size: 1 x 128
CustomSensorArray - Final normalized sensor size: 1 x 128
CustomSensorArray - Final normalized sensor size: 1 x 128
CustomSensorArray - Final normalized sensor size: 1 x 128
CustomSensorArray - Final normalized sensor size: 1 x 128
CustomSensorArray - Final normalized sensor size: 1 x 128
CustomSensorArray - Final normalized sensor size: 1 x 128
CustomSensorArray - Final normalized sensor size: 1 x 128
CustomSensorArray - Final normalized sensor size: 1 x 128
CustomSensorArray - Final normalized sensor size: 1 x 128
CustomSensorArray - Final normalized sensor size: 1 x 128
CustomSensorArray - Final normalized sensor size: 1 x 128
CustomSensorArray - Final normalized sensor size: 1 x 128
CustomSensorArray - Final normalized sensor size: 1 x 128
CustomSensorArray - Final normalized sensor size: 1 x 128
CustomSensorArray - Final normalized sensor size: 1 x 128
CustomSensorArray - Final normalized sensor size: 1 x 128
CustomSensorArray - Final normalized sensor size: 1 x 128
CustomSensorArray - Final normalized sensor size: 1 x 128
CustomSensorArray - Final normalized sensor size: 1 x 128
CustomSensorArray - Final normalized sensor size: 1 x 128
CustomSensorArray - Final normalized sensor size: 1 x 128
CustomSensorArray - Final normalized sensor size: 1 x 128
CustomSensorArray - Final normalized sensor size: 1 x 128
CustomSensorArray - Final normalized sensor size: 1 x 128
CustomSensorArray - Final normalized sensor size: 1 x 128
CustomSensorArray - Final normalized sensor size: 1 x 128
CustomSensorArray - Final normalized sensor size: 1 x 128
CustomSensorArray - Final normalized sensor size: 1 x 128
CustomSensorArray - Final normalized sensor size: 1 x 128
CustomSensorArray - Final normalized sensor size: 1 x 128
CustomSensorArray - Final normalized sensor size: 1 x 128
CustomSensorArray - Final normalized sensor size: 1 x 128
CustomSensorArray - Final normalized sensor size: 1 x 128
CustomSensorArray - Final normalized sensor size: 1 x 128
CustomSensorArray - Final normalized sensor size: 1 x 128
CustomSensorArray - Final normalized sensor size: 1 x 128
CustomSensorArray - Final normalized sensor size: 1 x 128
CustomSensorArray - Final normalized sensor size: 1 x 128
CustomSensorArray - Final normalized sensor size: 1 x 128
CustomSensorArray - Final normalized sensor size: 1 x 128
CustomSensorArray - Final normalized sensor size: 1 x 128
CustomSensorArray - Final normalized sensor size: 1 x 128
CustomSensorArray - Final normalized sensor size: 1 x 128
CustomSensorArray - Final normalized sensor size: 1 x 128
CustomSensorArray - Final normalized sensor size: 1 x 128
CustomSensorArray - Final normalized sensor size: 1 x 128
CustomSensorArray - Final normalized sensor size: 1 x 128
CustomSensorArray - Final normalized sensor size: 1 x 128
CustomSensorArray - Final normalized sensor size: 1 x 128
CustomSensorArray - Final normalized sensor size: 1 x 128
CustomSensorArray - Final normalized sensor size: 1 x 128
CustomSensorArray - Final normalized sensor size: 1 x 128
CustomSensorArray - Final normalized sensor size: 1 x 128
CustomSensorArray - Final normalized sensor size: 1 x 128
CustomSensorArray - Final normalized sensor size: 1 x 128
CustomSensorArray - Final normalized sensor size: 1 x 128
CustomSensorArray - Final normalized sensor size: 1 x 128
CustomSensorArray - Final normalized sensor size: 1 x 128
CustomSensorArray - Final normalized sensor size: 1 x 128
CustomSensorArray - Final normalized sensor size: 1 x 128
CustomSensorArray - Final normalized sensor size: 1 x 128
CustomSensorArray - Final normalized sensor size: 1 x 128
CustomSensorArray - Final normalized sensor size: 1 x 128
CustomSensorArray - Final normalized sensor size: 1 x 128
CustomSensorArray - Final normalized sensor size: 1 x 128
CustomSensorArray - Final normalized sensor size: 1 x 128
CustomSensorArray - Final normalized sensor size: 1 x 128
CustomSensorArray - Final normalized sensor size: 1 x 128
CustomSensorArray - Final normalized sensor size: 1 x 128
CustomSensorArray - Final normalized sensor size: 1 x 128
CustomSensorArray - Final normalized sensor size: 1 x 128
CustomSensorArray - Final normalized sensor size: 1 x 128
CustomSensorArray - Final normalized sensor size: 1 x 128
CustomSensorArray - Final normalized sensor size: 1 x 128
CustomSensorArray - Final normalized sensor size: 1 x 128
CustomSensorArray - Final normalized sensor size: 1 x 128
CustomSensorArray - Final normalized sensor size: 1 x 128
CustomSensorArray - Final normalized sensor size: 1 x 128
CustomSensorArray - Final normalized sensor size: 1 x 128
CustomSensorArray - Final normalized sensor size: 1 x 128
CustomSensorArray - Final normalized sensor size: 1 x 128
CustomSensorArray - Final normalized sensor size: 1 x 128
CustomSensorArray - Final normalized sensor size: 1 x 128
CustomSensorArray - Final normalized sensor size: 1 x 128
CustomSensorArray - Final normalized sensor size: 1 x 128
CustomSensorArray - Final normalized sensor size: 1 x 128
CustomSensorArray - Final normalized sensor size: 1 x 128
CustomSensorArray - Final normalized sensor size: 1 x 128
CustomSensorArray - Final normalized sensor size: 1 x 128
CustomSensorArray - Final normalized sensor size: 1 x 128
CustomSensorArray - Final normalized sensor size: 1 x 128
CustomSensorArray - Final normalized sensor size: 1 x 128
CustomSensorArray - Final normalized sensor size: 1 x 128
CustomSensorArray - Final normalized sensor size: 1 x 128
CustomSensorArray - Final normalized sensor size: 1 x 128
CustomSensorArray - Final normalized sensor size: 1 x 128
CustomSensorArray - Final normalized sensor size: 1 x 128
CustomSensorArray - Final normalized sensor size: 1 x 128
CustomSensorArray - Final normalized sensor size: 1 x 128
CustomSensorArray - Final normalized sensor size: 1 x 128
CustomSensorArray - Final normalized sensor size: 1 x 128
CustomSensorArray - Final normalized sensor size: 1 x 128
CustomSensorArray - Final normalized sensor size: 1 x 128
CustomSensorArray - Final normalized sensor size: 1 x 128
CustomSensorArray - Final normalized sensor size: 1 x 128
CustomSensorArray - Final normalized sensor size: 1 x 128
CustomSensorArray - Final normalized sensor size: 1 x 128
CustomSensorArray - Final normalized sensor size: 1 x 128
CustomSensorArray - Final normalized sensor size: 1 x 128
CustomSensorArray - Final normalized sensor size: 1 x 128
CustomSensorArray - Final normalized sensor size: 1 x 128
CustomSensorArray - Final normalized sensor size: 1 x 128
CustomSensorArray - Final normalized sensor size: 1 x 128
CustomSensorArray - Final normalized sensor size: 1 x 128
CustomSensorArray - Final normalized sensor size: 1 x 128
CustomSensorArray - Final normalized sensor size: 1 x 128
CustomSensorArray - Final normalized sensor size: 1 x 128
CustomSensorArray - Final normalized sensor size: 1 x 128
CustomSensorArray - Final normalized sensor size: 1 x 128
CustomSensorArray - Final normalized sensor size: 1 x 128
CustomSensorArray - Final normalized sensor size: 1 x 128
CustomSensorArray - Final normalized sensor size: 1 x 128
CustomSensorArray - Final normalized sensor size: 1 x 128
CustomSensorArray - Final normalized sensor size: 1 x 128
CustomSensorArray - Final normalized sensor size: 1 x 128
CustomSensorArray - Final normalized sensor size: 1 x 128
CustomSensorArray - Final normalized sensor size: 1 x 128
CustomSensorArray - Final normalized sensor size: 1 x 128
CustomSensorArray - Final normalized sensor size: 1 x 128
CustomSensorArray - Final normalized sensor size: 1 x 128
CustomSensorArray - Final normalized sensor size: 1 x 128
CustomSensorArray - Final normalized sensor size: 1 x 128
CustomSensorArray - Final normalized sensor size: 1 x 128
CustomSensorArray - Final normalized sensor size: 1 x 128
CustomSensorArray - Final normalized sensor size: 1 x 128
CustomSensorArray - Final normalized sensor size: 1 x 128
CustomSensorArray - Final normalized sensor size: 1 x 128
CustomSensorArray - Final normalized sensor size: 1 x 128
CustomSensorArray - Final normalized sensor size: 1 x 128
CustomSensorArray - Final normalized sensor size: 1 x 128
CustomSensorArray - Final normalized sensor size: 1 x 128
CustomSensorArray - Final normalized sensor size: 1 x 128
CustomSensorArray - Final normalized sensor size: 1 x 128
CustomSensorArray - Final normalized sensor size: 1 x 128
CustomSensorArray - Final normalized sensor size: 1 x 128
CustomSensorArray - Final normalized sensor size: 1 x 128
CustomSensorArray - Final normalized sensor size: 1 x 128
CustomSensorArray - Final normalized sensor size: 1 x 128
CustomSensorArray - Final normalized sensor size: 1 x 128
CustomSensorArray - Final normalized sensor size: 1 x 128
CustomSensorArray - Final normalized sensor size: 1 x 128
CustomSensorArray - Final normalized sensor size: 1 x 128
CustomSensorArray - Final normalized sensor size: 1 x 128
CustomSensorArray - Final normalized sensor size: 1 x 128
CustomSensorArray - Final normalized sensor size: 1 x 128
CustomSensorArray - Final normalized sensor size: 1 x 128
CustomSensorArray - Final normalized sensor size: 1 x 128
CustomSensorArray - Final normalized sensor size: 1 x 128
CustomSensorArray - Final normalized sensor size: 1 x 128
CustomSensorArray - Final normalized sensor size: 1 x 128
CustomSensorArray - Final normalized sensor size: 1 x 128
CustomSensorArray - Final normalized sensor size: 1 x 128
CustomSensorArray - Final normalized sensor size: 1 x 128
CustomSensorArray - Final normalized sensor size: 1 x 128
CustomSensorArray - Final normalized sensor size: 1 x 128
CustomSensorArray - Final normalized sensor size: 1 x 128
CustomSensorArray - Final normalized sensor size: 1 x 128
CustomSensorArray - Final normalized sensor size: 1 x 128
CustomSensorArray - Final normalized sensor size: 1 x 128
CustomSensorArray - Final normalized sensor size: 1 x 128
CustomSensorArray - Final normalized sensor size: 1 x 128
CustomSensorArray - Final normalized sensor size: 1 x 128
CustomSensorArray - Final normalized sensor size: 1 x 128
CustomSensorArray - Final normalized sensor size: 1 x 128
CustomSensorArray - Final normalized sensor size: 1 x 128
CustomSensorArray - Final normalized sensor size: 1 x 128
CustomSensorArray - Final normalized sensor size: 1 x 128
CustomSensorArray - Final normalized sensor size: 1 x 128
CustomSensorArray - Final normalized sensor size: 1 x 128
CustomSensorArray - Final normalized sensor size: 1 x 128
CustomSensorArray - Final normalized sensor size: 1 x 128
CustomSensorArray - Final normalized sensor size: 1 x 128
CustomSensorArray - Final normalized sensor size: 1 x 128
CustomSensorArray - Final normalized sensor size: 1 x 128
CustomSensorArray - Final normalized sensor size: 1 x 128
CustomSensorArray - Final normalized sensor size: 1 x 128
CustomSensorArray - Final normalized sensor size: 1 x 128
CustomSensorArray - Final normalized sensor size: 1 x 128
CustomSensorArray - Final normalized sensor size: 1 x 128
CustomSensorArray - Final normalized sensor size: 1 x 128
CustomSensorArray - Final normalized sensor size: 1 x 128
CustomSensorArray - Final normalized sensor size: 1 x 128
CustomSensorArray - Final normalized sensor size: 1 x 128
CustomSensorArray - Final normalized sensor size: 1 x 128
CustomSensorArray - Final normalized sensor size: 1 x 128
CustomSensorArray - Final normalized sensor size: 1 x 128
CustomSensorArray - Final normalized sensor size: 1 x 128
CustomSensorArray - Final normalized sensor size: 1 x 128
CustomSensorArray - Final normalized sensor size: 1 x 128
CustomSensorArray - Final normalized sensor size: 1 x 128
CustomSensorArray - Final normalized sensor size: 1 x 128
CustomSensorArray - Final normalized sensor size: 1 x 128
CustomSensorArray - Final normalized sensor size: 1 x 128
CustomSensorArray - Final normalized sensor size: 1 x 128
CustomSensorArray - Final normalized sensor size: 1 x 128
CustomSensorArray - Final normalized sensor size: 1 x 128
CustomSensorArray - Final normalized sensor size: 1 x 128
CustomSensorArray - Final normalized sensor size: 1 x 128
CustomSensorArray - Final normalized sensor size: 1 x 128
CustomSensorArray - Final normalized sensor size: 1 x 128
CustomSensorArray - Final normalized sensor size: 1 x 128
CustomSensorArray - Final normalized sensor size: 1 x 128
CustomSensorArray - Final normalized sensor size: 1 x 128
CustomSensorArray - Final normalized sensor size: 1 x 128
CustomSensorArray - Final normalized sensor size: 1 x 128
CustomSensorArray - Final normalized sensor size: 1 x 128
CustomSensorArray - Final normalized sensor size: 1 x 128
CustomSensorArray - Final normalized sensor size: 1 x 128
CustomSensorArray - Final normalized sensor size: 1 x 128
CustomSensorArray - Final normalized sensor size: 1 x 128
CustomSensorArray - Final normalized sensor size: 1 x 128
CustomSensorArray - Final normalized sensor size: 1 x 128
CustomSensorArray - Final normalized sensor size: 1 x 128
CustomSensorArray - Final normalized sensor size: 1 x 128
CustomSensorArray - Final normalized sensor size: 1 x 128
CustomSensorArray - Final normalized sensor size: 1 x 128
CustomSensorArray - Final normalized sensor size: 1 x 128
CustomSensorArray - Final normalized sensor size: 1 x 128
CustomSensorArray - Final normalized sensor size: 1 x 128
CustomSensorArray - Final normalized sensor size: 1 x 128
CustomSensorArray - Final normalized sensor size: 1 x 128
CustomSensorArray - Final normalized sensor size: 1 x 128
CustomSensorArray - Final normalized sensor size: 1 x 128
CustomSensorArray - Final normalized sensor size: 1 x 128
CustomSensorArray - Final normalized sensor size: 1 x 128
CustomSensorArray - Final normalized sensor size: 1 x 128
CustomSensorArray - Final normalized sensor size: 1 x 128
CustomSensorArray - Final normalized sensor size: 1 x 128
CustomSensorArray - Final normalized sensor size: 1 x 128
CustomSensorArray - Final normalized sensor size: 1 x 128
CustomSensorArray - Final normalized sensor size: 1 x 128
CustomSensorArray - Final normalized sensor size: 1 x 128
CustomSensorArray - Final normalized sensor size: 1 x 128
CustomSensorArray - Final normalized sensor size: 1 x 128
CustomSensorArray - Final normalized sensor size: 1 x 128
CustomSensorArray - Final normalized sensor size: 1 x 128
CustomSensorArray - Final normalized sensor size: 1 x 128
CustomSensorArray - Final normalized sensor size: 1 x 128
CustomSensorArray - Final normalized sensor size: 1 x 128
CustomSensorArray - Final normalized sensor size: 1 x 128
CustomSensorArray - Final normalized sensor size: 1 x 128
CustomSensorArray - Final normalized sensor size: 1 x 128
CustomSensorArray - Final normalized sensor size: 1 x 128
CustomSensorArray - Final normalized sensor size: 1 x 128
CustomSensorArray - Final normalized sensor size: 1 x 128
CustomSensorArray - Final normalized sensor size: 1 x 128
CustomSensorArray - Final normalized sensor size: 1 x 128
CustomSensorArray - Final normalized sensor size: 1 x 128
CustomSensorArray - Final normalized sensor size: 1 x 128
CustomSensorArray - Final normalized sensor size: 1 x 128
CustomSensorArray - Final normalized sensor size: 1 x 128
CustomSensorArray - Final normalized sensor size: 1 x 128
CustomSensorArray - Final normalized sensor size: 1 x 128
CustomSensorArray - Final normalized sensor size: 1 x 128
CustomSensorArray - Final normalized sensor size: 1 x 128
CustomSensorArray - Final normalized sensor size: 1 x 128
CustomSensorArray - Final normalized sensor size: 1 x 128
CustomSensorArray - Final normalized sensor size: 1 x 128
CustomSensorArray - Final normalized sensor size: 1 x 128
CustomSensorArray - Final normalized sensor size: 1 x 128
CustomSensorArray - Final normalized sensor size: 1 x 128
CustomSensorArray - Final normalized sensor size: 1 x 128
CustomSensorArray - Final normalized sensor size: 1 x 128
CustomSensorArray - Final normalized sensor size: 1 x 128
CustomSensorArray - Final normalized sensor size: 1 x 128
CustomSensorArray - Final normalized sensor size: 1 x 128
CustomSensorArray - Final normalized sensor size: 1 x 128
CustomSensorArray - Final normalized sensor size: 1 x 128
CustomSensorArray - Final normalized sensor size: 1 x 128
CustomSensorArray - Final normalized sensor size: 1 x 128
CustomSensorArray - Final normalized sensor size: 1 x 128
CustomSensorArray - Final normalized sensor size: 1 x 128
CustomSensorArray - Final normalized sensor size: 1 x 128
CustomSensorArray - Final normalized sensor size: 1 x 128
CustomSensorArray - Final normalized sensor size: 1 x 128
CustomSensorArray - Final normalized sensor size: 1 x 128
CustomSensorArray - Final normalized sensor size: 1 x 128
CustomSensorArray - Final normalized sensor size: 1 x 128
CustomSensorArray - Final normalized sensor size: 1 x 128
CustomSensorArray - Final normalized sensor size: 1 x 128
CustomSensorArray - Final normalized sensor size: 1 x 128
CustomSensorArray - Final normalized sensor size: 1 x 128
CustomSensorArray - Final normalized sensor size: 1 x 128
CustomSensorArray - Final normalized sensor size: 1 x 128
CustomSensorArray - Final normalized sensor size: 1 x 128
CustomSensorArray - Final normalized sensor size: 1 x 128
CustomSensorArray - Final normalized sensor size: 1 x 128
CustomSensorArray - Final normalized sensor size: 1 x 128
CustomSensorArray - Final normalized sensor size: 1 x 128
CustomSensorArray - Final normalized sensor size: 1 x 128
CustomSensorArray - Final normalized sensor size: 1 x 128
CustomSensorArray - Final normalized sensor size: 1 x 128
CustomSensorArray - Final normalized sensor size: 1 x 128
CustomSensorArray - Final normalized sensor size: 1 x 128
CustomSensorArray - Final normalized sensor size: 1 x 128
CustomSensorArray - Final normalized sensor size: 1 x 128
CustomSensorArray - Final normalized sensor size: 1 x 128
CustomSensorArray - Final normalized sensor size: 1 x 128
CustomSensorArray - Final normalized sensor size: 1 x 128
CustomSensorArray - Final normalized sensor size: 1 x 128
CustomSensorArray - Final normalized sensor size: 1 x 128
CustomSensorArray - Final normalized sensor size: 1 x 128
CustomSensorArray - Final normalized sensor size: 1 x 128
CustomSensorArray - Final normalized sensor size: 1 x 128
CustomSensorArray - Final normalized sensor size: 1 x 128
CustomSensorArray - Final normalized sensor size: 1 x 128
CustomSensorArray - Final normalized sensor size: 1 x 128
CustomSensorArray - Final normalized sensor size: 1 x 128
CustomSensorArray - Final normalized sensor size: 1 x 128
CustomSensorArray - Final normalized sensor size: 1 x 128
CustomSensorArray - Final normalized sensor size: 1 x 128
CustomSensorArray - Final normalized sensor size: 1 x 128
CustomSensorArray - Final normalized sensor size: 1 x 128
CustomSensorArray - Final normalized sensor size: 1 x 128
CustomSensorArray - Final normalized sensor size: 1 x 128
CustomSensorArray - Final normalized sensor size: 1 x 128
CustomSensorArray - Final normalized sensor size: 1 x 128
CustomSensorArray - Final normalized sensor size: 1 x 128
CustomSensorArray - Final normalized sensor size: 1 x 128
CustomSensorArray - Final normalized sensor size: 1 x 128
CustomSensorArray - Final normalized sensor size: 1 x 128
CustomSensorArray - Final normalized sensor size: 1 x 128
CustomSensorArray - Final normalized sensor size: 1 x 128
CustomSensorArray - Final normalized sensor size: 1 x 128
CustomSensorArray - Final normalized sensor size: 1 x 128
CustomSensorArray - Final normalized sensor size: 1 x 128
CustomSensorArray - Final normalized sensor size: 1 x 128
CustomSensorArray - Final normalized sensor size: 1 x 128
CustomSensorArray - Final normalized sensor size: 1 x 128
CustomSensorArray - Final normalized sensor size: 1 x 128
CustomSensorArray - Final normalized sensor size: 1 x 128
CustomSensorArray - Final normalized sensor size: 1 x 128
CustomSensorArray - Final normalized sensor size: 1 x 128
CustomSensorArray - Final normalized sensor size: 1 x 128
CustomSensorArray - Final normalized sensor size: 1 x 128
CustomSensorArray - Final normalized sensor size: 1 x 128
CustomSensorArray - Final normalized sensor size: 1 x 128
CustomSensorArray - Final normalized sensor size: 1 x 128
CustomSensorArray - Final normalized sensor size: 1 x 128
CustomSensorArray - Final normalized sensor size: 1 x 128
CustomSensorArray - Final normalized sensor size: 1 x 128
CustomSensorArray - Final normalized sensor size: 1 x 128
CustomSensorArray - Final normalized sensor size: 1 x 128
CustomSensorArray - Final normalized sensor size: 1 x 128
CustomSensorArray - Final normalized sensor size: 1 x 128
CustomSensorArray - Final normalized sensor size: 1 x 128
CustomSensorArray - Final normalized sensor size: 1 x 128
CustomSensorArray - Final normalized sensor size: 1 x 128
CustomSensorArray - Final normalized sensor size: 1 x 128
CustomSensorArray - Final normalized sensor size: 1 x 128
CustomSensorArray - Final normalized sensor size: 1 x 128
CustomSensorArray - Final normalized sensor size: 1 x 128
CustomSensorArray - Final normalized sensor size: 1 x 128
CustomSensorArray - Final normalized sensor size: 1 x 128
CustomSensorArray - Final normalized sensor size: 1 x 128
CustomSensorArray - Final normalized sensor size: 1 x 128
CustomSensorArray - Final normalized sensor size: 1 x 128
CustomSensorArray - Final normalized sensor size: 1 x 128
CustomSensorArray - Final normalized sensor size: 1 x 128
CustomSensorArray - Final normalized sensor size: 1 x 128
CustomSensorArray - Final normalized sensor size: 1 x 128
CustomSensorArray - Final normalized sensor size: 1 x 128
CustomSensorArray - Final normalized sensor size: 1 x 128
CustomSensorArray - Final normalized sensor size: 1 x 128
CustomSensorArray - Final normalized sensor size: 1 x 128
CustomSensorArray - Final normalized sensor size: 1 x 128
CustomSensorArray - Final normalized sensor size: 1 x 128
CustomSensorArray - Final normalized sensor size: 1 x 128
CustomSensorArray - Final normalized sensor size: 1 x 128
CustomSensorArray - Final normalized sensor size: 1 x 128
CustomSensorArray - Final normalized sensor size: 1 x 128
CustomSensorArray - Final normalized sensor size: 1 x 128
CustomSensorArray - Final normalized sensor size: 1 x 128
CustomSensorArray - Final normalized sensor size: 1 x 128
CustomSensorArray - Final normalized sensor size: 1 x 128
CustomSensorArray - Final normalized sensor size: 1 x 128
CustomSensorArray - Final normalized sensor size: 1 x 128
CustomSensorArray - Final normalized sensor size: 1 x 128
CustomSensorArray - Final normalized sensor size: 1 x 128
CustomSensorArray - Final normalized sensor size: 1 x 128
CustomSensorArray - Final normalized sensor size: 1 x 128
CustomSensorArray - Final normalized sensor size: 1 x 128
CustomSensorArray - Final normalized sensor size: 1 x 128
CustomSensorArray - Final normalized sensor size: 1 x 128
CustomSensorArray - Final normalized sensor size: 1 x 128
CustomSensorArray - Final normalized sensor size: 1 x 128
CustomSensorArray - Final normalized sensor size: 1 x 128
CustomSensorArray - Final normalized sensor size: 1 x 128
CustomSensorArray - Final normalized sensor size: 1 x 128
CustomSensorArray - Final normalized sensor size: 1 x 128
CustomSensorArray - Final normalized sensor size: 1 x 128
CustomSensorArray - Final normalized sensor size: 1 x 128
CustomSensorArray - Final normalized sensor size: 1 x 128
CustomSensorArray - Final normalized sensor size: 1 x 128
CustomSensorArray - Final normalized sensor size: 1 x 128
CustomSensorArray - Final normalized sensor size: 1 x 128
CustomSensorArray - Final normalized sensor size: 1 x 128
CustomSensorArray - Final normalized sensor size: 1 x 128
CustomSensorArray - Final normalized sensor size: 1 x 128
CustomSensorArray - Final normalized sensor size: 1 x 128
CustomSensorArray - Final normalized sensor size: 1 x 128
CustomSensorArray - Final normalized sensor size: 1 x 128
CustomSensorArray - Final normalized sensor size: 1 x 128
CustomSensorArray - Final normalized sensor size: 1 x 128
CustomSensorArray - Final normalized sensor size: 1 x 128
CustomSensorArray - Final normalized sensor size: 1 x 128
CustomSensorArray - Final normalized sensor size: 1 x 128
CustomSensorArray - Final normalized sensor size: 1 x 128
CustomSensorArray - Final normalized sensor size: 1 x 128
CustomSensorArray - Final normalized sensor size: 1 x 128
CustomSensorArray - Final normalized sensor size: 1 x 128
CustomSensorArray - Final normalized sensor size: 1 x 128
CustomSensorArray - Final normalized sensor size: 1 x 128
CustomSensorArray - Final normalized sensor size: 1 x 128
CustomSensorArray - Final normalized sensor size: 1 x 128
CustomSensorArray - Final normalized sensor size: 1 x 128
CustomSensorArray - Final normalized sensor size: 1 x 128
CustomSensorArray - Final normalized sensor size: 1 x 128
CustomSensorArray - Final normalized sensor size: 1 x 128
CustomSensorArray - Final normalized sensor size: 1 x 128
CustomSensorArray - Final normalized sensor size: 1 x 128
CustomSensorArray - Final normalized sensor size: 1 x 128
CustomSensorArray - Final normalized sensor size: 1 x 128
CustomSensorArray - Final normalized sensor size: 1 x 128
CustomSensorArray - Final normalized sensor size: 1 x 128
CustomSensorArray - Final normalized sensor size: 1 x 128
CustomSensorArray - Final normalized sensor size: 1 x 128
CustomSensorArray - Final normalized sensor size: 1 x 128
CustomSensorArray - Final normalized sensor size: 1 x 128
CustomSensorArray - Final normalized sensor size: 1 x 128
CustomSensorArray - Final normalized sensor size: 1 x 128
CustomSensorArray - Final normalized sensor size: 1 x 128
CustomSensorArray - Final normalized sensor size: 1 x 128
CustomSensorArray - Final normalized sensor size: 1 x 128
CustomSensorArray - Final normalized sensor size: 1 x 128
CustomSensorArray - Final normalized sensor size: 1 x 128
CustomSensorArray - Final normalized sensor size: 1 x 128
CustomSensorArray - Final normalized sensor size: 1 x 128
CustomSensorArray - Final normalized sensor size: 1 x 128
CustomSensorArray - Final normalized sensor size: 1 x 128
CustomSensorArray - Final normalized sensor size: 1 x 128
CustomSensorArray - Final normalized sensor size: 1 x 128
CustomSensorArray - Final normalized sensor size: 1 x 128
CustomSensorArray - Final normalized sensor size: 1 x 128
CustomSensorArray - Final normalized sensor size: 1 x 128
CustomSensorArray - Final normalized sensor size: 1 x 128
CustomSensorArray - Final normalized sensor size: 1 x 128
CustomSensorArray - Final normalized sensor size: 1 x 128
CustomSensorArray - Final normalized sensor size: 1 x 128
CustomSensorArray - Final normalized sensor size: 1 x 128
CustomSensorArray - Final normalized sensor size: 1 x 128
CustomSensorArray - Final normalized sensor size: 1 x 128
CustomSensorArray - Final normalized sensor size: 1 x 128
CustomSensorArray - Final normalized sensor size: 1 x 128
CustomSensorArray - Final normalized sensor size: 1 x 128
CustomSensorArray - Final normalized sensor size: 1 x 128
CustomSensorArray - Final normalized sensor size: 1 x 128
CustomSensorArray - Final normalized sensor size: 1 x 128
CustomSensorArray - Final normalized sensor size: 1 x 128
CustomSensorArray - Final normalized sensor size: 1 x 128
CustomSensorArray - Final normalized sensor size: 1 x 128
CustomSensorArray - Final normalized sensor size: 1 x 128
CustomSensorArray - Final normalized sensor size: 1 x 128
CustomSensorArray - Final normalized sensor size: 1 x 128
CustomSensorArray - Final normalized sensor size: 1 x 128
CustomSensorArray - Final normalized sensor size: 1 x 128
CustomSensorArray - Final normalized sensor size: 1 x 128
CustomSensorArray - Final normalized sensor size: 1 x 128
CustomSensorArray - Final normalized sensor size: 1 x 128
CustomSensorArray - Final normalized sensor size: 1 x 128
CustomSensorArray - Final normalized sensor size: 1 x 128
CustomSensorArray - Final normalized sensor size: 1 x 128
CustomSensorArray - Final normalized sensor size: 1 x 128
CustomSensorArray - Final normalized sensor size: 1 x 128
CustomSensorArray - Final normalized sensor size: 1 x 128
CustomSensorArray - Final normalized sensor size: 1 x 128
CustomSensorArray - Final normalized sensor size: 1 x 128
CustomSensorArray - Final normalized sensor size: 1 x 128
CustomSensorArray - Final normalized sensor size: 1 x 128
CustomSensorArray - Final normalized sensor size: 1 x 128
CustomSensorArray - Final normalized sensor size: 1 x 128
CustomSensorArray - Final normalized sensor size: 1 x 128
CustomSensorArray - Final normalized sensor size: 1 x 128
CustomSensorArray - Final normalized sensor size: 1 x 128
CustomSensorArray - Final normalized sensor size: 1 x 128
CustomSensorArray - Final normalized sensor size: 1 x 128
CustomSensorArray - Final normalized sensor size: 1 x 128
CustomSensorArray - Final normalized sensor size: 1 x 128
CustomSensorArray - Final normalized sensor size: 1 x 128
CustomSensorArray - Final normalized sensor size: 1 x 128
CustomSensorArray - Final normalized sensor size: 1 x 128
CustomSensorArray - Final normalized sensor size: 1 x 128
CustomSensorArray - Final normalized sensor size: 1 x 128
CustomSensorArray - Final normalized sensor size: 1 x 128
CustomSensorArray - Final normalized sensor size: 1 x 128
CustomSensorArray - Final normalized sensor size: 1 x 128
CustomSensorArray - Final normalized sensor size: 1 x 128
CustomSensorArray - Final normalized sensor size: 1 x 128
CustomSensorArray - Final normalized sensor size: 1 x 128
CustomSensorArray - Final normalized sensor size: 1 x 128
CustomSensorArray - Final normalized sensor size: 1 x 128
CustomSensorArray - Final normalized sensor size: 1 x 128
CustomSensorArray - Final normalized sensor size: 1 x 128
CustomSensorArray - Final normalized sensor size: 1 x 128
CustomSensorArray - Final normalized sensor size: 1 x 128
CustomSensorArray - Final normalized sensor size: 1 x 128
CustomSensorArray - Final normalized sensor size: 1 x 128
CustomSensorArray - Final normalized sensor size: 1 x 128
CustomSensorArray - Final normalized sensor size: 1 x 128
CustomSensorArray - Final normalized sensor size: 1 x 128
CustomSensorArray - Final normalized sensor size: 1 x 128
CustomSensorArray - Final normalized sensor size: 1 x 128
CustomSensorArray - Final normalized sensor size: 1 x 128
CustomSensorArray - Final normalized sensor size: 1 x 128
CustomSensorArray - Final normalized sensor size: 1 x 128
CustomSensorArray - Final normalized sensor size: 1 x 128
CustomSensorArray - Final normalized sensor size: 1 x 128
CustomSensorArray - Final normalized sensor size: 1 x 128
CustomSensorArray - Final normalized sensor size: 1 x 128
CustomSensorArray - Final normalized sensor size: 1 x 128
CustomSensorArray - Final normalized sensor size: 1 x 128
CustomSensorArray - Final normalized sensor size: 1 x 128
CustomSensorArray - Final normalized sensor size: 1 x 128
CustomSensorArray - Final normalized sensor size: 1 x 128
CustomSensorArray - Final normalized sensor size: 1 x 128
CustomSensorArray - Final normalized sensor size: 1 x 128
CustomSensorArray - Final normalized sensor size: 1 x 128
CustomSensorArray - Final normalized sensor size: 1 x 128
CustomSensorArray - Final normalized sensor size: 1 x 128
CustomSensorArray - Final normalized sensor size: 1 x 128
CustomSensorArray - Final normalized sensor size: 1 x 128
CustomSensorArray - Final normalized sensor size: 1 x 128
CustomSensorArray - Final normalized sensor size: 1 x 128
CustomSensorArray - Final normalized sensor size: 1 x 128
CustomSensorArray - Final normalized sensor size: 1 x 128
CustomSensorArray - Final normalized sensor size: 1 x 128
CustomSensorArray - Final normalized sensor size: 1 x 128
CustomSensorArray - Final normalized sensor size: 1 x 128
CustomSensorArray - Final normalized sensor size: 1 x 128
CustomSensorArray - Final normalized sensor size: 1 x 128
CustomSensorArray - Final normalized sensor size: 1 x 128
CustomSensorArray - Final normalized sensor size: 1 x 128
CustomSensorArray - Final normalized sensor size: 1 x 128
CustomSensorArray - Final normalized sensor size: 1 x 128
CustomSensorArray - Final normalized sensor size: 1 x 128
CustomSensorArray - Final normalized sensor size: 1 x 128
CustomSensorArray - Final normalized sensor size: 1 x 128
CustomSensorArray - Final normalized sensor size: 1 x 128
CustomSensorArray - Final normalized sensor size: 1 x 128
CustomSensorArray - Final normalized sensor size: 1 x 128
CustomSensorArray - Final normalized sensor size: 1 x 128
CustomSensorArray - Final normalized sensor size: 1 x 128
CustomSensorArray - Final normalized sensor size: 1 x 128
CustomSensorArray - Final normalized sensor size: 1 x 128
CustomSensorArray - Final normalized sensor size: 1 x 128
CustomSensorArray - Final normalized sensor size: 1 x 128
CustomSensorArray - Final normalized sensor size: 1 x 128
CustomSensorArray - Final normalized sensor size: 1 x 128
CustomSensorArray - Final normalized sensor size: 1 x 128
CustomSensorArray - Final normalized sensor size: 1 x 128
CustomSensorArray - Final normalized sensor size: 1 x 128
CustomSensorArray - Final normalized sensor size: 1 x 128
CustomSensorArray - Final normalized sensor size: 1 x 128
CustomSensorArray - Final normalized sensor size: 1 x 128
CustomSensorArray - Final normalized sensor size: 1 x 128
CustomSensorArray - Final normalized sensor size: 1 x 128
CustomSensorArray - Final normalized sensor size: 1 x 128
CustomSensorArray - Final normalized sensor size: 1 x 128
CustomSensorArray - Final normalized sensor size: 1 x 128
CustomSensorArray - Final normalized sensor size: 1 x 128
CustomSensorArray - Final normalized sensor size: 1 x 128
CustomSensorArray - Final normalized sensor size: 1 x 128
CustomSensorArray - Final normalized sensor size: 1 x 128
CustomSensorArray - Final normalized sensor size: 1 x 128
CustomSensorArray - Final normalized sensor size: 1 x 128
CustomSensorArray - Final normalized sensor size: 1 x 128
CustomSensorArray - Final normalized sensor size: 1 x 128
CustomSensorArray - Final normalized sensor size: 1 x 128
CustomSensorArray - Final normalized sensor size: 1 x 128
CustomSensorArray - Final normalized sensor size: 1 x 128
CustomSensorArray - Final normalized sensor size: 1 x 128
CustomSensorArray - Final normalized sensor size: 1 x 128
CustomSensorArray - Final normalized sensor size: 1 x 128
CustomSensorArray - Final normalized sensor size: 1 x 128
CustomSensorArray - Final normalized sensor size: 1 x 128
CustomSensorArray - Final normalized sensor size: 1 x 128
CustomSensorArray - Final normalized sensor size: 1 x 128
CustomSensorArray - Final normalized sensor size: 1 x 128
CustomSensorArray - Final normalized sensor size: 1 x 128
CustomSensorArray - Final normalized sensor size: 1 x 128
CustomSensorArray - Final normalized sensor size: 1 x 128
CustomSensorArray - Final normalized sensor size: 1 x 128
CustomSensorArray - Final normalized sensor size: 1 x 128
CustomSensorArray - Final normalized sensor size: 1 x 128
CustomSensorArray - Final normalized sensor size: 1 x 128
CustomSensorArray - Final normalized sensor size: 1 x 128
CustomSensorArray - Final normalized sensor size: 1 x 128
CustomSensorArray - Final normalized sensor size: 1 x 128
CustomSensorArray - Final normalized sensor size: 1 x 128
CustomSensorArray - Final normalized sensor size: 1 x 128
CustomSensorArray - Final normalized sensor size: 1 x 128
CustomSensorArray - Final normalized sensor size: 1 x 128
CustomSensorArray - Final normalized sensor size: 1 x 128
CustomSensorArray - Final normalized sensor size: 1 x 128
CustomSensorArray - Final normalized sensor size: 1 x 128
CustomSensorArray - Final normalized sensor size: 1 x 128
CustomSensorArray - Final normalized sensor size: 1 x 128
CustomSensorArray - Final normalized sensor size: 1 x 128
CustomSensorArray - Final normalized sensor size: 1 x 128
CustomSensorArray - Final normalized sensor size: 1 x 128
CustomSensorArray - Final normalized sensor size: 1 x 128
CustomSensorArray - Final normalized sensor size: 1 x 128
CustomSensorArray - Final normalized sensor size: 1 x 128
CustomSensorArray - Final normalized sensor size: 1 x 128
CustomSensorArray - Final normalized sensor size: 1 x 128
CustomSensorArray - Final normalized sensor size: 1 x 128
CustomSensorArray - Final normalized sensor size: 1 x 128
CustomSensorArray - Final normalized sensor size: 1 x 128
CustomSensorArray - Final normalized sensor size: 1 x 128
CustomSensorArray - Final normalized sensor size: 1 x 128
CustomSensorArray - Final normalized sensor size: 1 x 128
CustomSensorArray - Final normalized sensor size: 1 x 128
CustomSensorArray - Final normalized sensor size: 1 x 128
CustomSensorArray - Final normalized sensor size: 1 x 128
CustomSensorArray - Final normalized sensor size: 1 x 128
CustomSensorArray - Final normalized sensor size: 1 x 128
CustomSensorArray - Final normalized sensor size: 1 x 128
CustomSensorArray - Final normalized sensor size: 1 x 128
CustomSensorArray - Final normalized sensor size: 1 x 128
CustomSensorArray - Final normalized sensor size: 1 x 128
CustomSensorArray - Final normalized sensor size: 1 x 128
CustomSensorArray - Final normalized sensor size: 1 x 128
CustomSensorArray - Final normalized sensor size: 1 x 128
CustomSensorArray - Final normalized sensor size: 1 x 128
CustomSensorArray - Final normalized sensor size: 1 x 128
CustomSensorArray - Final normalized sensor size: 1 x 128
CustomSensorArray - Final normalized sensor size: 1 x 128
CustomSensorArray - Final normalized sensor size: 1 x 128
CustomSensorArray - Final normalized sensor size: 1 x 128
CustomSensorArray - Final normalized sensor size: 1 x 128
CustomSensorArray - Final normalized sensor size: 1 x 128
CustomSensorArray - Final normalized sensor size: 1 x 128
CustomSensorArray - Final normalized sensor size: 1 x 128
CustomSensorArray - Final normalized sensor size: 1 x 128
CustomSensorArray - Final normalized sensor size: 1 x 128
CustomSensorArray - Final normalized sensor size: 1 x 128
CustomSensorArray - Final normalized sensor size: 1 x 128
CustomSensorArray - Final normalized sensor size: 1 x 128
CustomSensorArray - Final normalized sensor size: 1 x 128
CustomSensorArray - Final normalized sensor size: 1 x 128
CustomSensorArray - Final normalized sensor size: 1 x 128
CustomSensorArray - Final normalized sensor size: 1 x 128
CustomSensorArray - Final normalized sensor size: 1 x 128
CustomSensorArray - Final normalized sensor size: 1 x 128
CustomSensorArray - Final normalized sensor size: 1 x 128
CustomSensorArray - Final normalized sensor size: 1 x 128
CustomSensorArray - Final normalized sensor size: 1 x 128
CustomSensorArray - Final normalized sensor size: 1 x 128
CustomSensorArray - Final normalized sensor size: 1 x 128
CustomSensorArray - Final normalized sensor size: 1 x 128
CustomSensorArray - Final normalized sensor size: 1 x 128
CustomSensorArray - Final normalized sensor size: 1 x 128
CustomSensorArray - Final normalized sensor size: 1 x 128
CustomSensorArray - Final normalized sensor size: 1 x 128
CustomSensorArray - Final normalized sensor size: 1 x 128
CustomSensorArray - Final normalized sensor size: 1 x 128
CustomSensorArray - Final normalized sensor size: 1 x 128
CustomSensorArray - Final normalized sensor size: 1 x 128
CustomSensorArray - Final normalized sensor size: 1 x 128
CustomSensorArray - Final normalized sensor size: 1 x 128
CustomSensorArray - Final normalized sensor size: 1 x 128
CustomSensorArray - Final normalized sensor size: 1 x 128
CustomSensorArray - Final normalized sensor size: 1 x 128
CustomSensorArray - Final normalized sensor size: 1 x 128
CustomSensorArray - Final normalized sensor size: 1 x 128
CustomSensorArray - Final normalized sensor size: 1 x 128
CustomSensorArray - Final normalized sensor size: 1 x 128
CustomSensorArray - Final normalized sensor size: 1 x 128
CustomSensorArray - Final normalized sensor size: 1 x 128
CustomSensorArray - Final normalized sensor size: 1 x 128
CustomSensorArray - Final normalized sensor size: 1 x 128
CustomSensorArray - Final normalized sensor size: 1 x 128
CustomSensorArray - Final normalized sensor size: 1 x 128
CustomSensorArray - Final normalized sensor size: 1 x 128
CustomSensorArray - Final normalized sensor size: 1 x 128
CustomSensorArray - Final normalized sensor size: 1 x 128
CustomSensorArray - Final normalized sensor size: 1 x 128
CustomSensorArray - Final normalized sensor size: 1 x 128
CustomSensorArray - Final normalized sensor size: 1 x 128
CustomSensorArray - Final normalized sensor size: 1 x 128
CustomSensorArray - Final normalized sensor size: 1 x 128
CustomSensorArray - Final normalized sensor size: 1 x 128
CustomSensorArray - Final normalized sensor size: 1 x 128
CustomSensorArray - Final normalized sensor size: 1 x 128
CustomSensorArray - Final normalized sensor size: 1 x 128
CustomSensorArray - Final normalized sensor size: 1 x 128
CustomSensorArray - Final normalized sensor size: 1 x 128
CustomSensorArray - Final normalized sensor size: 1 x 128
CustomSensorArray - Final normalized sensor size: 1 x 128
CustomSensorArray - Final normalized sensor size: 1 x 128
CustomSensorArray - Final normalized sensor size: 1 x 128
CustomSensorArray - Final normalized sensor size: 1 x 128
CustomSensorArray - Final normalized sensor size: 1 x 128
CustomSensorArray - Final normalized sensor size: 1 x 128
CustomSensorArray - Final normalized sensor size: 1 x 128
CustomSensorArray - Final normalized sensor size: 1 x 128
CustomSensorArray - Final normalized sensor size: 1 x 128
CustomSensorArray - Final normalized sensor size: 1 x 128
CustomSensorArray - Final normalized sensor size: 1 x 128
CustomSensorArray - Final normalized sensor size: 1 x 128
CustomSensorArray - Final normalized sensor size: 1 x 128
CustomSensorArray - Final normalized sensor size: 1 x 128
CustomSensorArray - Final normalized sensor size: 1 x 128
CustomSensorArray - Final normalized sensor size: 1 x 128
CustomSensorArray - Final normalized sensor size: 1 x 128
CustomSensorArray - Final normalized sensor size: 1 x 128
CustomSensorArray - Final normalized sensor size: 1 x 128
CustomSensorArray - Final normalized sensor size: 1 x 128
CustomSensorArray - Final normalized sensor size: 1 x 128
CustomSensorArray - Final normalized sensor size: 1 x 128
CustomSensorArray - Final normalized sensor size: 1 x 128
CustomSensorArray - Final normalized sensor size: 1 x 128
CustomSensorArray - Final normalized sensor size: 1 x 128
CustomSensorArray - Final normalized sensor size: 1 x 128
CustomSensorArray - Final normalized sensor size: 1 x 128
CustomSensorArray - Final normalized sensor size: 1 x 128
CustomSensorArray - Final normalized sensor size: 1 x 128
CustomSensorArray - Final normalized sensor size: 1 x 128
CustomSensorArray - Final normalized sensor size: 1 x 128
CustomSensorArray - Final normalized sensor size: 1 x 128
CustomSensorArray - Final normalized sensor size: 1 x 128
CustomSensorArray - Final normalized sensor size: 1 x 128
CustomSensorArray - Final normalized sensor size: 1 x 128
CustomSensorArray - Final normalized sensor size: 1 x 128
CustomSensorArray - Final normalized sensor size: 1 x 128
CustomSensorArray - Final normalized sensor size: 1 x 128
CustomSensorArray - Final normalized sensor size: 1 x 128
CustomSensorArray - Final normalized sensor size: 1 x 128
CustomSensorArray - Final normalized sensor size: 1 x 128
CustomSensorArray - Final normalized sensor size: 1 x 128
CustomSensorArray - Final normalized sensor size: 1 x 128
CustomSensorArray - Final normalized sensor size: 1 x 128
CustomSensorArray - Final normalized sensor size: 1 x 128
CustomSensorArray - Final normalized sensor size: 1 x 128
CustomSensorArray - Final normalized sensor size: 1 x 128
CustomSensorArray - Final normalized sensor size: 1 x 128
CustomSensorArray - Final normalized sensor size: 1 x 128
CustomSensorArray - Final normalized sensor size: 1 x 128
CustomSensorArray - Final normalized sensor size: 1 x 128
CustomSensorArray - Final normalized sensor size: 1 x 128
CustomSensorArray - Final normalized sensor size: 1 x 128
CustomSensorArray - Final normalized sensor size: 1 x 128
CustomSensorArray - Final normalized sensor size: 1 x 128
CustomSensorArray - Final normalized sensor size: 1 x 128
CustomSensorArray - Final normalized sensor size: 1 x 128
CustomSensorArray - Final normalized sensor size: 1 x 128
CustomSensorArray - Final normalized sensor size: 1 x 128
CustomSensorArray - Final normalized sensor size: 1 x 128
CustomSensorArray - Final normalized sensor size: 1 x 128
CustomSensorArray - Final normalized sensor size: 1 x 128
CustomSensorArray - Final normalized sensor size: 1 x 128
CustomSensorArray - Final normalized sensor size: 1 x 128
CustomSensorArray - Final normalized sensor size: 1 x 128
CustomSensorArray - Final normalized sensor size: 1 x 128
CustomSensorArray - Final normalized sensor size: 1 x 128
CustomSensorArray - Final normalized sensor size: 1 x 128
CustomSensorArray - Final normalized sensor size: 1 x 128
CustomSensorArray - Final normalized sensor size: 1 x 128
CustomSensorArray - Final normalized sensor size: 1 x 128
CustomSensorArray - Final normalized sensor size: 1 x 128
CustomSensorArray - Final normalized sensor size: 1 x 128
CustomSensorArray - Final normalized sensor size: 1 x 128
CustomSensorArray - Final normalized sensor size: 1 x 128
CustomSensorArray - Final normalized sensor size: 1 x 128
CustomSensorArray - Final normalized sensor size: 1 x 128
CustomSensorArray - Final normalized sensor size: 1 x 128
CustomSensorArray - Final normalized sensor size: 1 x 128
CustomSensorArray - Final normalized sensor size: 1 x 128
CustomSensorArray - Final normalized sensor size: 1 x 128
CustomSensorArray - Final normalized sensor size: 1 x 128
CustomSensorArray - Final normalized sensor size: 1 x 128
CustomSensorArray - Final normalized sensor size: 1 x 128
CustomSensorArray - Final normalized sensor size: 1 x 128
CustomSensorArray - Final normalized sensor size: 1 x 128
CustomSensorArray - Final normalized sensor size: 1 x 128
CustomSensorArray - Final normalized sensor size: 1 x 128
CustomSensorArray - Final normalized sensor size: 1 x 128
CustomSensorArray - Final normalized sensor size: 1 x 128
CustomSensorArray - Final normalized sensor size: 1 x 128
CustomSensorArray - Final normalized sensor size: 1 x 128
CustomSensorArray - Final normalized sensor size: 1 x 128
CustomSensorArray - Final normalized sensor size: 1 x 128
CustomSensorArray - Final normalized sensor size: 1 x 128
CustomSensorArray - Final normalized sensor size: 1 x 128
CustomSensorArray - Final normalized sensor size: 1 x 128
CustomSensorArray - Final normalized sensor size: 1 x 128
CustomSensorArray - Final normalized sensor size: 1 x 128
CustomSensorArray - Final normalized sensor size: 1 x 128
CustomSensorArray - Final normalized sensor size: 1 x 128
CustomSensorArray - Final normalized sensor size: 1 x 128
CustomSensorArray - Final normalized sensor size: 1 x 128
CustomSensorArray - Final normalized sensor size: 1 x 128
CustomSensorArray - Final normalized sensor size: 1 x 128
CustomSensorArray - Final normalized sensor size: 1 x 128
CustomSensorArray - Final normalized sensor size: 1 x 128
CustomSensorArray - Final normalized sensor size: 1 x 128
CustomSensorArray - Final normalized sensor size: 1 x 128
CustomSensorArray - Final normalized sensor size: 1 x 128
CustomSensorArray - Final normalized sensor size: 1 x 128
CustomSensorArray - Final normalized sensor size: 1 x 128
CustomSensorArray - Final normalized sensor size: 1 x 128
CustomSensorArray - Final normalized sensor size: 1 x 128
CustomSensorArray - Final normalized sensor size: 1 x 128
CustomSensorArray - Final normalized sensor size: 1 x 128
CustomSensorArray - Final normalized sensor size: 1 x 128
CustomSensorArray - Final normalized sensor size: 1 x 128
CustomSensorArray - Final normalized sensor size: 1 x 128
CustomSensorArray - Final normalized sensor size: 1 x 128
CustomSensorArray - Final normalized sensor size: 1 x 128
CustomSensorArray - Final normalized sensor size: 1 x 128
CustomSensorArray - Final normalized sensor size: 1 x 128
CustomSensorArray - Final normalized sensor size: 1 x 128
CustomSensorArray - Final normalized sensor size: 1 x 128
CustomSensorArray - Final normalized sensor size: 1 x 128
CustomSensorArray - Final normalized sensor size: 1 x 128
CustomSensorArray - Final normalized sensor size: 1 x 128
CustomSensorArray - Final normalized sensor size: 1 x 128
CustomSensorArray - Final normalized sensor size: 1 x 128
CustomSensorArray - Final normalized sensor size: 1 x 128
CustomSensorArray - Final normalized sensor size: 1 x 128
CustomSensorArray - Final normalized sensor size: 1 x 128
CustomSensorArray - Final normalized sensor size: 1 x 128
CustomSensorArray - Final normalized sensor size: 1 x 128
CustomSensorArray - Final normalized sensor size: 1 x 128
CustomSensorArray - Final normalized sensor size: 1 x 128
CustomSensorArray - Final normalized sensor size: 1 x 128
CustomSensorArray - Final normalized sensor size: 1 x 128
CustomSensorArray - Final normalized sensor size: 1 x 128
CustomSensorArray - Final normalized sensor size: 1 x 128
CustomSensorArray - Final normalized sensor size: 1 x 128
CustomSensorArray - Final normalized sensor size: 1 x 128
CustomSensorArray - Final normalized sensor size: 1 x 128
CustomSensorArray - Final normalized sensor size: 1 x 128
CustomSensorArray - Final normalized sensor size: 1 x 128
CustomSensorArray - Final normalized sensor size: 1 x 128
CustomSensorArray - Final normalized sensor size: 1 x 128
CustomSensorArray - Final normalized sensor size: 1 x 128
CustomSensorArray - Final normalized sensor size: 1 x 128
CustomSensorArray - Final normalized sensor size: 1 x 128
CustomSensorArray - Final normalized sensor size: 1 x 128
CustomSensorArray - Final normalized sensor size: 1 x 128
CustomSensorArray - Final normalized sensor size: 1 x 128
CustomSensorArray - Final normalized sensor size: 1 x 128
CustomSensorArray - Final normalized sensor size: 1 x 128
CustomSensorArray - Final normalized sensor size: 1 x 128
CustomSensorArray - Final normalized sensor size: 1 x 128
CustomSensorArray - Final normalized sensor size: 1 x 128
CustomSensorArray - Final normalized sensor size: 1 x 128
CustomSensorArray - Final normalized sensor size: 1 x 128
CustomSensorArray - Final normalized sensor size: 1 x 128
CustomSensorArray - Final normalized sensor size: 1 x 128
CustomSensorArray - Final normalized sensor size: 1 x 128
CustomSensorArray - Final normalized sensor size: 1 x 128
CustomSensorArray - Final normalized sensor size: 1 x 128
CustomSensorArray - Final normalized sensor size: 1 x 128
CustomSensorArray - Final normalized sensor size: 1 x 128
CustomSensorArray - Final normalized sensor size: 1 x 128
CustomSensorArray - Final normalized sensor size: 1 x 128
CustomSensorArray - Final normalized sensor size: 1 x 128
CustomSensorArray - Final normalized sensor size: 1 x 128
CustomSensorArray - Final normalized sensor size: 1 x 128
CustomSensorArray - Final normalized sensor size: 1 x 128
CustomSensorArray - Final normalized sensor size: 1 x 128
CustomSensorArray - Final normalized sensor size: 1 x 128
CustomSensorArray - Final normalized sensor size: 1 x 128
CustomSensorArray - Final normalized sensor size: 1 x 128
CustomSensorArray - Final normalized sensor size: 1 x 128
CustomSensorArray - Final normalized sensor size: 1 x 128
CustomSensorArray - Final normalized sensor size: 1 x 128
CustomSensorArray - Final normalized sensor size: 1 x 128
CustomSensorArray - Final normalized sensor size: 1 x 128
CustomSensorArray - Final normalized sensor size: 1 x 128
CustomSensorArray - Final normalized sensor size: 1 x 128
CustomSensorArray - Final normalized sensor size: 1 x 128
CustomSensorArray - Final normalized sensor size: 1 x 128
CustomSensorArray - Final normalized sensor size: 1 x 128
CustomSensorArray - Final normalized sensor size: 1 x 128
CustomSensorArray - Final normalized sensor size: 1 x 128
CustomSensorArray - Final normalized sensor size: 1 x 128
CustomSensorArray - Final normalized sensor size: 1 x 128
CustomSensorArray - Final normalized sensor size: 1 x 128
CustomSensorArray - Final normalized sensor size: 1 x 128
CustomSensorArray - Final normalized sensor size: 1 x 128
CustomSensorArray - Final normalized sensor size: 1 x 128
CustomSensorArray - Final normalized sensor size: 1 x 128
CustomSensorArray - Final normalized sensor size: 1 x 128
CustomSensorArray - Final normalized sensor size: 1 x 128
CustomSensorArray - Final normalized sensor size: 1 x 128
CustomSensorArray - Final normalized sensor size: 1 x 128
CustomSensorArray - Final normalized sensor size: 1 x 128
CustomSensorArray - Final normalized sensor size: 1 x 128
CustomSensorArray - Final normalized sensor size: 1 x 128
CustomSensorArray - Final normalized sensor size: 1 x 128
CustomSensorArray - Final normalized sensor size: 1 x 128
CustomSensorArray - Final normalized sensor size: 1 x 128
CustomSensorArray - Final normalized sensor size: 1 x 128
CustomSensorArray - Final normalized sensor size: 1 x 128
CustomSensorArray - Final normalized sensor size: 1 x 128
CustomSensorArray - Final normalized sensor size: 1 x 128
CustomSensorArray - Final normalized sensor size: 1 x 128
CustomSensorArray - Final normalized sensor size: 1 x 128
CustomSensorArray - Final normalized sensor size: 1 x 128
CustomSensorArray - Final normalized sensor size: 1 x 128
CustomSensorArray - Final normalized sensor size: 1 x 128
CustomSensorArray - Final normalized sensor size: 1 x 128
CustomSensorArray - Final normalized sensor size: 1 x 128
CustomSensorArray - Final normalized sensor size: 1 x 128
CustomSensorArray - Final normalized sensor size: 1 x 128
CustomSensorArray - Final normalized sensor size: 1 x 128
CustomSensorArray - Final normalized sensor size: 1 x 128
CustomSensorArray - Final normalized sensor size: 1 x 128
CustomSensorArray - Final normalized sensor size: 1 x 128
CustomSensorArray - Final normalized sensor size: 1 x 128
CustomSensorArray - Final normalized sensor size: 1 x 128
CustomSensorArray - Final normalized sensor size: 1 x 128
CustomSensorArray - Final normalized sensor size: 1 x 128
CustomSensorArray - Final normalized sensor size: 1 x 128
CustomSensorArray - Final normalized sensor size: 1 x 128
CustomSensorArray - Final normalized sensor size: 1 x 128
CustomSensorArray - Final normalized sensor size: 1 x 128
CustomSensorArray - Final normalized sensor size: 1 x 128
CustomSensorArray - Final normalized sensor size: 1 x 128
CustomSensorArray - Final normalized sensor size: 1 x 128
CustomSensorArray - Final normalized sensor size: 1 x 128
CustomSensorArray - Final normalized sensor size: 1 x 128
CustomSensorArray - Final normalized sensor size: 1 x 128
CustomSensorArray - Final normalized sensor size: 1 x 128
CustomSensorArray - Final normalized sensor size: 1 x 128
CustomSensorArray - Final normalized sensor size: 1 x 128
CustomSensorArray - Final normalized sensor size: 1 x 128
CustomSensorArray - Final normalized sensor size: 1 x 128
CustomSensorArray - Final normalized sensor size: 1 x 128
CustomSensorArray - Final normalized sensor size: 1 x 128
CustomSensorArray - Final normalized sensor size: 1 x 128
CustomSensorArray - Final normalized sensor size: 1 x 128
CustomSensorArray - Final normalized sensor size: 1 x 128
CustomSensorArray - Final normalized sensor size: 1 x 128
CustomSensorArray - Final normalized sensor size: 1 x 128
CustomSensorArray - Final normalized sensor size: 1 x 128
CustomSensorArray - Final normalized sensor size: 1 x 128
CustomSensorArray - Final normalized sensor size: 1 x 128
CustomSensorArray - Final normalized sensor size: 1 x 128
CustomSensorArray - Final normalized sensor size: 1 x 128
CustomSensorArray - Final normalized sensor size: 1 x 128
CustomSensorArray - Final normalized sensor size: 1 x 128
CustomSensorArray - Final normalized sensor size: 1 x 128
CustomSensorArray - Final normalized sensor size: 1 x 128
CustomSensorArray - Final normalized sensor size: 1 x 128
CustomSensorArray - Final normalized sensor size: 1 x 128
CustomSensorArray - Final normalized sensor size: 1 x 128
CustomSensorArray - Final normalized sensor size: 1 x 128
CustomSensorArray - Final normalized sensor size: 1 x 128
CustomSensorArray - Final normalized sensor size: 1 x 128
CustomSensorArray - Final normalized sensor size: 1 x 128
CustomSensorArray - Final normalized sensor size: 1 x 128
CustomSensorArray - Final normalized sensor size: 1 x 128
CustomSensorArray - Final normalized sensor size: 1 x 128
CustomSensorArray - Final normalized sensor size: 1 x 128
CustomSensorArray - Final normalized sensor size: 1 x 128
CustomSensorArray - Final normalized sensor size: 1 x 128
CustomSensorArray - Final normalized sensor size: 1 x 128
CustomSensorArray - Final normalized sensor size: 1 x 128
CustomSensorArray - Final normalized sensor size: 1 x 128
CustomSensorArray - Final normalized sensor size: 1 x 128
CustomSensorArray - Final normalized sensor size: 1 x 128
CustomSensorArray - Final normalized sensor size: 1 x 128
CustomSensorArray - Final normalized sensor size: 1 x 128
CustomSensorArray - Final normalized sensor size: 1 x 128
CustomSensorArray - Final normalized sensor size: 1 x 128
CustomSensorArray - Final normalized sensor size: 1 x 128
CustomSensorArray - Final normalized sensor size: 1 x 128
CustomSensorArray - Final normalized sensor size: 1 x 128
CustomSensorArray - Final normalized sensor size: 1 x 128
CustomSensorArray - Final normalized sensor size: 1 x 128
CustomSensorArray - Final normalized sensor size: 1 x 128
CustomSensorArray - Final normalized sensor size: 1 x 128
CustomSensorArray - Final normalized sensor size: 1 x 128
CustomSensorArray - Final normalized sensor size: 1 x 128
CustomSensorArray - Final normalized sensor size: 1 x 128
CustomSensorArray - Final normalized sensor size: 1 x 128
CustomSensorArray - Final normalized sensor size: 1 x 128
CustomSensorArray - Final normalized sensor size: 1 x 128
CustomSensorArray - Final normalized sensor size: 1 x 128
CustomSensorArray - Final normalized sensor size: 1 x 128
CustomSensorArray - Final normalized sensor size: 1 x 128
CustomSensorArray - Final normalized sensor size: 1 x 128
CustomSensorArray - Final normalized sensor size: 1 x 128
CustomSensorArray - Final normalized sensor size: 1 x 128
CustomSensorArray - Final normalized sensor size: 1 x 128
CustomSensorArray - Final normalized sensor size: 1 x 128
CustomSensorArray - Final normalized sensor size: 1 x 128
CustomSensorArray - Final normalized sensor size: 1 x 128
CustomSensorArray - Final normalized sensor size: 1 x 128
CustomSensorArray - Final normalized sensor size: 1 x 128
CustomSensorArray - Final normalized sensor size: 1 x 128
CustomSensorArray - Final normalized sensor size: 1 x 128
CustomSensorArray - Final normalized sensor size: 1 x 128
CustomSensorArray - Final normalized sensor size: 1 x 128
CustomSensorArray - Final normalized sensor size: 1 x 128
CustomSensorArray - Final normalized sensor size: 1 x 128
CustomSensorArray - Final normalized sensor size: 1 x 128
CustomSensorArray - Final normalized sensor size: 1 x 128
CustomSensorArray - Final normalized sensor size: 1 x 128
CustomSensorArray - Final normalized sensor size: 1 x 128
CustomSensorArray - Final normalized sensor size: 1 x 128
CustomSensorArray - Final normalized sensor size: 1 x 128
CustomSensorArray - Final normalized sensor size: 1 x 128
CustomSensorArray - Final normalized sensor size: 1 x 128
CustomSensorArray - Final normalized sensor size: 1 x 128
CustomSensorArray - Final normalized sensor size: 1 x 128
CustomSensorArray - Final normalized sensor size: 1 x 128
CustomSensorArray - Final normalized sensor size: 1 x 128
CustomSensorArray - Final normalized sensor size: 1 x 128
CustomSensorArray - Final normalized sensor size: 1 x 128
CustomSensorArray - Final normalized sensor size: 1 x 128
CustomSensorArray - Final normalized sensor size: 1 x 128
CustomSensorArray - Final normalized sensor size: 1 x 128
CustomSensorArray - Final normalized sensor size: 1 x 128
CustomSensorArray - Final normalized sensor size: 1 x 128
CustomSensorArray - Final normalized sensor size: 1 x 128
CustomSensorArray - Final normalized sensor size: 1 x 128
CustomSensorArray - Final normalized sensor size: 1 x 128
CustomSensorArray - Final normalized sensor size: 1 x 128
CustomSensorArray - Final normalized sensor size: 1 x 128
CustomSensorArray - Final normalized sensor size: 1 x 128
CustomSensorArray - Final normalized sensor size: 1 x 128
CustomSensorArray - Final normalized sensor size: 1 x 128
CustomSensorArray - Final normalized sensor size: 1 x 128
CustomSensorArray - Final normalized sensor size: 1 x 128
CustomSensorArray - Final normalized sensor size: 1 x 128
CustomSensorArray - Final normalized sensor size: 1 x 128
CustomSensorArray - Final normalized sensor size: 1 x 128
CustomSensorArray - Final normalized sensor size: 1 x 128
CustomSensorArray - Final normalized sensor size: 1 x 128
CustomSensorArray - Final normalized sensor size: 1 x 128
CustomSensorArray - Final normalized sensor size: 1 x 128
CustomSensorArray - Final normalized sensor size: 1 x 128
CustomSensorArray - Final normalized sensor size: 1 x 128
CustomSensorArray - Final normalized sensor size: 1 x 128
CustomSensorArray - Final normalized sensor size: 1 x 128
CustomSensorArray - Final normalized sensor size: 1 x 128
CustomSensorArray - Final normalized sensor size: 1 x 128
CustomSensorArray - Final normalized sensor size: 1 x 128
CustomSensorArray - Final normalized sensor size: 1 x 128
CustomSensorArray - Final normalized sensor size: 1 x 128
CustomSensorArray - Final normalized sensor size: 1 x 128
CustomSensorArray - Final normalized sensor size: 1 x 128
CustomSensorArray - Final normalized sensor size: 1 x 128
CustomSensorArray - Final normalized sensor size: 1 x 128
CustomSensorArray - Final normalized sensor size: 1 x 128
CustomSensorArray - Final normalized sensor size: 1 x 128
CustomSensorArray - Final normalized sensor size: 1 x 128
CustomSensorArray - Final normalized sensor size: 1 x 128
CustomSensorArray - Final normalized sensor size: 1 x 128
CustomSensorArray - Final normalized sensor size: 1 x 128
CustomSensorArray - Final normalized sensor size: 1 x 128
CustomSensorArray - Final normalized sensor size: 1 x 128
CustomSensorArray - Final normalized sensor size: 1 x 128
CustomSensorArray - Final normalized sensor size: 1 x 128
CustomSensorArray - Final normalized sensor size: 1 x 128
CustomSensorArray - Final normalized sensor size: 1 x 128
CustomSensorArray - Final normalized sensor size: 1 x 128
CustomSensorArray - Final normalized sensor size: 1 x 128
CustomSensorArray - Final normalized sensor size: 1 x 128
CustomSensorArray - Final normalized sensor size: 1 x 128
CustomSensorArray - Final normalized sensor size: 1 x 128
CustomSensorArray - Final normalized sensor size: 1 x 128
CustomSensorArray - Final normalized sensor size: 1 x 128
CustomSensorArray - Final normalized sensor size: 1 x 128
CustomSensorArray - Final normalized sensor size: 1 x 128
CustomSensorArray - Final normalized sensor size: 1 x 128
CustomSensorArray - Final normalized sensor size: 1 x 128
CustomSensorArray - Final normalized sensor size: 1 x 128
CustomSensorArray - Final normalized sensor size: 1 x 128
CustomSensorArray - Final normalized sensor size: 1 x 128
CustomSensorArray - Final normalized sensor size: 1 x 128
CustomSensorArray - Final normalized sensor size: 1 x 128
CustomSensorArray - Final normalized sensor size: 1 x 128
CustomSensorArray - Final normalized sensor size: 1 x 128
CustomSensorArray - Final normalized sensor size: 1 x 128
CustomSensorArray - Final normalized sensor size: 1 x 128
CustomSensorArray - Final normalized sensor size: 1 x 128
CustomSensorArray - Final normalized sensor size: 1 x 128
CustomSensorArray - Final normalized sensor size: 1 x 128
CustomSensorArray - Final normalized sensor size: 1 x 128
CustomSensorArray - Final normalized sensor size: 1 x 128
CustomSensorArray - Final normalized sensor size: 1 x 128
CustomSensorArray - Final normalized sensor size: 1 x 128
CustomSensorArray - Final normalized sensor size: 1 x 128
CustomSensorArray - Final normalized sensor size: 1 x 128
CustomSensorArray - Final normalized sensor size: 1 x 128
CustomSensorArray - Final normalized sensor size: 1 x 128
CustomSensorArray - Final normalized sensor size: 1 x 128
CustomSensorArray - Final normalized sensor size: 1 x 128
CustomSensorArray - Final normalized sensor size: 1 x 128
CustomSensorArray - Final normalized sensor size: 1 x 128
CustomSensorArray - Final normalized sensor size: 1 x 128
CustomSensorArray - Final normalized sensor size: 1 x 128
CustomSensorArray - Final normalized sensor size: 1 x 128
CustomSensorArray - Final normalized sensor size: 1 x 128
CustomSensorArray - Final normalized sensor size: 1 x 128
CustomSensorArray - Final normalized sensor size: 1 x 128
CustomSensorArray - Final normalized sensor size: 1 x 128
CustomSensorArray - Final normalized sensor size: 1 x 128
CustomSensorArray - Final normalized sensor size: 1 x 128
CustomSensorArray - Final normalized sensor size: 1 x 128
CustomSensorArray - Final normalized sensor size: 1 x 128
CustomSensorArray - Final normalized sensor size: 1 x 128
CustomSensorArray - Final normalized sensor size: 1 x 128
CustomSensorArray - Final normalized sensor size: 1 x 128
CustomSensorArray - Final normalized sensor size: 1 x 128
CustomSensorArray - Final normalized sensor size: 1 x 128
CustomSensorArray - Final normalized sensor size: 1 x 128
CustomSensorArray - Final normalized sensor size: 1 x 128
CustomSensorArray - Final normalized sensor size: 1 x 128
CustomSensorArray - Final normalized sensor size: 1 x 128
CustomSensorArray - Final normalized sensor size: 1 x 128
CustomSensorArray - Final normalized sensor size: 1 x 128
CustomSensorArray - Final normalized sensor size: 1 x 128
CustomSensorArray - Final normalized sensor size: 1 x 128
CustomSensorArray - Final normalized sensor size: 1 x 128
CustomSensorArray - Final normalized sensor size: 1 x 128
CustomSensorArray - Final normalized sensor size: 1 x 128
CustomSensorArray - Final normalized sensor size: 1 x 128
CustomSensorArray - Final normalized sensor size: 1 x 128
CustomSensorArray - Final normalized sensor size: 1 x 128
CustomSensorArray - Final normalized sensor size: 1 x 128
CustomSensorArray - Final normalized sensor size: 1 x 128
CustomSensorArray - Final normalized sensor size: 1 x 128
CustomSensorArray - Final normalized sensor size: 1 x 128
CustomSensorArray - Final normalized sensor size: 1 x 128
CustomSensorArray - Final normalized sensor size: 1 x 128
CustomSensorArray - Final normalized sensor size: 1 x 128
CustomSensorArray - Final normalized sensor size: 1 x 128
CustomSensorArray - Final normalized sensor size: 1 x 128
CustomSensorArray - Final normalized sensor size: 1 x 128
CustomSensorArray - Final normalized sensor size: 1 x 128
CustomSensorArray - Final normalized sensor size: 1 x 128
CustomSensorArray - Final normalized sensor size: 1 x 128
CustomSensorArray - Final normalized sensor size: 1 x 128
CustomSensorArray - Final normalized sensor size: 1 x 128
CustomSensorArray - Final normalized sensor size: 1 x 128
CustomSensorArray - Final normalized sensor size: 1 x 128
CustomSensorArray - Final normalized sensor size: 1 x 128
CustomSensorArray - Final normalized sensor size: 1 x 128
CustomSensorArray - Final normalized sensor size: 1 x 128
CustomSensorArray - Final normalized sensor size: 1 x 128
CustomSensorArray - Final normalized sensor size: 1 x 128
CustomSensorArray - Final normalized sensor size: 1 x 128
CustomSensorArray - Final normalized sensor size: 1 x 128
CustomSensorArray - Final normalized sensor size: 1 x 128
CustomSensorArray - Final normalized sensor size: 1 x 128
CustomSensorArray - Final normalized sensor size: 1 x 128
CustomSensorArray - Final normalized sensor size: 1 x 128
CustomSensorArray - Final normalized sensor size: 1 x 128
CustomSensorArray - Final normalized sensor size: 1 x 128
CustomSensorArray - Final normalized sensor size: 1 x 128
CustomSensorArray - Final normalized sensor size: 1 x 128
CustomSensorArray - Final normalized sensor size: 1 x 128
CustomSensorArray - Final normalized sensor size: 1 x 128
CustomSensorArray - Final normalized sensor size: 1 x 128
CustomSensorArray - Final normalized sensor size: 1 x 128
CustomSensorArray - Final normalized sensor size: 1 x 128
CustomSensorArray - Final normalized sensor size: 1 x 128
CustomSensorArray - Final normalized sensor size: 1 x 128
CustomSensorArray - Final normalized sensor size: 1 x 128
CustomSensorArray - Final normalized sensor size: 1 x 128
CustomSensorArray - Final normalized sensor size: 1 x 128
CustomSensorArray - Final normalized sensor size: 1 x 128
CustomSensorArray - Final normalized sensor size: 1 x 128
CustomSensorArray - Final normalized sensor size: 1 x 128
CustomSensorArray - Final normalized sensor size: 1 x 128
CustomSensorArray - Final normalized sensor size: 1 x 128
CustomSensorArray - Final normalized sensor size: 1 x 128
CustomSensorArray - Final normalized sensor size: 1 x 128
CustomSensorArray - Final normalized sensor size: 1 x 128
CustomSensorArray - Final normalized sensor size: 1 x 128
CustomSensorArray - Final normalized sensor size: 1 x 128
CustomSensorArray - Final normalized sensor size: 1 x 128
CustomSensorArray - Final normalized sensor size: 1 x 128
CustomSensorArray - Final normalized sensor size: 1 x 128
CustomSensorArray - Final normalized sensor size: 1 x 128
CustomSensorArray - Final normalized sensor size: 1 x 128
CustomSensorArray - Final normalized sensor size: 1 x 128
CustomSensorArray - Final normalized sensor size: 1 x 128
CustomSensorArray - Final normalized sensor size: 1 x 128
CustomSensorArray - Final normalized sensor size: 1 x 128
CustomSensorArray - Final normalized sensor size: 1 x 128
CustomSensorArray - Final normalized sensor size: 1 x 128
CustomSensorArray - Final normalized sensor size: 1 x 128
CustomSensorArray - Final normalized sensor size: 1 x 128
CustomSensorArray - Final normalized sensor size: 1 x 128
CustomSensorArray - Final normalized sensor size: 1 x 128
CustomSensorArray - Final normalized sensor size: 1 x 128
CustomSensorArray - Final normalized sensor size: 1 x 128
CustomSensorArray - Final normalized sensor size: 1 x 128
CustomSensorArray - Final normalized sensor size: 1 x 128
CustomSensorArray - Final normalized sensor size: 1 x 128
CustomSensorArray - Final normalized sensor size: 1 x 128
CustomSensorArray - Final normalized sensor size: 1 x 128
CustomSensorArray - Final normalized sensor size: 1 x 128
CustomSensorArray - Final normalized sensor size: 1 x 128
CustomSensorArray - Final normalized sensor size: 1 x 128
CustomSensorArray - Final normalized sensor size: 1 x 128
CustomSensorArray - Final normalized sensor size: 1 x 128
CustomSensorArray - Final normalized sensor size: 1 x 128
CustomSensorArray - Final normalized sensor size: 1 x 128
CustomSensorArray - Final normalized sensor size: 1 x 128
CustomSensorArray - Final normalized sensor size: 1 x 128
CustomSensorArray - Final normalized sensor size: 1 x 128
CustomSensorArray - Final normalized sensor size: 1 x 128
CustomSensorArray - Final normalized sensor size: 1 x 128
CustomSensorArray - Final normalized sensor size: 1 x 128
CustomSensorArray - Final normalized sensor size: 1 x 128
CustomSensorArray - Final normalized sensor size: 1 x 128
CustomSensorArray - Final normalized sensor size: 1 x 128
CustomSensorArray - Final normalized sensor size: 1 x 128
CustomSensorArray - Final normalized sensor size: 1 x 128
CustomSensorArray - Final normalized sensor size: 1 x 128
CustomSensorArray - Final normalized sensor size: 1 x 128
CustomSensorArray - Final normalized sensor size: 1 x 128
CustomSensorArray - Final normalized sensor size: 1 x 128
CustomSensorArray - Final normalized sensor size: 1 x 128
CustomSensorArray - Final normalized sensor size: 1 x 128
CustomSensorArray - Final normalized sensor size: 1 x 128
CustomSensorArray - Final normalized sensor size: 1 x 128
CustomSensorArray - Final normalized sensor size: 1 x 128
CustomSensorArray - Final normalized sensor size: 1 x 128
CustomSensorArray - Final normalized sensor size: 1 x 128
CustomSensorArray - Final normalized sensor size: 1 x 128
CustomSensorArray - Final normalized sensor size: 1 x 128
CustomSensorArray - Final normalized sensor size: 1 x 128
CustomSensorArray - Final normalized sensor size: 1 x 128
CustomSensorArray - Final normalized sensor size: 1 x 128
CustomSensorArray - Final normalized sensor size: 1 x 128
CustomSensorArray - Final normalized sensor size: 1 x 128
CustomSensorArray - Final normalized sensor size: 1 x 128
CustomSensorArray - Final normalized sensor size: 1 x 128
CustomSensorArray - Final normalized sensor size: 1 x 128
CustomSensorArray - Final normalized sensor size: 1 x 128
CustomSensorArray - Final normalized sensor size: 1 x 128
CustomSensorArray - Final normalized sensor size: 1 x 128
CustomSensorArray - Final normalized sensor size: 1 x 128
CustomSensorArray - Final normalized sensor size: 1 x 128
CustomSensorArray - Final normalized sensor size: 1 x 128
CustomSensorArray - Final normalized sensor size: 1 x 128
CustomSensorArray - Final normalized sensor size: 1 x 128
CustomSensorArray - Final normalized sensor size: 1 x 128
CustomSensorArray - Final normalized sensor size: 1 x 128
CustomSensorArray - Final normalized sensor size: 1 x 128
CustomSensorArray - Final normalized sensor size: 1 x 128
CustomSensorArray - Final normalized sensor size: 1 x 128
CustomSensorArray - Final normalized sensor size: 1 x 128
CustomSensorArray - Final normalized sensor size: 1 x 128
CustomSensorArray - Final normalized sensor size: 1 x 128
CustomSensorArray - Final normalized sensor size: 1 x 128
CustomSensorArray - Final normalized sensor size: 1 x 128
CustomSensorArray - Final normalized sensor size: 1 x 128
CustomSensorArray - Final normalized sensor size: 1 x 128
CustomSensorArray - Final normalized sensor size: 1 x 128
CustomSensorArray - Final normalized sensor size: 1 x 128
CustomSensorArray - Final normalized sensor size: 1 x 128
CustomSensorArray - Final normalized sensor size: 1 x 128
CustomSensorArray - Final normalized sensor size: 1 x 128
CustomSensorArray - Final normalized sensor size: 1 x 128
CustomSensorArray - Final normalized sensor size: 1 x 128
CustomSensorArray - Final normalized sensor size: 1 x 128
CustomSensorArray - Final normalized sensor size: 1 x 128
CustomSensorArray - Final normalized sensor size: 1 x 128
CustomSensorArray - Final normalized sensor size: 1 x 128
CustomSensorArray - Final normalized sensor size: 1 x 128
CustomSensorArray - Final normalized sensor size: 1 x 128
CustomSensorArray - Final normalized sensor size: 1 x 128
CustomSensorArray - Final normalized sensor size: 1 x 128
CustomSensorArray - Final normalized sensor size: 1 x 128
CustomSensorArray - Final normalized sensor size: 1 x 128
CustomSensorArray - Final normalized sensor size: 1 x 128
CustomSensorArray - Final normalized sensor size: 1 x 128
CustomSensorArray - Final normalized sensor size: 1 x 128
CustomSensorArray - Final normalized sensor size: 1 x 128
CustomSensorArray - Final normalized sensor size: 1 x 128
CustomSensorArray - Final normalized sensor size: 1 x 128
CustomSensorArray - Final normalized sensor size: 1 x 128
CustomSensorArray - Final normalized sensor size: 1 x 128
CustomSensorArray - Final normalized sensor size: 1 x 128
CustomSensorArray - Final normalized sensor size: 1 x 128
CustomSensorArray - Final normalized sensor size: 1 x 128
CustomSensorArray - Final normalized sensor size: 1 x 128
CustomSensorArray - Final normalized sensor size: 1 x 128
CustomSensorArray - Final normalized sensor size: 1 x 128
CustomSensorArray - Final normalized sensor size: 1 x 128
CustomSensorArray - Final normalized sensor size: 1 x 128
CustomSensorArray - Final normalized sensor size: 1 x 128
CustomSensorArray - Final normalized sensor size: 1 x 128
CustomSensorArray - Final normalized sensor size: 1 x 128
CustomSensorArray - Final normalized sensor size: 1 x 128
CustomSensorArray - Final normalized sensor size: 1 x 128
CustomSensorArray - Final normalized sensor size: 1 x 128
CustomSensorArray - Final normalized sensor size: 1 x 128
CustomSensorArray - Final normalized sensor size: 1 x 128
CustomSensorArray - Final normalized sensor size: 1 x 128
CustomSensorArray - Final normalized sensor size: 1 x 128
CustomSensorArray - Final normalized sensor size: 1 x 128
CustomSensorArray - Final normalized sensor size: 1 x 128
CustomSensorArray - Final normalized sensor size: 1 x 128
CustomSensorArray - Final normalized sensor size: 1 x 128
CustomSensorArray - Final normalized sensor size: 1 x 128
CustomSensorArray - Final normalized sensor size: 1 x 128
CustomSensorArray - Final normalized sensor size: 1 x 128
CustomSensorArray - Final normalized sensor size: 1 x 128
CustomSensorArray - Final normalized sensor size: 1 x 128
CustomSensorArray - Final normalized sensor size: 1 x 128
CustomSensorArray - Final normalized sensor size: 1 x 128
CustomSensorArray - Final normalized sensor size: 1 x 128
CustomSensorArray - Final normalized sensor size: 1 x 128
CustomSensorArray - Final normalized sensor size: 1 x 128
CustomSensorArray - Final normalized sensor size: 1 x 128
CustomSensorArray - Final normalized sensor size: 1 x 128
CustomSensorArray - Final normalized sensor size: 1 x 128
CustomSensorArray - Final normalized sensor size: 1 x 128
CustomSensorArray - Final normalized sensor size: 1 x 128
CustomSensorArray - Final normalized sensor size: 1 x 128
CustomSensorArray - Final normalized sensor size: 1 x 128
CustomSensorArray - Final normalized sensor size: 1 x 128
CustomSensorArray - Final normalized sensor size: 1 x 128
CustomSensorArray - Final normalized sensor size: 1 x 128
CustomSensorArray - Final normalized sensor size: 1 x 128
CustomSensorArray - Final normalized sensor size: 1 x 128
CustomSensorArray - Final normalized sensor size: 1 x 128
CustomSensorArray - Final normalized sensor size: 1 x 128
CustomSensorArray - Final normalized sensor size: 1 x 128
CustomSensorArray - Final normalized sensor size: 1 x 128
CustomSensorArray - Final normalized sensor size: 1 x 128
CustomSensorArray - Final normalized sensor size: 1 x 128
CustomSensorArray - Final normalized sensor size: 1 x 128
CustomSensorArray - Final normalized sensor size: 1 x 128
CustomSensorArray - Final normalized sensor size: 1 x 128
CustomSensorArray - Final normalized sensor size: 1 x 128
CustomSensorArray - Final normalized sensor size: 1 x 128
CustomSensorArray - Final normalized sensor size: 1 x 128
CustomSensorArray - Final normalized sensor size: 1 x 128
CustomSensorArray - Final normalized sensor size: 1 x 128
CustomSensorArray - Final normalized sensor size: 1 x 128
CustomSensorArray - Final normalized sensor size: 1 x 128
CustomSensorArray - Final normalized sensor size: 1 x 128
CustomSensorArray - Final normalized sensor size: 1 x 128
CustomSensorArray - Final normalized sensor size: 1 x 128
CustomSensorArray - Final normalized sensor size: 1 x 128
CustomSensorArray - Final normalized sensor size: 1 x 128
CustomSensorArray - Final normalized sensor size: 1 x 128
CustomSensorArray - Final normalized sensor size: 1 x 128
CustomSensorArray - Final normalized sensor size: 1 x 128
CustomSensorArray - Final normalized sensor size: 1 x 128
CustomSensorArray - Final normalized sensor size: 1 x 128
CustomSensorArray - Final normalized sensor size: 1 x 128
CustomSensorArray - Final normalized sensor size: 1 x 128
CustomSensorArray - Final normalized sensor size: 1 x 128
CustomSensorArray - Final normalized sensor size: 1 x 128
CustomSensorArray - Final normalized sensor size: 1 x 128
CustomSensorArray - Final normalized sensor size: 1 x 128
CustomSensorArray - Final normalized sensor size: 1 x 128
CustomSensorArray - Final normalized sensor size: 1 x 128
CustomSensorArray - Final normalized sensor size: 1 x 128
CustomSensorArray - Final normalized sensor size: 1 x 128
CustomSensorArray - Final normalized sensor size: 1 x 128
CustomSensorArray - Final normalized sensor size: 1 x 128
CustomSensorArray - Final normalized sensor size: 1 x 128
CustomSensorArray - Final normalized sensor size: 1 x 128
CustomSensorArray - Final normalized sensor size: 1 x 128
CustomSensorArray - Final normalized sensor size: 1 x 128
CustomSensorArray - Final normalized sensor size: 1 x 128
CustomSensorArray - Final normalized sensor size: 1 x 128
CustomSensorArray - Final normalized sensor size: 1 x 128
CustomSensorArray - Final normalized sensor size: 1 x 128
CustomSensorArray - Final normalized sensor size: 1 x 128
CustomSensorArray - Final normalized sensor size: 1 x 128
CustomSensorArray - Final normalized sensor size: 1 x 128
CustomSensorArray - Final normalized sensor size: 1 x 128
CustomSensorArray - Final normalized sensor size: 1 x 128
CustomSensorArray - Final normalized sensor size: 1 x 128
CustomSensorArray - Final normalized sensor size: 1 x 128
CustomSensorArray - Final normalized sensor size: 1 x 128
CustomSensorArray - Final normalized sensor size: 1 x 128
CustomSensorArray - Final normalized sensor size: 1 x 128
CustomSensorArray - Final normalized sensor size: 1 x 128
CustomSensorArray - Final normalized sensor size: 1 x 128
CustomSensorArray - Final normalized sensor size: 1 x 128
CustomSensorArray - Final normalized sensor size: 1 x 128
CustomSensorArray - Final normalized sensor size: 1 x 128
CustomSensorArray - Final normalized sensor size: 1 x 128
CustomSensorArray - Final normalized sensor size: 1 x 128
CustomSensorArray - Final normalized sensor size: 1 x 128
CustomSensorArray - Final normalized sensor size: 1 x 128
CustomSensorArray - Final normalized sensor size: 1 x 128
CustomSensorArray - Final normalized sensor size: 1 x 128
CustomSensorArray - Final normalized sensor size: 1 x 128
CustomSensorArray - Final normalized sensor size: 1 x 128
CustomSensorArray - Final normalized sensor size: 1 x 128
CustomSensorArray - Final normalized sensor size: 1 x 128
CustomSensorArray - Final normalized sensor size: 1 x 128
CustomSensorArray - Final normalized sensor size: 1 x 128
CustomSensorArray - Final normalized sensor size: 1 x 128
CustomSensorArray - Final normalized sensor size: 1 x 128
CustomSensorArray - Final normalized sensor size: 1 x 128
CustomSensorArray - Final normalized sensor size: 1 x 128
CustomSensorArray - Final normalized sensor size: 1 x 128
CustomSensorArray - Final normalized sensor size: 1 x 128
CustomSensorArray - Final normalized sensor size: 1 x 128
CustomSensorArray - Final normalized sensor size: 1 x 128
CustomSensorArray - Final normalized sensor size: 1 x 128
CustomSensorArray - Final normalized sensor size: 1 x 128
CustomSensorArray - Final normalized sensor size: 1 x 128
CustomSensorArray - Final normalized sensor size: 1 x 128
CustomSensorArray - Final normalized sensor size: 1 x 128
CustomSensorArray - Final normalized sensor size: 1 x 128
CustomSensorArray - Final normalized sensor size: 1 x 128
CustomSensorArray - Final normalized sensor size: 1 x 128
CustomSensorArray - Final normalized sensor size: 1 x 128
CustomSensorArray - Final normalized sensor size: 1 x 128
CustomSensorArray - Final normalized sensor size: 1 x 128
CustomSensorArray - Final normalized sensor size: 1 x 128
CustomSensorArray - Final normalized sensor size: 1 x 128
CustomSensorArray - Final normalized sensor size: 1 x 128
CustomSensorArray - Final normalized sensor size: 1 x 128
CustomSensorArray - Final normalized sensor size: 1 x 128
CustomSensorArray - Final normalized sensor size: 1 x 128
CustomSensorArray - Final normalized sensor size: 1 x 128
CustomSensorArray - Final normalized sensor size: 1 x 128
CustomSensorArray - Final normalized sensor size: 1 x 128
CustomSensorArray - Final normalized sensor size: 1 x 128
CustomSensorArray - Final normalized sensor size: 1 x 128
CustomSensorArray - Final normalized sensor size: 1 x 128
CustomSensorArray - Final normalized sensor size: 1 x 128
CustomSensorArray - Final normalized sensor size: 1 x 128
CustomSensorArray - Final normalized sensor size: 1 x 128
CustomSensorArray - Final normalized sensor size: 1 x 128
CustomSensorArray - Final normalized sensor size: 1 x 128
CustomSensorArray - Final normalized sensor size: 1 x 128
CustomSensorArray - Final normalized sensor size: 1 x 128
CustomSensorArray - Final normalized sensor size: 1 x 128
CustomSensorArray - Final normalized sensor size: 1 x 128
CustomSensorArray - Final normalized sensor size: 1 x 128
CustomSensorArray - Final normalized sensor size: 1 x 128
CustomSensorArray - Final normalized sensor size: 1 x 128
CustomSensorArray - Final normalized sensor size: 1 x 128
CustomSensorArray - Final normalized sensor size: 1 x 128
CustomSensorArray - Final normalized sensor size: 1 x 128
CustomSensorArray - Final normalized sensor size: 1 x 128
CustomSensorArray - Final normalized sensor size: 1 x 128
CustomSensorArray - Final normalized sensor size: 1 x 128
CustomSensorArray - Final normalized sensor size: 1 x 128
CustomSensorArray - Final normalized sensor size: 1 x 128
CustomSensorArray - Final normalized sensor size: 1 x 128
CustomSensorArray - Final normalized sensor size: 1 x 128
CustomSensorArray - Final normalized sensor size: 1 x 128
CustomSensorArray - Final normalized sensor size: 1 x 128
CustomSensorArray - Final normalized sensor size: 1 x 128
CustomSensorArray - Final normalized sensor size: 1 x 128
CustomSensorArray - Final normalized sensor size: 1 x 128
CustomSensorArray - Final normalized sensor size: 1 x 128
CustomSensorArray - Final normalized sensor size: 1 x 128
CustomSensorArray - Final normalized sensor size: 1 x 128
CustomSensorArray - Final normalized sensor size: 1 x 128
CustomSensorArray - Final normalized sensor size: 1 x 128
CustomSensorArray - Final normalized sensor size: 1 x 128
CustomSensorArray - Final normalized sensor size: 1 x 128
CustomSensorArray - Final normalized sensor size: 1 x 128
CustomSensorArray - Final normalized sensor size: 1 x 128
CustomSensorArray - Final normalized sensor size: 1 x 128
CustomSensorArray - Final normalized sensor size: 1 x 128
CustomSensorArray - Final normalized sensor size: 1 x 128
CustomSensorArray - Final normalized sensor size: 1 x 128
CustomSensorArray - Final normalized sensor size: 1 x 128
CustomSensorArray - Final normalized sensor size: 1 x 128
CustomSensorArray - Final normalized sensor size: 1 x 128
CustomSensorArray - Final normalized sensor size: 1 x 128
CustomSensorArray - Final normalized sensor size: 1 x 128
CustomSensorArray - Final normalized sensor size: 1 x 128
CustomSensorArray - Final normalized sensor size: 1 x 128
CustomSensorArray - Final normalized sensor size: 1 x 128
CustomSensorArray - Final normalized sensor size: 1 x 128
CustomSensorArray - Final normalized sensor size: 1 x 128
CustomSensorArray - Final normalized sensor size: 1 x 128
CustomSensorArray - Final normalized sensor size: 1 x 128
CustomSensorArray - Final normalized sensor size: 1 x 128
CustomSensorArray - Final normalized sensor size: 1 x 128
CustomSensorArray - Final normalized sensor size: 1 x 128
CustomSensorArray - Final normalized sensor size: 1 x 128
CustomSensorArray - Final normalized sensor size: 1 x 128
CustomSensorArray - Final normalized sensor size: 1 x 128
CustomSensorArray - Final normalized sensor size: 1 x 128
CustomSensorArray - Final normalized sensor size: 1 x 128
CustomSensorArray - Final normalized sensor size: 1 x 128
CustomSensorArray - Final normalized sensor size: 1 x 128
CustomSensorArray - Final normalized sensor size: 1 x 128
CustomSensorArray - Final normalized sensor size: 1 x 128
CustomSensorArray - Final normalized sensor size: 1 x 128
CustomSensorArray - Final normalized sensor size: 1 x 128
CustomSensorArray - Final normalized sensor size: 1 x 128
CustomSensorArray - Final normalized sensor size: 1 x 128
CustomSensorArray - Final normalized sensor size: 1 x 128
CustomSensorArray - Final normalized sensor size: 1 x 128
CustomSensorArray - Final normalized sensor size: 1 x 128
CustomSensorArray - Final normalized sensor size: 1 x 128
CustomSensorArray - Final normalized sensor size: 1 x 128
CustomSensorArray - Final normalized sensor size: 1 x 128
CustomSensorArray - Final normalized sensor size: 1 x 128
CustomSensorArray - Final normalized sensor size: 1 x 128
CustomSensorArray - Final normalized sensor size: 1 x 128
CustomSensorArray - Final normalized sensor size: 1 x 128
CustomSensorArray - Final normalized sensor size: 1 x 128
CustomSensorArray - Final normalized sensor size: 1 x 128
CustomSensorArray - Final normalized sensor size: 1 x 128
CustomSensorArray - Final normalized sensor size: 1 x 128
CustomSensorArray - Final normalized sensor size: 1 x 128
CustomSensorArray - Final normalized sensor size: 1 x 128
CustomSensorArray - Final normalized sensor size: 1 x 128
CustomSensorArray - Final normalized sensor size: 1 x 128
CustomSensorArray - Final normalized sensor size: 1 x 128
CustomSensorArray - Final normalized sensor size: 1 x 128
CustomSensorArray - Final normalized sensor size: 1 x 128
CustomSensorArray - Final normalized sensor size: 1 x 128
CustomSensorArray - Final normalized sensor size: 1 x 128
CustomSensorArray - Final normalized sensor size: 1 x 128
CustomSensorArray - Final normalized sensor size: 1 x 128
CustomSensorArray - Final normalized sensor size: 1 x 128
CustomSensorArray - Final normalized sensor size: 1 x 128
CustomSensorArray - Final normalized sensor size: 1 x 128
CustomSensorArray - Final normalized sensor size: 1 x 128
CustomSensorArray - Final normalized sensor size: 1 x 128
CustomSensorArray - Final normalized sensor size: 1 x 128
CustomSensorArray - Final normalized sensor size: 1 x 128
CustomSensorArray - Final normalized sensor size: 1 x 128
CustomSensorArray - Final normalized sensor size: 1 x 128
CustomSensorArray - Final normalized sensor size: 1 x 128
CustomSensorArray - Final normalized sensor size: 1 x 128
CustomSensorArray - Final normalized sensor size: 1 x 128
CustomSensorArray - Final normalized sensor size: 1 x 128
CustomSensorArray - Final normalized sensor size: 1 x 128
CustomSensorArray - Final normalized sensor size: 1 x 128
CustomSensorArray - Final normalized sensor size: 1 x 128
CustomSensorArray - Final normalized sensor size: 1 x 128
CustomSensorArray - Final normalized sensor size: 1 x 128
CustomSensorArray - Final normalized sensor size: 1 x 128
CustomSensorArray - Final normalized sensor size: 1 x 128
CustomSensorArray - Final normalized sensor size: 1 x 128
CustomSensorArray - Final normalized sensor size: 1 x 128
CustomSensorArray - Final normalized sensor size: 1 x 128
CustomSensorArray - Final normalized sensor size: 1 x 128
CustomSensorArray - Final normalized sensor size: 1 x 128
CustomSensorArray - Final normalized sensor size: 1 x 128
CustomSensorArray - Final normalized sensor size: 1 x 128
CustomSensorArray - Final normalized sensor size: 1 x 128
CustomSensorArray - Final normalized sensor size: 1 x 128
CustomSensorArray - Final normalized sensor size: 1 x 128
CustomSensorArray - Final normalized sensor size: 1 x 128
CustomSensorArray - Final normalized sensor size: 1 x 128
CustomSensorArray - Final normalized sensor size: 1 x 128
CustomSensorArray - Final normalized sensor size: 1 x 128
CustomSensorArray - Final normalized sensor size: 1 x 128
CustomSensorArray - Final normalized sensor size: 1 x 128
CustomSensorArray - Final normalized sensor size: 1 x 128
CustomSensorArray - Final normalized sensor size: 1 x 128
CustomSensorArray - Final normalized sensor size: 1 x 128
CustomSensorArray - Final normalized sensor size: 1 x 128
CustomSensorArray - Final normalized sensor size: 1 x 128
CustomSensorArray - Final normalized sensor size: 1 x 128
CustomSensorArray - Final normalized sensor size: 1 x 128
CustomSensorArray - Final normalized sensor size: 1 x 128
CustomSensorArray - Final normalized sensor size: 1 x 128
CustomSensorArray - Final normalized sensor size: 1 x 128
CustomSensorArray - Final normalized sensor size: 1 x 128
CustomSensorArray - Final normalized sensor size: 1 x 128
CustomSensorArray - Final normalized sensor size: 1 x 128
CustomSensorArray - Final normalized sensor size: 1 x 128
CustomSensorArray - Final normalized sensor size: 1 x 128
CustomSensorArray - Final normalized sensor size: 1 x 128
CustomSensorArray - Final normalized sensor size: 1 x 128
CustomSensorArray - Final normalized sensor size: 1 x 128
CustomSensorArray - Final normalized sensor size: 1 x 128
CustomSensorArray - Final normalized sensor size: 1 x 128
CustomSensorArray - Final normalized sensor size: 1 x 128
CustomSensorArray - Final normalized sensor size: 1 x 128
CustomSensorArray - Final normalized sensor size: 1 x 128
CustomSensorArray - Final normalized sensor size: 1 x 128
CustomSensorArray - Final normalized sensor size: 1 x 128
CustomSensorArray - Final normalized sensor size: 1 x 128
CustomSensorArray - Final normalized sensor size: 1 x 128
CustomSensorArray - Final normalized sensor size: 1 x 128
CustomSensorArray - Final normalized sensor size: 1 x 128
CustomSensorArray - Final normalized sensor size: 1 x 128
CustomSensorArray - Final normalized sensor size: 1 x 128
CustomSensorArray - Final normalized sensor size: 1 x 128
CustomSensorArray - Final normalized sensor size: 1 x 128
CustomSensorArray - Final normalized sensor size: 1 x 128
CustomSensorArray - Final normalized sensor size: 1 x 128
CustomSensorArray - Final normalized sensor size: 1 x 128
CustomSensorArray - Final normalized sensor size: 1 x 128
CustomSensorArray - Final normalized sensor size: 1 x 128
CustomSensorArray - Final normalized sensor size: 1 x 128
CustomSensorArray - Final normalized sensor size: 1 x 128
CustomSensorArray - Final normalized sensor size: 1 x 128
CustomSensorArray - Final normalized sensor size: 1 x 128
CustomSensorArray - Final normalized sensor size: 1 x 128
CustomSensorArray - Final normalized sensor size: 1 x 128
CustomSensorArray - Final normalized sensor size: 1 x 128
CustomSensorArray - Final normalized sensor size: 1 x 128
CustomSensorArray - Final normalized sensor size: 1 x 128
CustomSensorArray - Final normalized sensor size: 1 x 128
CustomSensorArray - Final normalized sensor size: 1 x 128
CustomSensorArray - Final normalized sensor size: 1 x 128
CustomSensorArray - Final normalized sensor size: 1 x 128
CustomSensorArray - Final normalized sensor size: 1 x 128
CustomSensorArray - Final normalized sensor size: 1 x 128
CustomSensorArray - Final normalized sensor size: 1 x 128
CustomSensorArray - Final normalized sensor size: 1 x 128
CustomSensorArray - Final normalized sensor size: 1 x 128
CustomSensorArray - Final normalized sensor size: 1 x 128
CustomSensorArray - Final normalized sensor size: 1 x 128
CustomSensorArray - Final normalized sensor size: 1 x 128
CustomSensorArray - Final normalized sensor size: 1 x 128
CustomSensorArray - Final normalized sensor size: 1 x 128
CustomSensorArray - Final normalized sensor size: 1 x 128
CustomSensorArray - Final normalized sensor size: 1 x 128
CustomSensorArray - Final normalized sensor size: 1 x 128
CustomSensorArray - Final normalized sensor size: 1 x 128
CustomSensorArray - Final normalized sensor size: 1 x 128
CustomSensorArray - Final normalized sensor size: 1 x 128
CustomSensorArray - Final normalized sensor size: 1 x 128
CustomSensorArray - Final normalized sensor size: 1 x 128
CustomSensorArray - Final normalized sensor size: 1 x 128
CustomSensorArray - Final normalized sensor size: 1 x 128
CustomSensorArray - Final normalized sensor size: 1 x 128
CustomSensorArray - Final normalized sensor size: 1 x 128
CustomSensorArray - Final normalized sensor size: 1 x 128
CustomSensorArray - Final normalized sensor size: 1 x 128
CustomSensorArray - Final normalized sensor size: 1 x 128
CustomSensorArray - Final normalized sensor size: 1 x 128
CustomSensorArray - Final normalized sensor size: 1 x 128
CustomSensorArray - Final normalized sensor size: 1 x 128
CustomSensorArray - Final normalized sensor size: 1 x 128
CustomSensorArray - Final normalized sensor size: 1 x 128
CustomSensorArray - Final normalized sensor size: 1 x 128
CustomSensorArray - Final normalized sensor size: 1 x 128
CustomSensorArray - Final normalized sensor size: 1 x 128
CustomSensorArray - Final normalized sensor size: 1 x 128
CustomSensorArray - Final normalized sensor size: 1 x 128
CustomSensorArray - Final normalized sensor size: 1 x 128
CustomSensorArray - Final normalized sensor size: 1 x 128
CustomSensorArray - Final normalized sensor size: 1 x 128
CustomSensorArray - Final normalized sensor size: 1 x 128
CustomSensorArray - Final normalized sensor size: 1 x 128
CustomSensorArray - Final normalized sensor size: 1 x 128
CustomSensorArray - Final normalized sensor size: 1 x 128
CustomSensorArray - Final normalized sensor size: 1 x 128
CustomSensorArray - Final normalized sensor size: 1 x 128
CustomSensorArray - Final normalized sensor size: 1 x 128
CustomSensorArray - Final normalized sensor size: 1 x 128
CustomSensorArray - Final normalized sensor size: 1 x 128
CustomSensorArray - Final normalized sensor size: 1 x 128
CustomSensorArray - Final normalized sensor size: 1 x 128
CustomSensorArray - Final normalized sensor size: 1 x 128
CustomSensorArray - Final normalized sensor size: 1 x 128
CustomSensorArray - Final normalized sensor size: 1 x 128
CustomSensorArray - Final normalized sensor size: 1 x 128
CustomSensorArray - Final normalized sensor size: 1 x 128
CustomSensorArray - Final normalized sensor size: 1 x 128
CustomSensorArray - Final normalized sensor size: 1 x 128
CustomSensorArray - Final normalized sensor size: 1 x 128
CustomSensorArray - Final normalized sensor size: 1 x 128
CustomSensorArray - Final normalized sensor size: 1 x 128
CustomSensorArray - Final normalized sensor size: 1 x 128
CustomSensorArray - Final normalized sensor size: 1 x 128
CustomSensorArray - Final normalized sensor size: 1 x 128
CustomSensorArray - Final normalized sensor size: 1 x 128
CustomSensorArray - Final normalized sensor size: 1 x 128
CustomSensorArray - Final normalized sensor size: 1 x 128
CustomSensorArray - Final normalized sensor size: 1 x 128
CustomSensorArray - Final normalized sensor size: 1 x 128
CustomSensorArray - Final normalized sensor size: 1 x 128
CustomSensorArray - Final normalized sensor size: 1 x 128
CustomSensorArray - Final normalized sensor size: 1 x 128
CustomSensorArray - Final normalized sensor size: 1 x 128
CustomSensorArray - Final normalized sensor size: 1 x 128
CustomSensorArray - Final normalized sensor size: 1 x 128
CustomSensorArray - Final normalized sensor size: 1 x 128
CustomSensorArray - Final normalized sensor size: 1 x 128
CustomSensorArray - Final normalized sensor size: 1 x 128
CustomSensorArray - Final normalized sensor size: 1 x 128
CustomSensorArray - Final normalized sensor size: 1 x 128
CustomSensorArray - Final normalized sensor size: 1 x 128
CustomSensorArray - Final normalized sensor size: 1 x 128
CustomSensorArray - Final normalized sensor size: 1 x 128
CustomSensorArray - Final normalized sensor size: 1 x 128
CustomSensorArray - Final normalized sensor size: 1 x 128
CustomSensorArray - Final normalized sensor size: 1 x 128
CustomSensorArray - Final normalized sensor size: 1 x 128
CustomSensorArray - Final normalized sensor size: 1 x 128
CustomSensorArray - Final normalized sensor size: 1 x 128
CustomSensorArray - Final normalized sensor size: 1 x 128
CustomSensorArray - Final normalized sensor size: 1 x 128
CustomSensorArray - Final normalized sensor size: 1 x 128
CustomSensorArray - Final normalized sensor size: 1 x 128
CustomSensorArray - Final normalized sensor size: 1 x 128
CustomSensorArray - Final normalized sensor size: 1 x 128
CustomSensorArray - Final normalized sensor size: 1 x 128
CustomSensorArray - Final normalized sensor size: 1 x 128
CustomSensorArray - Final normalized sensor size: 1 x 128
CustomSensorArray - Final normalized sensor size: 1 x 128
CustomSensorArray - Final normalized sensor size: 1 x 128
CustomSensorArray - Final normalized sensor size: 1 x 128
CustomSensorArray - Final normalized sensor size: 1 x 128
CustomSensorArray - Final normalized sensor size: 1 x 128
CustomSensorArray - Final normalized sensor size: 1 x 128
CustomSensorArray - Final normalized sensor size: 1 x 128
CustomSensorArray - Final normalized sensor size: 1 x 128
CustomSensorArray - Final normalized sensor size: 1 x 128
CustomSensorArray - Final normalized sensor size: 1 x 128
CustomSensorArray - Final normalized sensor size: 1 x 128
CustomSensorArray - Final normalized sensor size: 1 x 128
CustomSensorArray - Final normalized sensor size: 1 x 128
CustomSensorArray - Final normalized sensor size: 1 x 128
CustomSensorArray - Final normalized sensor size: 1 x 128
CustomSensorArray - Final normalized sensor size: 1 x 128
CustomSensorArray - Final normalized sensor size: 1 x 128
CustomSensorArray - Final normalized sensor size: 1 x 128
CustomSensorArray - Final normalized sensor size: 1 x 128
CustomSensorArray - Final normalized sensor size: 1 x 128
CustomSensorArray - Final normalized sensor size: 1 x 128
CustomSensorArray - Final normalized sensor size: 1 x 128
CustomSensorArray - Final normalized sensor size: 1 x 128
CustomSensorArray - Final normalized sensor size: 1 x 128
CustomSensorArray - Final normalized sensor size: 1 x 128
CustomSensorArray - Final normalized sensor size: 1 x 128
CustomSensorArray - Final normalized sensor size: 1 x 128
CustomSensorArray - Final normalized sensor size: 1 x 128
CustomSensorArray - Final normalized sensor size: 1 x 128
CustomSensorArray - Final normalized sensor size: 1 x 128
CustomSensorArray - Final normalized sensor size: 1 x 128
CustomSensorArray - Final normalized sensor size: 1 x 128
CustomSensorArray - Final normalized sensor size: 1 x 128
CustomSensorArray - Final normalized sensor size: 1 x 128
CustomSensorArray - Final normalized sensor size: 1 x 128
CustomSensorArray - Final normalized sensor size: 1 x 128
CustomSensorArray - Final normalized sensor size: 1 x 128
CustomSensorArray - Final normalized sensor size: 1 x 128
CustomSensorArray - Final normalized sensor size: 1 x 128
CustomSensorArray - Final normalized sensor size: 1 x 128
CustomSensorArray - Final normalized sensor size: 1 x 128
CustomSensorArray - Final normalized sensor size: 1 x 128
CustomSensorArray - Final normalized sensor size: 1 x 128
CustomSensorArray - Final normalized sensor size: 1 x 128
CustomSensorArray - Final normalized sensor size: 1 x 128
CustomSensorArray - Final normalized sensor size: 1 x 128
CustomSensorArray - Final normalized sensor size: 1 x 128
CustomSensorArray - Final normalized sensor size: 1 x 128
CustomSensorArray - Final normalized sensor size: 1 x 128
CustomSensorArray - Final normalized sensor size: 1 x 128
CustomSensorArray - Final normalized sensor size: 1 x 128
CustomSensorArray - Final normalized sensor size: 1 x 128
CustomSensorArray - Final normalized sensor size: 1 x 128
CustomSensorArray - Final normalized sensor size: 1 x 128
CustomSensorArray - Final normalized sensor size: 1 x 128
CustomSensorArray - Final normalized sensor size: 1 x 128
CustomSensorArray - Final normalized sensor size: 1 x 128
CustomSensorArray - Final normalized sensor size: 1 x 128
CustomSensorArray - Final normalized sensor size: 1 x 128
CustomSensorArray - Final normalized sensor size: 1 x 128
CustomSensorArray - Final normalized sensor size: 1 x 128
CustomSensorArray - Final normalized sensor size: 1 x 128
CustomSensorArray - Final normalized sensor size: 1 x 128
CustomSensorArray - Final normalized sensor size: 1 x 128
CustomSensorArray - Final normalized sensor size: 1 x 128
CustomSensorArray - Final normalized sensor size: 1 x 128
CustomSensorArray - Final normalized sensor size: 1 x 128
CustomSensorArray - Final normalized sensor size: 1 x 128
CustomSensorArray - Final normalized sensor size: 1 x 128
CustomSensorArray - Final normalized sensor size: 1 x 128
CustomSensorArray - Final normalized sensor size: 1 x 128
CustomSensorArray - Final normalized sensor size: 1 x 128
CustomSensorArray - Final normalized sensor size: 1 x 128
CustomSensorArray - Final normalized sensor size: 1 x 128
CustomSensorArray - Final normalized sensor size: 1 x 128
CustomSensorArray - Final normalized sensor size: 1 x 128
CustomSensorArray - Final normalized sensor size: 1 x 128
CustomSensorArray - Final normalized sensor size: 1 x 128
CustomSensorArray - Final normalized sensor size: 1 x 128
CustomSensorArray - Final normalized sensor size: 1 x 128
CustomSensorArray - Final normalized sensor size: 1 x 128
CustomSensorArray - Final normalized sensor size: 1 x 128
CustomSensorArray - Final normalized sensor size: 1 x 128
CustomSensorArray - Final normalized sensor size: 1 x 128
CustomSensorArray - Final normalized sensor size: 1 x 128
CustomSensorArray - Final normalized sensor size: 1 x 128
CustomSensorArray - Final normalized sensor size: 1 x 128
CustomSensorArray - Final normalized sensor size: 1 x 128
CustomSensorArray - Final normalized sensor size: 1 x 128
CustomSensorArray - Final normalized sensor size: 1 x 128
CustomSensorArray - Final normalized sensor size: 1 x 128
CustomSensorArray - Final normalized sensor size: 1 x 128
CustomSensorArray - Final normalized sensor size: 1 x 128
CustomSensorArray - Final normalized sensor size: 1 x 128
CustomSensorArray - Final normalized sensor size: 1 x 128
CustomSensorArray - Final normalized sensor size: 1 x 128
CustomSensorArray - Final normalized sensor size: 1 x 128
CustomSensorArray - Final normalized sensor size: 1 x 128
CustomSensorArray - Final normalized sensor size: 1 x 128
CustomSensorArray - Final normalized sensor size: 1 x 128
CustomSensorArray - Final normalized sensor size: 1 x 128
CustomSensorArray - Final normalized sensor size: 1 x 128
CustomSensorArray - Final normalized sensor size: 1 x 128
CustomSensorArray - Final normalized sensor size: 1 x 128
CustomSensorArray - Final normalized sensor size: 1 x 128
CustomSensorArray - Final normalized sensor size: 1 x 128
CustomSensorArray - Final normalized sensor size: 1 x 128
CustomSensorArray - Final normalized sensor size: 1 x 128
CustomSensorArray - Final normalized sensor size: 1 x 128
CustomSensorArray - Final normalized sensor size: 1 x 128
CustomSensorArray - Final normalized sensor size: 1 x 128
CustomSensorArray - Final normalized sensor size: 1 x 128
CustomSensorArray - Final normalized sensor size: 1 x 128
CustomSensorArray - Final normalized sensor size: 1 x 128
CustomSensorArray - Final normalized sensor size: 1 x 128
CustomSensorArray - Final normalized sensor size: 1 x 128
CustomSensorArray - Final normalized sensor size: 1 x 128
CustomSensorArray - Final normalized sensor size: 1 x 128
CustomSensorArray - Final normalized sensor size: 1 x 128
CustomSensorArray - Final normalized sensor size: 1 x 128
CustomSensorArray - Final normalized sensor size: 1 x 128
CustomSensorArray - Final normalized sensor size: 1 x 128
CustomSensorArray - Final normalized sensor size: 1 x 128
CustomSensorArray - Final normalized sensor size: 1 x 128
CustomSensorArray - Final normalized sensor size: 1 x 128
CustomSensorArray - Final normalized sensor size: 1 x 128
CustomSensorArray - Final normalized sensor size: 1 x 128
CustomSensorArray - Final normalized sensor size: 1 x 128
CustomSensorArray - Final normalized sensor size: 1 x 128
CustomSensorArray - Final normalized sensor size: 1 x 128
CustomSensorArray - Final normalized sensor size: 1 x 128
CustomSensorArray - Final normalized sensor size: 1 x 128
CustomSensorArray - Final normalized sensor size: 1 x 128
CustomSensorArray - Final normalized sensor size: 1 x 128
CustomSensorArray - Final normalized sensor size: 1 x 128
CustomSensorArray - Final normalized sensor size: 1 x 128
CustomSensorArray - Final normalized sensor size: 1 x 128
CustomSensorArray - Final normalized sensor size: 1 x 128
CustomSensorArray - Final normalized sensor size: 1 x 128
CustomSensorArray - Final normalized sensor size: 1 x 128
CustomSensorArray - Final normalized sensor size: 1 x 128
CustomSensorArray - Final normalized sensor size: 1 x 128
CustomSensorArray - Final normalized sensor size: 1 x 128
CustomSensorArray - Final normalized sensor size: 1 x 128
CustomSensorArray - Final normalized sensor size: 1 x 128
CustomSensorArray - Final normalized sensor size: 1 x 128
CustomSensorArray - Final normalized sensor size: 1 x 128
CustomSensorArray - Final normalized sensor size: 1 x 128
CustomSensorArray - Final normalized sensor size: 1 x 128
CustomSensorArray - Final normalized sensor size: 1 x 128
CustomSensorArray - Final normalized sensor size: 1 x 128
CustomSensorArray - Final normalized sensor size: 1 x 128
CustomSensorArray - Final normalized sensor size: 1 x 128
CustomSensorArray - Final normalized sensor size: 1 x 128
CustomSensorArray - Final normalized sensor size: 1 x 128
CustomSensorArray - Final normalized sensor size: 1 x 128
CustomSensorArray - Final normalized sensor size: 1 x 128
CustomSensorArray - Final normalized sensor size: 1 x 128
CustomSensorArray - Final normalized sensor size: 1 x 128
CustomSensorArray - Final normalized sensor size: 1 x 128
CustomSensorArray - Final normalized sensor size: 1 x 128
CustomSensorArray - Final normalized sensor size: 1 x 128
CustomSensorArray - Final normalized sensor size: 1 x 128
CustomSensorArray - Final normalized sensor size: 1 x 128
CustomSensorArray - Final normalized sensor size: 1 x 128
CustomSensorArray - Final normalized sensor size: 1 x 128
CustomSensorArray - Final normalized sensor size: 1 x 128
CustomSensorArray - Final normalized sensor size: 1 x 128
CustomSensorArray - Final normalized sensor size: 1 x 128
CustomSensorArray - Final normalized sensor size: 1 x 128
CustomSensorArray - Final normalized sensor size: 1 x 128
CustomSensorArray - Final normalized sensor size: 1 x 128
CustomSensorArray - Final normalized sensor size: 1 x 128
CustomSensorArray - Final normalized sensor size: 1 x 128
CustomSensorArray - Final normalized sensor size: 1 x 128
CustomSensorArray - Final normalized sensor size: 1 x 128
CustomSensorArray - Final normalized sensor size: 1 x 128
CustomSensorArray - Final normalized sensor size: 1 x 128
CustomSensorArray - Final normalized sensor size: 1 x 128
CustomSensorArray - Final normalized sensor size: 1 x 128
CustomSensorArray - Final normalized sensor size: 1 x 128
CustomSensorArray - Final normalized sensor size: 1 x 128
CustomSensorArray - Final normalized sensor size: 1 x 128
CustomSensorArray - Final normalized sensor size: 1 x 128
CustomSensorArray - Final normalized sensor size: 1 x 128
CustomSensorArray - Final normalized sensor size: 1 x 128
CustomSensorArray - Final normalized sensor size: 1 x 128
CustomSensorArray - Final normalized sensor size: 1 x 128
CustomSensorArray - Final normalized sensor size: 1 x 128
CustomSensorArray - Final normalized sensor size: 1 x 128
CustomSensorArray - Final normalized sensor size: 1 x 128
CustomSensorArray - Final normalized sensor size: 1 x 128
CustomSensorArray - Final normalized sensor size: 1 x 128
CustomSensorArray - Final normalized sensor size: 1 x 128
CustomSensorArray - Final normalized sensor size: 1 x 128
CustomSensorArray - Final normalized sensor size: 1 x 128
CustomSensorArray - Final normalized sensor size: 1 x 128
CustomSensorArray - Final normalized sensor size: 1 x 128
CustomSensorArray - Final normalized sensor size: 1 x 128
CustomSensorArray - Final normalized sensor size: 1 x 128
CustomSensorArray - Final normalized sensor size: 1 x 128
CustomSensorArray - Final normalized sensor size: 1 x 128
CustomSensorArray - Final normalized sensor size: 1 x 128
CustomSensorArray - Final normalized sensor size: 1 x 128
CustomSensorArray - Final normalized sensor size: 1 x 128
CustomSensorArray - Final normalized sensor size: 1 x 128
CustomSensorArray - Final normalized sensor size: 1 x 128
CustomSensorArray - Final normalized sensor size: 1 x 128
CustomSensorArray - Final normalized sensor size: 1 x 128
CustomSensorArray - Final normalized sensor size: 1 x 128
CustomSensorArray - Final normalized sensor size: 1 x 128
CustomSensorArray - Final normalized sensor size: 1 x 128
CustomSensorArray - Final normalized sensor size: 1 x 128
CustomSensorArray - Final normalized sensor size: 1 x 128
CustomSensorArray - Final normalized sensor size: 1 x 128
CustomSensorArray - Final normalized sensor size: 1 x 128
CustomSensorArray - Final normalized sensor size: 1 x 128
CustomSensorArray - Final normalized sensor size: 1 x 128
CustomSensorArray - Final normalized sensor size: 1 x 128
CustomSensorArray - Final normalized sensor size: 1 x 128
CustomSensorArray - Final normalized sensor size: 1 x 128
CustomSensorArray - Final normalized sensor size: 1 x 128
CustomSensorArray - Final normalized sensor size: 1 x 128
CustomSensorArray - Final normalized sensor size: 1 x 128
CustomSensorArray - Final normalized sensor size: 1 x 128
CustomSensorArray - Final normalized sensor size: 1 x 128
CustomSensorArray - Final normalized sensor size: 1 x 128
CustomSensorArray - Final normalized sensor size: 1 x 128
CustomSensorArray - Final normalized sensor size: 1 x 128
CustomSensorArray - Final normalized sensor size: 1 x 128
CustomSensorArray - Final normalized sensor size: 1 x 128
CustomSensorArray - Final normalized sensor size: 1 x 128
CustomSensorArray - Final normalized sensor size: 1 x 128
CustomSensorArray - Final normalized sensor size: 1 x 128
CustomSensorArray - Final normalized sensor size: 1 x 128
CustomSensorArray - Final normalized sensor size: 1 x 128
CustomSensorArray - Final normalized sensor size: 1 x 128
CustomSensorArray - Final normalized sensor size: 1 x 128
CustomSensorArray - Final normalized sensor size: 1 x 128
CustomSensorArray - Final normalized sensor size: 1 x 128
CustomSensorArray - Final normalized sensor size: 1 x 128
CustomSensorArray - Final normalized sensor size: 1 x 128
CustomSensorArray - Final normalized sensor size: 1 x 128
CustomSensorArray - Final normalized sensor size: 1 x 128
CustomSensorArray - Final normalized sensor size: 1 x 128
CustomSensorArray - Final normalized sensor size: 1 x 128
CustomSensorArray - Final normalized sensor size: 1 x 128
CustomSensorArray - Final normalized sensor size: 1 x 128
CustomSensorArray - Final normalized sensor size: 1 x 128
CustomSensorArray - Final normalized sensor size: 1 x 128
CustomSensorArray - Final normalized sensor size: 1 x 128
CustomSensorArray - Final normalized sensor size: 1 x 128
CustomSensorArray - Final normalized sensor size: 1 x 128
CustomSensorArray - Final normalized sensor size: 1 x 128
CustomSensorArray - Final normalized sensor size: 1 x 128
CustomSensorArray - Final normalized sensor size: 1 x 128
CustomSensorArray - Final normalized sensor size: 1 x 128
CustomSensorArray - Final normalized sensor size: 1 x 128
CustomSensorArray - Final normalized sensor size: 1 x 128
CustomSensorArray - Final normalized sensor size: 1 x 128
CustomSensorArray - Final normalized sensor size: 1 x 128
CustomSensorArray - Final normalized sensor size: 1 x 128
CustomSensorArray - Final normalized sensor size: 1 x 128
CustomSensorArray - Final normalized sensor size: 1 x 128
CustomSensorArray - Final normalized sensor size: 1 x 128
CustomSensorArray - Final normalized sensor size: 1 x 128
CustomSensorArray - Final normalized sensor size: 1 x 128
CustomSensorArray - Final normalized sensor size: 1 x 128
CustomSensorArray - Final normalized sensor size: 1 x 128
CustomSensorArray - Final normalized sensor size: 1 x 128
CustomSensorArray - Final normalized sensor size: 1 x 128
CustomSensorArray - Final normalized sensor size: 1 x 128
CustomSensorArray - Final normalized sensor size: 1 x 128
CustomSensorArray - Final normalized sensor size: 1 x 128
CustomSensorArray - Final normalized sensor size: 1 x 128
CustomSensorArray - Final normalized sensor size: 1 x 128
CustomSensorArray - Final normalized sensor size: 1 x 128
CustomSensorArray - Final normalized sensor size: 1 x 128
CustomSensorArray - Final normalized sensor size: 1 x 128
CustomSensorArray - Final normalized sensor size: 1 x 128
CustomSensorArray - Final normalized sensor size: 1 x 128
CustomSensorArray - Final normalized sensor size: 1 x 128
CustomSensorArray - Final normalized sensor size: 1 x 128
CustomSensorArray - Final normalized sensor size: 1 x 128
CustomSensorArray - Final normalized sensor size: 1 x 128
CustomSensorArray - Final normalized sensor size: 1 x 128
CustomSensorArray - Final normalized sensor size: 1 x 128
CustomSensorArray - Final normalized sensor size: 1 x 128
CustomSensorArray - Final normalized sensor size: 1 x 128
CustomSensorArray - Final normalized sensor size: 1 x 128
CustomSensorArray - Final normalized sensor size: 1 x 128
CustomSensorArray - Final normalized sensor size: 1 x 128
CustomSensorArray - Final normalized sensor size: 1 x 128
CustomSensorArray - Final normalized sensor size: 1 x 128
CustomSensorArray - Final normalized sensor size: 1 x 128
CustomSensorArray - Final normalized sensor size: 1 x 128
CustomSensorArray - Final normalized sensor size: 1 x 128
CustomSensorArray - Final normalized sensor size: 1 x 128
CustomSensorArray - Final normalized sensor size: 1 x 128
CustomSensorArray - Final normalized sensor size: 1 x 128
CustomSensorArray - Final normalized sensor size: 1 x 128
CustomSensorArray - Final normalized sensor size: 1 x 128
CustomSensorArray - Final normalized sensor size: 1 x 128
CustomSensorArray - Final normalized sensor size: 1 x 128
CustomSensorArray - Final normalized sensor size: 1 x 128
CustomSensorArray - Final normalized sensor size: 1 x 128
CustomSensorArray - Final normalized sensor size: 1 x 128
CustomSensorArray - Final normalized sensor size: 1 x 128
CustomSensorArray - Final normalized sensor size: 1 x 128
CustomSensorArray - Final normalized sensor size: 1 x 128
CustomSensorArray - Final normalized sensor size: 1 x 128
CustomSensorArray - Final normalized sensor size: 1 x 128
CustomSensorArray - Final normalized sensor size: 1 x 128
CustomSensorArray - Final normalized sensor size: 1 x 128
CustomSensorArray - Final normalized sensor size: 1 x 128
CustomSensorArray - Final normalized sensor size: 1 x 128
CustomSensorArray - Final normalized sensor size: 1 x 128
CustomSensorArray - Final normalized sensor size: 1 x 128
CustomSensorArray - Final normalized sensor size: 1 x 128
CustomSensorArray - Final normalized sensor size: 1 x 128
CustomSensorArray - Final normalized sensor size: 1 x 128
CustomSensorArray - Final normalized sensor size: 1 x 128
CustomSensorArray - Final normalized sensor size: 1 x 128
CustomSensorArray - Final normalized sensor size: 1 x 128
CustomSensorArray - Final normalized sensor size: 1 x 128
CustomSensorArray - Final normalized sensor size: 1 x 128
CustomSensorArray - Final normalized sensor size: 1 x 128
CustomSensorArray - Final normalized sensor size: 1 x 128
CustomSensorArray - Final normalized sensor size: 1 x 128
CustomSensorArray - Final normalized sensor size: 1 x 128
CustomSensorArray - Final normalized sensor size: 1 x 128
CustomSensorArray - Final normalized sensor size: 1 x 128
CustomSensorArray - Final normalized sensor size: 1 x 128
CustomSensorArray - Final normalized sensor size: 1 x 128
CustomSensorArray - Final normalized sensor size: 1 x 128
CustomSensorArray - Final normalized sensor size: 1 x 128
CustomSensorArray - Final normalized sensor size: 1 x 128
CustomSensorArray - Final normalized sensor size: 1 x 128
CustomSensorArray - Final normalized sensor size: 1 x 128
CustomSensorArray - Final normalized sensor size: 1 x 128
CustomSensorArray - Final normalized sensor size: 1 x 128
CustomSensorArray - Final normalized sensor size: 1 x 128
CustomSensorArray - Final normalized sensor size: 1 x 128
CustomSensorArray - Final normalized sensor size: 1 x 128
CustomSensorArray - Final normalized sensor size: 1 x 128
CustomSensorArray - Final normalized sensor size: 1 x 128
CustomSensorArray - Final normalized sensor size: 1 x 128
CustomSensorArray - Final normalized sensor size: 1 x 128
CustomSensorArray - Final normalized sensor size: 1 x 128
CustomSensorArray - Final normalized sensor size: 1 x 128
CustomSensorArray - Final normalized sensor size: 1 x 128
CustomSensorArray - Final normalized sensor size: 1 x 128
CustomSensorArray - Final normalized sensor size: 1 x 128
CustomSensorArray - Final normalized sensor size: 1 x 128
CustomSensorArray - Final normalized sensor size: 1 x 128
CustomSensorArray - Final normalized sensor size: 1 x 128
CustomSensorArray - Final normalized sensor size: 1 x 128
CustomSensorArray - Final normalized sensor size: 1 x 128
CustomSensorArray - Final normalized sensor size: 1 x 128
CustomSensorArray - Final normalized sensor size: 1 x 128
CustomSensorArray - Final normalized sensor size: 1 x 128
CustomSensorArray - Final normalized sensor size: 1 x 128
CustomSensorArray - Final normalized sensor size: 1 x 128
CustomSensorArray - Final normalized sensor size: 1 x 128
CustomSensorArray - Final normalized sensor size: 1 x 128
CustomSensorArray - Final normalized sensor size: 1 x 128
CustomSensorArray - Final normalized sensor size: 1 x 128
CustomSensorArray - Final normalized sensor size: 1 x 128
CustomSensorArray - Final normalized sensor size: 1 x 128
CustomSensorArray - Final normalized sensor size: 1 x 128
CustomSensorArray - Final normalized sensor size: 1 x 128
CustomSensorArray - Final normalized sensor size: 1 x 128
CustomSensorArray - Final normalized sensor size: 1 x 128
CustomSensorArray - Final normalized sensor size: 1 x 128
CustomSensorArray - Final normalized sensor size: 1 x 128
CustomSensorArray - Final normalized sensor size: 1 x 128
CustomSensorArray - Final normalized sensor size: 1 x 128
CustomSensorArray - Final normalized sensor size: 1 x 128
CustomSensorArray - Final normalized sensor size: 1 x 128
CustomSensorArray - Final normalized sensor size: 1 x 128
CustomSensorArray - Final normalized sensor size: 1 x 128
CustomSensorArray - Final normalized sensor size: 1 x 128
CustomSensorArray - Final normalized sensor size: 1 x 128
CustomSensorArray - Final normalized sensor size: 1 x 128
CustomSensorArray - Final normalized sensor size: 1 x 128
CustomSensorArray - Final normalized sensor size: 1 x 128
CustomSensorArray - Final normalized sensor size: 1 x 128
CustomSensorArray - Final normalized sensor size: 1 x 128
CustomSensorArray - Final normalized sensor size: 1 x 128
CustomSensorArray - Final normalized sensor size: 1 x 128
CustomSensorArray - Final normalized sensor size: 1 x 128
CustomSensorArray - Final normalized sensor size: 1 x 128
CustomSensorArray - Final normalized sensor size: 1 x 128
CustomSensorArray - Final normalized sensor size: 1 x 128
CustomSensorArray - Final normalized sensor size: 1 x 128
CustomSensorArray - Final normalized sensor size: 1 x 128
CustomSensorArray - Final normalized sensor size: 1 x 128
CustomSensorArray - Final normalized sensor size: 1 x 128
CustomSensorArray - Final normalized sensor size: 1 x 128
CustomSensorArray - Final normalized sensor size: 1 x 128
CustomSensorArray - Final normalized sensor size: 1 x 128
CustomSensorArray - Final normalized sensor size: 1 x 128
CustomSensorArray - Final normalized sensor size: 1 x 128
CustomSensorArray - Final normalized sensor size: 1 x 128
CustomSensorArray - Final normalized sensor size: 1 x 128
CustomSensorArray - Final normalized sensor size: 1 x 128
CustomSensorArray - Final normalized sensor size: 1 x 128
CustomSensorArray - Final normalized sensor size: 1 x 128
CustomSensorArray - Final normalized sensor size: 1 x 128
CustomSensorArray - Final normalized sensor size: 1 x 128
CustomSensorArray - Final normalized sensor size: 1 x 128
CustomSensorArray - Final normalized sensor size: 1 x 128
CustomSensorArray - Final normalized sensor size: 1 x 128
CustomSensorArray - Final normalized sensor size: 1 x 128
CustomSensorArray - Final normalized sensor size: 1 x 128
CustomSensorArray - Final normalized sensor size: 1 x 128
CustomSensorArray - Final normalized sensor size: 1 x 128
CustomSensorArray - Final normalized sensor size: 1 x 128
CustomSensorArray - Final normalized sensor size: 1 x 128
CustomSensorArray - Final normalized sensor size: 1 x 128
CustomSensorArray - Final normalized sensor size: 1 x 128
CustomSensorArray - Final normalized sensor size: 1 x 128
CustomSensorArray - Final normalized sensor size: 1 x 128
CustomSensorArray - Final normalized sensor size: 1 x 128
CustomSensorArray - Final normalized sensor size: 1 x 128
CustomSensorArray - Final normalized sensor size: 1 x 128
CustomSensorArray - Final normalized sensor size: 1 x 128
CustomSensorArray - Final normalized sensor size: 1 x 128
CustomSensorArray - Final normalized sensor size: 1 x 128
CustomSensorArray - Final normalized sensor size: 1 x 128
CustomSensorArray - Final normalized sensor size: 1 x 128
CustomSensorArray - Final normalized sensor size: 1 x 128
CustomSensorArray - Final normalized sensor size: 1 x 128
CustomSensorArray - Final normalized sensor size: 1 x 128
CustomSensorArray - Final normalized sensor size: 1 x 128
CustomSensorArray - Final normalized sensor size: 1 x 128
CustomSensorArray - Final normalized sensor size: 1 x 128
CustomSensorArray - Final normalized sensor size: 1 x 128
CustomSensorArray - Final normalized sensor size: 1 x 128
CustomSensorArray - Final normalized sensor size: 1 x 128
CustomSensorArray - Final normalized sensor size: 1 x 128
CustomSensorArray - Final normalized sensor size: 1 x 128
CustomSensorArray - Final normalized sensor size: 1 x 128
CustomSensorArray - Final normalized sensor size: 1 x 128
CustomSensorArray - Final normalized sensor size: 1 x 128
CustomSensorArray - Final normalized sensor size: 1 x 128
CustomSensorArray - Final normalized sensor size: 1 x 128
CustomSensorArray - Final normalized sensor size: 1 x 128
CustomSensorArray - Final normalized sensor size: 1 x 128
CustomSensorArray - Final normalized sensor size: 1 x 128
CustomSensorArray - Final normalized sensor size: 1 x 128
CustomSensorArray - Final normalized sensor size: 1 x 128
CustomSensorArray - Final normalized sensor size: 1 x 128
CustomSensorArray - Final normalized sensor size: 1 x 128
CustomSensorArray - Final normalized sensor size: 1 x 128
CustomSensorArray - Final normalized sensor size: 1 x 128
CustomSensorArray - Final normalized sensor size: 1 x 128
CustomSensorArray - Final normalized sensor size: 1 x 128
CustomSensorArray - Final normalized sensor size: 1 x 128
CustomSensorArray - Final normalized sensor size: 1 x 128
CustomSensorArray - Final normalized sensor size: 1 x 128
CustomSensorArray - Final normalized sensor size: 1 x 128
CustomSensorArray - Final normalized sensor size: 1 x 128
CustomSensorArray - Final normalized sensor size: 1 x 128
CustomSensorArray - Final normalized sensor size: 1 x 128
CustomSensorArray - Final normalized sensor size: 1 x 128
CustomSensorArray - Final normalized sensor size: 1 x 128
CustomSensorArray - Final normalized sensor size: 1 x 128
CustomSensorArray - Final normalized sensor size: 1 x 128
CustomSensorArray - Final normalized sensor size: 1 x 128
CustomSensorArray - Final normalized sensor size: 1 x 128
CustomSensorArray - Final normalized sensor size: 1 x 128
CustomSensorArray - Final normalized sensor size: 1 x 128
CustomSensorArray - Final normalized sensor size: 1 x 128
CustomSensorArray - Final normalized sensor size: 1 x 128
CustomSensorArray - Final normalized sensor size: 1 x 128
CustomSensorArray - Final normalized sensor size: 1 x 128
CustomSensorArray - Final normalized sensor size: 1 x 128
CustomSensorArray - Final normalized sensor size: 1 x 128
CustomSensorArray - Final normalized sensor size: 1 x 128
CustomSensorArray - Final normalized sensor size: 1 x 128
CustomSensorArray - Final normalized sensor size: 1 x 128
CustomSensorArray - Final normalized sensor size: 1 x 128
CustomSensorArray - Final normalized sensor size: 1 x 128
CustomSensorArray - Final normalized sensor size: 1 x 128
CustomSensorArray - Final normalized sensor size: 1 x 128
CustomSensorArray - Final normalized sensor size: 1 x 128
CustomSensorArray - Final normalized sensor size: 1 x 128
CustomSensorArray - Final normalized sensor size: 1 x 128
CustomSensorArray - Final normalized sensor size: 1 x 128
CustomSensorArray - Final normalized sensor size: 1 x 128
CustomSensorArray - Final normalized sensor size: 1 x 128
CustomSensorArray - Final normalized sensor size: 1 x 128
CustomSensorArray - Final normalized sensor size: 1 x 128
CustomSensorArray - Final normalized sensor size: 1 x 128
CustomSensorArray - Final normalized sensor size: 1 x 128
CustomSensorArray - Final normalized sensor size: 1 x 128
CustomSensorArray - Final normalized sensor size: 1 x 128
CustomSensorArray - Final normalized sensor size: 1 x 128
CustomSensorArray - Final normalized sensor size: 1 x 128
CustomSensorArray - Final normalized sensor size: 1 x 128
CustomSensorArray - Final normalized sensor size: 1 x 128
CustomSensorArray - Final normalized sensor size: 1 x 128
CustomSensorArray - Final normalized sensor size: 1 x 128
CustomSensorArray - Final normalized sensor size: 1 x 128
CustomSensorArray - Final normalized sensor size: 1 x 128
CustomSensorArray - Final normalized sensor size: 1 x 128
CustomSensorArray - Final normalized sensor size: 1 x 128
CustomSensorArray - Final normalized sensor size: 1 x 128
CustomSensorArray - Final normalized sensor size: 1 x 128
CustomSensorArray - Final normalized sensor size: 1 x 128
CustomSensorArray - Final normalized sensor size: 1 x 128
CustomSensorArray - Final normalized sensor size: 1 x 128
CustomSensorArray - Final normalized sensor size: 1 x 128
CustomSensorArray - Final normalized sensor size: 1 x 128
CustomSensorArray - Final normalized sensor size: 1 x 128
CustomSensorArray - Final normalized sensor size: 1 x 128
CustomSensorArray - Final normalized sensor size: 1 x 128
CustomSensorArray - Final normalized sensor size: 1 x 128
CustomSensorArray - Final normalized sensor size: 1 x 128
CustomSensorArray - Final normalized sensor size: 1 x 128
CustomSensorArray - Final normalized sensor size: 1 x 128
CustomSensorArray - Final normalized sensor size: 1 x 128
CustomSensorArray - Final normalized sensor size: 1 x 128
CustomSensorArray - Final normalized sensor size: 1 x 128
CustomSensorArray - Final normalized sensor size: 1 x 128
CustomSensorArray - Final normalized sensor size: 1 x 128
CustomSensorArray - Final normalized sensor size: 1 x 128
CustomSensorArray - Final normalized sensor size: 1 x 128
CustomSensorArray - Final normalized sensor size: 1 x 128
CustomSensorArray - Final normalized sensor size: 1 x 128
CustomSensorArray - Final normalized sensor size: 1 x 128
CustomSensorArray - Final normalized sensor size: 1 x 128
CustomSensorArray - Final normalized sensor size: 1 x 128
CustomSensorArray - Final normalized sensor size: 1 x 128
CustomSensorArray - Final normalized sensor size: 1 x 128
CustomSensorArray - Final normalized sensor size: 1 x 128
CustomSensorArray - Final normalized sensor size: 1 x 128
CustomSensorArray - Final normalized sensor size: 1 x 128
CustomSensorArray - Final normalized sensor size: 1 x 128
CustomSensorArray - Final normalized sensor size: 1 x 128
CustomSensorArray - Final normalized sensor size: 1 x 128
CustomSensorArray - Final normalized sensor size: 1 x 128
CustomSensorArray - Final normalized sensor size: 1 x 128
CustomSensorArray - Final normalized sensor size: 1 x 128
CustomSensorArray - Final normalized sensor size: 1 x 128
CustomSensorArray - Final normalized sensor size: 1 x 128
CustomSensorArray - Final normalized sensor size: 1 x 128
CustomSensorArray - Final normalized sensor size: 1 x 128
CustomSensorArray - Final normalized sensor size: 1 x 128
CustomSensorArray - Final normalized sensor size: 1 x 128
CustomSensorArray - Final normalized sensor size: 1 x 128
CustomSensorArray - Final normalized sensor size: 1 x 128
CustomSensorArray - Final normalized sensor size: 1 x 128
CustomSensorArray - Final normalized sensor size: 1 x 128
CustomSensorArray - Final normalized sensor size: 1 x 128
CustomSensorArray - Final normalized sensor size: 1 x 128
CustomSensorArray - Final normalized sensor size: 1 x 128
CustomSensorArray - Final normalized sensor size: 1 x 128
CustomSensorArray - Final normalized sensor size: 1 x 128
CustomSensorArray - Final normalized sensor size: 1 x 128
CustomSensorArray - Final normalized sensor size: 1 x 128
CustomSensorArray - Final normalized sensor size: 1 x 128
CustomSensorArray - Final normalized sensor size: 1 x 128
CustomSensorArray - Final normalized sensor size: 1 x 128
CustomSensorArray - Final normalized sensor size: 1 x 128
CustomSensorArray - Final normalized sensor size: 1 x 128
CustomSensorArray - Final normalized sensor size: 1 x 128
CustomSensorArray - Final normalized sensor size: 1 x 128
CustomSensorArray - Final normalized sensor size: 1 x 128
CustomSensorArray - Final normalized sensor size: 1 x 128
CustomSensorArray - Final normalized sensor size: 1 x 128
CustomSensorArray - Final normalized sensor size: 1 x 128
CustomSensorArray - Final normalized sensor size: 1 x 128
CustomSensorArray - Final normalized sensor size: 1 x 128
CustomSensorArray - Final normalized sensor size: 1 x 128
CustomSensorArray - Final normalized sensor size: 1 x 128
CustomSensorArray - Final normalized sensor size: 1 x 128
CustomSensorArray - Final normalized sensor size: 1 x 128
CustomSensorArray - Final normalized sensor size: 1 x 128
CustomSensorArray - Final normalized sensor size: 1 x 128
CustomSensorArray - Final normalized sensor size: 1 x 128
CustomSensorArray - Final normalized sensor size: 1 x 128
CustomSensorArray - Final normalized sensor size: 1 x 128
CustomSensorArray - Final normalized sensor size: 1 x 128
CustomSensorArray - Final normalized sensor size: 1 x 128
CustomSensorArray - Final normalized sensor size: 1 x 128
CustomSensorArray - Final normalized sensor size: 1 x 128
CustomSensorArray - Final normalized sensor size: 1 x 128
CustomSensorArray - Final normalized sensor size: 1 x 128
CustomSensorArray - Final normalized sensor size: 1 x 128
CustomSensorArray - Final normalized sensor size: 1 x 128
CustomSensorArray - Final normalized sensor size: 1 x 128
CustomSensorArray - Final normalized sensor size: 1 x 128
CustomSensorArray - Final normalized sensor size: 1 x 128
CustomSensorArray - Final normalized sensor size: 1 x 128
CustomSensorArray - Final normalized sensor size: 1 x 128
CustomSensorArray - Final normalized sensor size: 1 x 128
CustomSensorArray - Final normalized sensor size: 1 x 128
CustomSensorArray - Final normalized sensor size: 1 x 128
CustomSensorArray - Final normalized sensor size: 1 x 128
CustomSensorArray - Final normalized sensor size: 1 x 128
CustomSensorArray - Final normalized sensor size: 1 x 128
CustomSensorArray - Final normalized sensor size: 1 x 128
CustomSensorArray - Final normalized sensor size: 1 x 128
CustomSensorArray - Final normalized sensor size: 1 x 128
CustomSensorArray - Final normalized sensor size: 1 x 128
CustomSensorArray - Final normalized sensor size: 1 x 128
CustomSensorArray - Final normalized sensor size: 1 x 128
CustomSensorArray - Final normalized sensor size: 1 x 128
CustomSensorArray - Final normalized sensor size: 1 x 128
CustomSensorArray - Final normalized sensor size: 1 x 128
CustomSensorArray - Final normalized sensor size: 1 x 128
CustomSensorArray - Final normalized sensor size: 1 x 128
CustomSensorArray - Final normalized sensor size: 1 x 128
CustomSensorArray - Final normalized sensor size: 1 x 128
CustomSensorArray - Final normalized sensor size: 1 x 128
CustomSensorArray - Final normalized sensor size: 1 x 128
CustomSensorArray - Final normalized sensor size: 1 x 128
CustomSensorArray - Final normalized sensor size: 1 x 128
CustomSensorArray - Final normalized sensor size: 1 x 128
CustomSensorArray - Final normalized sensor size: 1 x 128
CustomSensorArray - Final normalized sensor size: 1 x 128
CustomSensorArray - Final normalized sensor size: 1 x 128
CustomSensorArray - Final normalized sensor size: 1 x 128
CustomSensorArray - Final normalized sensor size: 1 x 128
CustomSensorArray - Final normalized sensor size: 1 x 128
CustomSensorArray - Final normalized sensor size: 1 x 128
CustomSensorArray - Final normalized sensor size: 1 x 128
CustomSensorArray - Final normalized sensor size: 1 x 128
CustomSensorArray - Final normalized sensor size: 1 x 128
CustomSensorArray - Final normalized sensor size: 1 x 128
CustomSensorArray - Final normalized sensor size: 1 x 128
CustomSensorArray - Final normalized sensor size: 1 x 128
CustomSensorArray - Final normalized sensor size: 1 x 128
CustomSensorArray - Final normalized sensor size: 1 x 128
CustomSensorArray - Final normalized sensor size: 1 x 128
CustomSensorArray - Final normalized sensor size: 1 x 128
CustomSensorArray - Final normalized sensor size: 1 x 128
CustomSensorArray - Final normalized sensor size: 1 x 128
CustomSensorArray - Final normalized sensor size: 1 x 128
CustomSensorArray - Final normalized sensor size: 1 x 128
CustomSensorArray - Final normalized sensor size: 1 x 128
CustomSensorArray - Final normalized sensor size: 1 x 128
CustomSensorArray - Final normalized sensor size: 1 x 128
CustomSensorArray - Final normalized sensor size: 1 x 128
CustomSensorArray - Final normalized sensor size: 1 x 128
CustomSensorArray - Final normalized sensor size: 1 x 128
CustomSensorArray - Final normalized sensor size: 1 x 128
CustomSensorArray - Final normalized sensor size: 1 x 128
CustomSensorArray - Final normalized sensor size: 1 x 128
CustomSensorArray - Final normalized sensor size: 1 x 128
CustomSensorArray - Final normalized sensor size: 1 x 128
CustomSensorArray - Final normalized sensor size: 1 x 128
CustomSensorArray - Final normalized sensor size: 1 x 128
CustomSensorArray - Final normalized sensor size: 1 x 128
CustomSensorArray - Final normalized sensor size: 1 x 128
CustomSensorArray - Final normalized sensor size: 1 x 128
CustomSensorArray - Final normalized sensor size: 1 x 128
CustomSensorArray - Final normalized sensor size: 1 x 128
CustomSensorArray - Final normalized sensor size: 1 x 128
CustomSensorArray - Final normalized sensor size: 1 x 128
CustomSensorArray - Final normalized sensor size: 1 x 128
CustomSensorArray - Final normalized sensor size: 1 x 128
CustomSensorArray - Final normalized sensor size: 1 x 128
CustomSensorArray - Final normalized sensor size: 1 x 128
CustomSensorArray - Final normalized sensor size: 1 x 128
CustomSensorArray - Final normalized sensor size: 1 x 128
CustomSensorArray - Final normalized sensor size: 1 x 128
CustomSensorArray - Final normalized sensor size: 1 x 128
CustomSensorArray - Final normalized sensor size: 1 x 128
CustomSensorArray - Final normalized sensor size: 1 x 128
CustomSensorArray - Final normalized sensor size: 1 x 128
CustomSensorArray - Final normalized sensor size: 1 x 128
CustomSensorArray - Final normalized sensor size: 1 x 128
CustomSensorArray - Final normalized sensor size: 1 x 128
CustomSensorArray - Final normalized sensor size: 1 x 128
CustomSensorArray - Final normalized sensor size: 1 x 128
CustomSensorArray - Final normalized sensor size: 1 x 128
CustomSensorArray - Final normalized sensor size: 1 x 128
CustomSensorArray - Final normalized sensor size: 1 x 128
CustomSensorArray - Final normalized sensor size: 1 x 128
CustomSensorArray - Final normalized sensor size: 1 x 128
CustomSensorArray - Final normalized sensor size: 1 x 128
CustomSensorArray - Final normalized sensor size: 1 x 128
CustomSensorArray - Final normalized sensor size: 1 x 128
CustomSensorArray - Final normalized sensor size: 1 x 128
CustomSensorArray - Final normalized sensor size: 1 x 128
CustomSensorArray - Final normalized sensor size: 1 x 128
CustomSensorArray - Final normalized sensor size: 1 x 128
CustomSensorArray - Final normalized sensor size: 1 x 128
CustomSensorArray - Final normalized sensor size: 1 x 128
CustomSensorArray - Final normalized sensor size: 1 x 128
CustomSensorArray - Final normalized sensor size: 1 x 128
CustomSensorArray - Final normalized sensor size: 1 x 128
CustomSensorArray - Final normalized sensor size: 1 x 128
CustomSensorArray - Final normalized sensor size: 1 x 128
CustomSensorArray - Final normalized sensor size: 1 x 128
CustomSensorArray - Final normalized sensor size: 1 x 128
CustomSensorArray - Final normalized sensor size: 1 x 128
CustomSensorArray - Final normalized sensor size: 1 x 128
CustomSensorArray - Final normalized sensor size: 1 x 128
CustomSensorArray - Final normalized sensor size: 1 x 128
CustomSensorArray - Final normalized sensor size: 1 x 128
CustomSensorArray - Final normalized sensor size: 1 x 128
CustomSensorArray - Final normalized sensor size: 1 x 128
CustomSensorArray - Final normalized sensor size: 1 x 128
CustomSensorArray - Final normalized sensor size: 1 x 128
CustomSensorArray - Final normalized sensor size: 1 x 128
CustomSensorArray - Final normalized sensor size: 1 x 128
CustomSensorArray - Final normalized sensor size: 1 x 128
CustomSensorArray - Final normalized sensor size: 1 x 128
CustomSensorArray - Final normalized sensor size: 1 x 128
CustomSensorArray - Final normalized sensor size: 1 x 128
CustomSensorArray - Final normalized sensor size: 1 x 128
CustomSensorArray - Final normalized sensor size: 1 x 128
CustomSensorArray - Final normalized sensor size: 1 x 128
CustomSensorArray - Final normalized sensor size: 1 x 128
CustomSensorArray - Final normalized sensor size: 1 x 128
CustomSensorArray - Final normalized sensor size: 1 x 128
CustomSensorArray - Final normalized sensor size: 1 x 128
CustomSensorArray - Final normalized sensor size: 1 x 128
CustomSensorArray - Final normalized sensor size: 1 x 128
CustomSensorArray - Final normalized sensor size: 1 x 128
CustomSensorArray - Final normalized sensor size: 1 x 128
CustomSensorArray - Final normalized sensor size: 1 x 128
CustomSensorArray - Final normalized sensor size: 1 x 128
CustomSensorArray - Final normalized sensor size: 1 x 128
CustomSensorArray - Final normalized sensor size: 1 x 128
CustomSensorArray - Final normalized sensor size: 1 x 128
CustomSensorArray - Final normalized sensor size: 1 x 128
CustomSensorArray - Final normalized sensor size: 1 x 128
CustomSensorArray - Final normalized sensor size: 1 x 128
CustomSensorArray - Final normalized sensor size: 1 x 128
CustomSensorArray - Final normalized sensor size: 1 x 128
CustomSensorArray - Final normalized sensor size: 1 x 128
CustomSensorArray - Final normalized sensor size: 1 x 128
CustomSensorArray - Final normalized sensor size: 1 x 128
CustomSensorArray - Final normalized sensor size: 1 x 128
CustomSensorArray - Final normalized sensor size: 1 x 128
CustomSensorArray - Final normalized sensor size: 1 x 128
CustomSensorArray - Final normalized sensor size: 1 x 128
CustomSensorArray - Final normalized sensor size: 1 x 128
CustomSensorArray - Final normalized sensor size: 1 x 128
CustomSensorArray - Final normalized sensor size: 1 x 128
CustomSensorArray - Final normalized sensor size: 1 x 128
CustomSensorArray - Final normalized sensor size: 1 x 128
CustomSensorArray - Final normalized sensor size: 1 x 128
CustomSensorArray - Final normalized sensor size: 1 x 128
CustomSensorArray - Final normalized sensor size: 1 x 128
CustomSensorArray - Final normalized sensor size: 1 x 128
CustomSensorArray - Final normalized sensor size: 1 x 128
CustomSensorArray - Final normalized sensor size: 1 x 128
CustomSensorArray - Final normalized sensor size: 1 x 128
CustomSensorArray - Final normalized sensor size: 1 x 128
CustomSensorArray - Final normalized sensor size: 1 x 128
CustomSensorArray - Final normalized sensor size: 1 x 128
CustomSensorArray - Final normalized sensor size: 1 x 128
CustomSensorArray - Final normalized sensor size: 1 x 128
CustomSensorArray - Final normalized sensor size: 1 x 128
CustomSensorArray - Final normalized sensor size: 1 x 128
CustomSensorArray - Final normalized sensor size: 1 x 128
CustomSensorArray - Final normalized sensor size: 1 x 128
CustomSensorArray - Final normalized sensor size: 1 x 128
CustomSensorArray - Final normalized sensor size: 1 x 128
CustomSensorArray - Final normalized sensor size: 1 x 128
CustomSensorArray - Final normalized sensor size: 1 x 128
CustomSensorArray - Final normalized sensor size: 1 x 128
CustomSensorArray - Final normalized sensor size: 1 x 128
CustomSensorArray - Final normalized sensor size: 1 x 128
CustomSensorArray - Final normalized sensor size: 1 x 128
CustomSensorArray - Final normalized sensor size: 1 x 128
CustomSensorArray - Final normalized sensor size: 1 x 128
CustomSensorArray - Final normalized sensor size: 1 x 128
CustomSensorArray - Final normalized sensor size: 1 x 128
CustomSensorArray - Final normalized sensor size: 1 x 128
CustomSensorArray - Final normalized sensor size: 1 x 128
CustomSensorArray - Final normalized sensor size: 1 x 128
CustomSensorArray - Final normalized sensor size: 1 x 128
CustomSensorArray - Final normalized sensor size: 1 x 128
CustomSensorArray - Final normalized sensor size: 1 x 128
CustomSensorArray - Final normalized sensor size: 1 x 128
CustomSensorArray - Final normalized sensor size: 1 x 128
CustomSensorArray - Final normalized sensor size: 1 x 128
CustomSensorArray - Final normalized sensor size: 1 x 128
CustomSensorArray - Final normalized sensor size: 1 x 128
CustomSensorArray - Final normalized sensor size: 1 x 128
CustomSensorArray - Final normalized sensor size: 1 x 128
CustomSensorArray - Final normalized sensor size: 1 x 128
CustomSensorArray - Final normalized sensor size: 1 x 128
CustomSensorArray - Final normalized sensor size: 1 x 128
CustomSensorArray - Final normalized sensor size: 1 x 128
CustomSensorArray - Final normalized sensor size: 1 x 128
CustomSensorArray - Final normalized sensor size: 1 x 128
CustomSensorArray - Final normalized sensor size: 1 x 128
CustomSensorArray - Final normalized sensor size: 1 x 128
CustomSensorArray - Final normalized sensor size: 1 x 128
CustomSensorArray - Final normalized sensor size: 1 x 128
CustomSensorArray - Final normalized sensor size: 1 x 128
CustomSensorArray - Final normalized sensor size: 1 x 128
CustomSensorArray - Final normalized sensor size: 1 x 128
CustomSensorArray - Final normalized sensor size: 1 x 128
CustomSensorArray - Final normalized sensor size: 1 x 128
CustomSensorArray - Final normalized sensor size: 1 x 128
CustomSensorArray - Final normalized sensor size: 1 x 128
CustomSensorArray - Final normalized sensor size: 1 x 128
CustomSensorArray - Final normalized sensor size: 1 x 128
CustomSensorArray - Final normalized sensor size: 1 x 128
CustomSensorArray - Final normalized sensor size: 1 x 128
CustomSensorArray - Final normalized sensor size: 1 x 128
CustomSensorArray - Final normalized sensor size: 1 x 128
CustomSensorArray - Final normalized sensor size: 1 x 128
CustomSensorArray - Final normalized sensor size: 1 x 128
CustomSensorArray - Final normalized sensor size: 1 x 128
CustomSensorArray - Final normalized sensor size: 1 x 128
CustomSensorArray - Final normalized sensor size: 1 x 128
CustomSensorArray - Final normalized sensor size: 1 x 128
CustomSensorArray - Final normalized sensor size: 1 x 128
CustomSensorArray - Final normalized sensor size: 1 x 128
CustomSensorArray - Final normalized sensor size: 1 x 128
CustomSensorArray - Final normalized sensor size: 1 x 128
CustomSensorArray - Final normalized sensor size: 1 x 128
CustomSensorArray - Final normalized sensor size: 1 x 128
CustomSensorArray - Final normalized sensor size: 1 x 128
CustomSensorArray - Final normalized sensor size: 1 x 128
CustomSensorArray - Final normalized sensor size: 1 x 128
CustomSensorArray - Final normalized sensor size: 1 x 128
CustomSensorArray - Final normalized sensor size: 1 x 128
CustomSensorArray - Final normalized sensor size: 1 x 128
CustomSensorArray - Final normalized sensor size: 1 x 128
CustomSensorArray - Final normalized sensor size: 1 x 128
CustomSensorArray - Final normalized sensor size: 1 x 128
CustomSensorArray - Final normalized sensor size: 1 x 128
CustomSensorArray - Final normalized sensor size: 1 x 128
CustomSensorArray - Final normalized sensor size: 1 x 128
CustomSensorArray - Final normalized sensor size: 1 x 128
CustomSensorArray - Final normalized sensor size: 1 x 128
CustomSensorArray - Final normalized sensor size: 1 x 128
CustomSensorArray - Final normalized sensor size: 1 x 128
CustomSensorArray - Final normalized sensor size: 1 x 128
CustomSensorArray - Final normalized sensor size: 1 x 128
CustomSensorArray - Final normalized sensor size: 1 x 128
CustomSensorArray - Final normalized sensor size: 1 x 128
CustomSensorArray - Final normalized sensor size: 1 x 128
CustomSensorArray - Final normalized sensor size: 1 x 128
CustomSensorArray - Final normalized sensor size: 1 x 128
CustomSensorArray - Final normalized sensor size: 1 x 128
CustomSensorArray - Final normalized sensor size: 1 x 128
CustomSensorArray - Final normalized sensor size: 1 x 128
CustomSensorArray - Final normalized sensor size: 1 x 128
CustomSensorArray - Final normalized sensor size: 1 x 128
CustomSensorArray - Final normalized sensor size: 1 x 128
CustomSensorArray - Final normalized sensor size: 1 x 128
CustomSensorArray - Final normalized sensor size: 1 x 128
CustomSensorArray - Final normalized sensor size: 1 x 128
CustomSensorArray - Final normalized sensor size: 1 x 128
CustomSensorArray - Final normalized sensor size: 1 x 128
CustomSensorArray - Final normalized sensor size: 1 x 128
CustomSensorArray - Final normalized sensor size: 1 x 128
CustomSensorArray - Final normalized sensor size: 1 x 128
CustomSensorArray - Final normalized sensor size: 1 x 128
CustomSensorArray - Final normalized sensor size: 1 x 128
CustomSensorArray - Final normalized sensor size: 1 x 128
CustomSensorArray - Final normalized sensor size: 1 x 128
CustomSensorArray - Final normalized sensor size: 1 x 128
CustomSensorArray - Final normalized sensor size: 1 x 128
CustomSensorArray - Final normalized sensor size: 1 x 128
CustomSensorArray - Final normalized sensor size: 1 x 128
CustomSensorArray - Final normalized sensor size: 1 x 128
CustomSensorArray - Final normalized sensor size: 1 x 128
CustomSensorArray - Final normalized sensor size: 1 x 128
CustomSensorArray - Final normalized sensor size: 1 x 128
CustomSensorArray - Final normalized sensor size: 1 x 128
CustomSensorArray - Final normalized sensor size: 1 x 128
CustomSensorArray - Final normalized sensor size: 1 x 128
CustomSensorArray - Final normalized sensor size: 1 x 128
CustomSensorArray - Final normalized sensor size: 1 x 128
CustomSensorArray - Final normalized sensor size: 1 x 128
CustomSensorArray - Final normalized sensor size: 1 x 128
CustomSensorArray - Final normalized sensor size: 1 x 128
CustomSensorArray - Final normalized sensor size: 1 x 128
CustomSensorArray - Final normalized sensor size: 1 x 128
CustomSensorArray - Final normalized sensor size: 1 x 128
CustomSensorArray - Final normalized sensor size: 1 x 128
CustomSensorArray - Final normalized sensor size: 1 x 128
CustomSensorArray - Final normalized sensor size: 1 x 128
CustomSensorArray - Final normalized sensor size: 1 x 128
CustomSensorArray - Final normalized sensor size: 1 x 128
CustomSensorArray - Final normalized sensor size: 1 x 128
CustomSensorArray - Final normalized sensor size: 1 x 128
CustomSensorArray - Final normalized sensor size: 1 x 128
CustomSensorArray - Final normalized sensor size: 1 x 128
CustomSensorArray - Final normalized sensor size: 1 x 128
CustomSensorArray - Final normalized sensor size: 1 x 128
CustomSensorArray - Final normalized sensor size: 1 x 128
CustomSensorArray - Final normalized sensor size: 1 x 128
CustomSensorArray - Final normalized sensor size: 1 x 128
CustomSensorArray - Final normalized sensor size: 1 x 128
CustomSensorArray - Final normalized sensor size: 1 x 128
CustomSensorArray - Final normalized sensor size: 1 x 128
CustomSensorArray - Final normalized sensor size: 1 x 128
CustomSensorArray - Final normalized sensor size: 1 x 128
CustomSensorArray - Final normalized sensor size: 1 x 128
CustomSensorArray - Final normalized sensor size: 1 x 128
CustomSensorArray - Final normalized sensor size: 1 x 128
CustomSensorArray - Final normalized sensor size: 1 x 128
CustomSensorArray - Final normalized sensor size: 1 x 128
CustomSensorArray - Final normalized sensor size: 1 x 128
CustomSensorArray - Final normalized sensor size: 1 x 128
CustomSensorArray - Final normalized sensor size: 1 x 128
CustomSensorArray - Final normalized sensor size: 1 x 128
CustomSensorArray - Final normalized sensor size: 1 x 128
CustomSensorArray - Final normalized sensor size: 1 x 128
CustomSensorArray - Final normalized sensor size: 1 x 128
CustomSensorArray - Final normalized sensor size: 1 x 128
CustomSensorArray - Final normalized sensor size: 1 x 128
CustomSensorArray - Final normalized sensor size: 1 x 128
CustomSensorArray - Final normalized sensor size: 1 x 128
CustomSensorArray - Final normalized sensor size: 1 x 128
CustomSensorArray - Final normalized sensor size: 1 x 128
CustomSensorArray - Final normalized sensor size: 1 x 128
CustomSensorArray - Final normalized sensor size: 1 x 128
CustomSensorArray - Final normalized sensor size: 1 x 128
CustomSensorArray - Final normalized sensor size: 1 x 128
CustomSensorArray - Final normalized sensor size: 1 x 128
CustomSensorArray - Final normalized sensor size: 1 x 128
CustomSensorArray - Final normalized sensor size: 1 x 128
CustomSensorArray - Final normalized sensor size: 1 x 128
CustomSensorArray - Final normalized sensor size: 1 x 128
CustomSensorArray - Final normalized sensor size: 1 x 128
CustomSensorArray - Final normalized sensor size: 1 x 128
CustomSensorArray - Final normalized sensor size: 1 x 128
CustomSensorArray - Final normalized sensor size: 1 x 128
CustomSensorArray - Final normalized sensor size: 1 x 128
CustomSensorArray - Final normalized sensor size: 1 x 128
CustomSensorArray - Final normalized sensor size: 1 x 128
CustomSensorArray - Final normalized sensor size: 1 x 128
CustomSensorArray - Final normalized sensor size: 1 x 128
CustomSensorArray - Final normalized sensor size: 1 x 128
CustomSensorArray - Final normalized sensor size: 1 x 128
CustomSensorArray - Final normalized sensor size: 1 x 128
CustomSensorArray - Final normalized sensor size: 1 x 128
CustomSensorArray - Final normalized sensor size: 1 x 128
CustomSensorArray - Final normalized sensor size: 1 x 128
CustomSensorArray - Final normalized sensor size: 1 x 128
CustomSensorArray - Final normalized sensor size: 1 x 128
CustomSensorArray - Final normalized sensor size: 1 x 128
CustomSensorArray - Final normalized sensor size: 1 x 128
CustomSensorArray - Final normalized sensor size: 1 x 128
CustomSensorArray - Final normalized sensor size: 1 x 128
CustomSensorArray - Final normalized sensor size: 1 x 128
CustomSensorArray - Final normalized sensor size: 1 x 128
CustomSensorArray - Final normalized sensor size: 1 x 128
CustomSensorArray - Final normalized sensor size: 1 x 128
CustomSensorArray - Final normalized sensor size: 1 x 128
CustomSensorArray - Final normalized sensor size: 1 x 128
CustomSensorArray - Final normalized sensor size: 1 x 128
CustomSensorArray - Final normalized sensor size: 1 x 128
CustomSensorArray - Final normalized sensor size: 1 x 128
CustomSensorArray - Final normalized sensor size: 1 x 128
CustomSensorArray - Final normalized sensor size: 1 x 128
CustomSensorArray - Final normalized sensor size: 1 x 128
CustomSensorArray - Final normalized sensor size: 1 x 128
CustomSensorArray - Final normalized sensor size: 1 x 128
CustomSensorArray - Final normalized sensor size: 1 x 128
CustomSensorArray - Final normalized sensor size: 1 x 128
CustomSensorArray - Final normalized sensor size: 1 x 128
CustomSensorArray - Final normalized sensor size: 1 x 128
CustomSensorArray - Final normalized sensor size: 1 x 128
CustomSensorArray - Final normalized sensor size: 1 x 128
CustomSensorArray - Final normalized sensor size: 1 x 128
CustomSensorArray - Final normalized sensor size: 1 x 128
CustomSensorArray - Final normalized sensor size: 1 x 128
CustomSensorArray - Final normalized sensor size: 1 x 128
CustomSensorArray - Final normalized sensor size: 1 x 128
CustomSensorArray - Final normalized sensor size: 1 x 128
CustomSensorArray - Final normalized sensor size: 1 x 128
CustomSensorArray - Final normalized sensor size: 1 x 128
CustomSensorArray - Final normalized sensor size: 1 x 128
CustomSensorArray - Final normalized sensor size: 1 x 128
CustomSensorArray - Final normalized sensor size: 1 x 128
CustomSensorArray - Final normalized sensor size: 1 x 128
CustomSensorArray - Final normalized sensor size: 1 x 128
CustomSensorArray - Final normalized sensor size: 1 x 128
CustomSensorArray - Final normalized sensor size: 1 x 128
CustomSensorArray - Final normalized sensor size: 1 x 128
CustomSensorArray - Final normalized sensor size: 1 x 128
CustomSensorArray - Final normalized sensor size: 1 x 128
CustomSensorArray - Final normalized sensor size: 1 x 128
CustomSensorArray - Final normalized sensor size: 1 x 128
CustomSensorArray - Final normalized sensor size: 1 x 128
CustomSensorArray - Final normalized sensor size: 1 x 128
CustomSensorArray - Final normalized sensor size: 1 x 128
CustomSensorArray - Final normalized sensor size: 1 x 128
CustomSensorArray - Final normalized sensor size: 1 x 128
CustomSensorArray - Final normalized sensor size: 1 x 128
CustomSensorArray - Final normalized sensor size: 1 x 128
CustomSensorArray - Final normalized sensor size: 1 x 128
CustomSensorArray - Final normalized sensor size: 1 x 128
CustomSensorArray - Final normalized sensor size: 1 x 128
CustomSensorArray - Final normalized sensor size: 1 x 128
CustomSensorArray - Final normalized sensor size: 1 x 128
CustomSensorArray - Final normalized sensor size: 1 x 128
CustomSensorArray - Final normalized sensor size: 1 x 128
CustomSensorArray - Final normalized sensor size: 1 x 128
CustomSensorArray - Final normalized sensor size: 1 x 128
CustomSensorArray - Final normalized sensor size: 1 x 128
CustomSensorArray - Final normalized sensor size: 1 x 128
CustomSensorArray - Final normalized sensor size: 1 x 128
CustomSensorArray - Final normalized sensor size: 1 x 128
CustomSensorArray - Final normalized sensor size: 1 x 128
CustomSensorArray - Final normalized sensor size: 1 x 128
CustomSensorArray - Final normalized sensor size: 1 x 128
CustomSensorArray - Final normalized sensor size: 1 x 128
CustomSensorArray - Final normalized sensor size: 1 x 128
CustomSensorArray - Final normalized sensor size: 1 x 128
CustomSensorArray - Final normalized sensor size: 1 x 128
CustomSensorArray - Final normalized sensor size: 1 x 128
CustomSensorArray - Final normalized sensor size: 1 x 128
CustomSensorArray - Final normalized sensor size: 1 x 128
CustomSensorArray - Final normalized sensor size: 1 x 128
CustomSensorArray - Final normalized sensor size: 1 x 128
CustomSensorArray - Final normalized sensor size: 1 x 128
CustomSensorArray - Final normalized sensor size: 1 x 128
CustomSensorArray - Final normalized sensor size: 1 x 128
CustomSensorArray - Final normalized sensor size: 1 x 128
CustomSensorArray - Final normalized sensor size: 1 x 128
CustomSensorArray - Final normalized sensor size: 1 x 128
CustomSensorArray - Final normalized sensor size: 1 x 128
CustomSensorArray - Final normalized sensor size: 1 x 128
CustomSensorArray - Final normalized sensor size: 1 x 128
CustomSensorArray - Final normalized sensor size: 1 x 128
CustomSensorArray - Final normalized sensor size: 1 x 128
CustomSensorArray - Final normalized sensor size: 1 x 128
CustomSensorArray - Final normalized sensor size: 1 x 128
CustomSensorArray - Final normalized sensor size: 1 x 128
CustomSensorArray - Final normalized sensor size: 1 x 128
CustomSensorArray - Final normalized sensor size: 1 x 128
CustomSensorArray - Final normalized sensor size: 1 x 128
CustomSensorArray - Final normalized sensor size: 1 x 128
CustomSensorArray - Final normalized sensor size: 1 x 128
CustomSensorArray - Final normalized sensor size: 1 x 128
CustomSensorArray - Final normalized sensor size: 1 x 128
CustomSensorArray - Final normalized sensor size: 1 x 128
CustomSensorArray - Final normalized sensor size: 1 x 128
CustomSensorArray - Final normalized sensor size: 1 x 128
CustomSensorArray - Final normalized sensor size: 1 x 128
CustomSensorArray - Final normalized sensor size: 1 x 128
CustomSensorArray - Final normalized sensor size: 1 x 128
CustomSensorArray - Final normalized sensor size: 1 x 128
CustomSensorArray - Final normalized sensor size: 1 x 128
CustomSensorArray - Final normalized sensor size: 1 x 128
CustomSensorArray - Final normalized sensor size: 1 x 128
CustomSensorArray - Final normalized sensor size: 1 x 128
CustomSensorArray - Final normalized sensor size: 1 x 128
CustomSensorArray - Final normalized sensor size: 1 x 128
CustomSensorArray - Final normalized sensor size: 1 x 128
CustomSensorArray - Final normalized sensor size: 1 x 128
CustomSensorArray - Final normalized sensor size: 1 x 128
CustomSensorArray - Final normalized sensor size: 1 x 128
CustomSensorArray - Final normalized sensor size: 1 x 128
CustomSensorArray - Final normalized sensor size: 1 x 128
CustomSensorArray - Final normalized sensor size: 1 x 128
CustomSensorArray - Final normalized sensor size: 1 x 128
CustomSensorArray - Final normalized sensor size: 1 x 128
CustomSensorArray - Final normalized sensor size: 1 x 128
CustomSensorArray - Final normalized sensor size: 1 x 128
CustomSensorArray - Final normalized sensor size: 1 x 128
CustomSensorArray - Final normalized sensor size: 1 x 128
CustomSensorArray - Final normalized sensor size: 1 x 128
CustomSensorArray - Final normalized sensor size: 1 x 128
CustomSensorArray - Final normalized sensor size: 1 x 128
CustomSensorArray - Final normalized sensor size: 1 x 128
CustomSensorArray - Final normalized sensor size: 1 x 128
CustomSensorArray - Final normalized sensor size: 1 x 128
CustomSensorArray - Final normalized sensor size: 1 x 128
CustomSensorArray - Final normalized sensor size: 1 x 128
CustomSensorArray - Final normalized sensor size: 1 x 128
CustomSensorArray - Final normalized sensor size: 1 x 128
CustomSensorArray - Final normalized sensor size: 1 x 128
CustomSensorArray - Final normalized sensor size: 1 x 128
CustomSensorArray - Final normalized sensor size: 1 x 128
CustomSensorArray - Final normalized sensor size: 1 x 128
CustomSensorArray - Final normalized sensor size: 1 x 128
CustomSensorArray - Final normalized sensor size: 1 x 128
CustomSensorArray - Final normalized sensor size: 1 x 128
CustomSensorArray - Final normalized sensor size: 1 x 128
CustomSensorArray - Final normalized sensor size: 1 x 128
CustomSensorArray - Final normalized sensor size: 1 x 128
CustomSensorArray - Final normalized sensor size: 1 x 128
CustomSensorArray - Final normalized sensor size: 1 x 128
CustomSensorArray - Final normalized sensor size: 1 x 128
CustomSensorArray - Final normalized sensor size: 1 x 128
CustomSensorArray - Final normalized sensor size: 1 x 128
CustomSensorArray - Final normalized sensor size: 1 x 128
CustomSensorArray - Final normalized sensor size: 1 x 128
CustomSensorArray - Final normalized sensor size: 1 x 128
CustomSensorArray - Final normalized sensor size: 1 x 128
CustomSensorArray - Final normalized sensor size: 1 x 128
CustomSensorArray - Final normalized sensor size: 1 x 128
CustomSensorArray - Final normalized sensor size: 1 x 128
CustomSensorArray - Final normalized sensor size: 1 x 128
CustomSensorArray - Final normalized sensor size: 1 x 128
CustomSensorArray - Final normalized sensor size: 1 x 128
CustomSensorArray - Final normalized sensor size: 1 x 128
CustomSensorArray - Final normalized sensor size: 1 x 128
CustomSensorArray - Final normalized sensor size: 1 x 128
CustomSensorArray - Final normalized sensor size: 1 x 128
CustomSensorArray - Final normalized sensor size: 1 x 128
CustomSensorArray - Final normalized sensor size: 1 x 128
CustomSensorArray - Final normalized sensor size: 1 x 128
CustomSensorArray - Final normalized sensor size: 1 x 128
CustomSensorArray - Final normalized sensor size: 1 x 128
CustomSensorArray - Final normalized sensor size: 1 x 128
CustomSensorArray - Final normalized sensor size: 1 x 128
CustomSensorArray - Final normalized sensor size: 1 x 128
CustomSensorArray - Final normalized sensor size: 1 x 128
CustomSensorArray - Final normalized sensor size: 1 x 128
CustomSensorArray - Final normalized sensor size: 1 x 128
CustomSensorArray - Final normalized sensor size: 1 x 128
CustomSensorArray - Final normalized sensor size: 1 x 128
CustomSensorArray - Final normalized sensor size: 1 x 128
CustomSensorArray - Final normalized sensor size: 1 x 128
CustomSensorArray - Final normalized sensor size: 1 x 128
CustomSensorArray - Final normalized sensor size: 1 x 128
CustomSensorArray - Final normalized sensor size: 1 x 128
CustomSensorArray - Final normalized sensor size: 1 x 128
CustomSensorArray - Final normalized sensor size: 1 x 128
CustomSensorArray - Final normalized sensor size: 1 x 128
CustomSensorArray - Final normalized sensor size: 1 x 128
CustomSensorArray - Final normalized sensor size: 1 x 128
CustomSensorArray - Final normalized sensor size: 1 x 128
CustomSensorArray - Final normalized sensor size: 1 x 128
CustomSensorArray - Final normalized sensor size: 1 x 128
CustomSensorArray - Final normalized sensor size: 1 x 128
CustomSensorArray - Final normalized sensor size: 1 x 128
CustomSensorArray - Final normalized sensor size: 1 x 128
Choosing next Pokemon to switch in...
Choosing next Pokemon to switch in...
Choosing next Pokemon to switch in...
Choosing next Pokemon to switch in...
Choosing next Pokemon to switch in...
Choosing next Pokemon to switch in...
Choosing next Pokemon to switch in...
Choosing next Pokemon to switch in...
Choosing next Pokemon to switch in...
Choosing next Pokemon to switch in...
Choosing next Pokemon to switch in...
Choosing next Pokemon to switch in...
Choosing next Pokemon to switch in...
Choosing next Pokemon to switch in...
Choosing next Pokemon to switch in...
Choosing next Pokemon to switch in...
Choosing next Pokemon to switch in...
Choosing next Pokemon to switch in...
Choosing next Pokemon to switch in...
Choosing next Pokemon to switch in...
Choosing next Pokemon to switch in...
Choosing next Pokemon to switch in...
Choosing next Pokemon to switch in...
Choosing next Pokemon to switch in...
Choosing next Pokemon to switch in...
Choosing next Pokemon to switch in...
Choosing next Pokemon to switch in...
Choosing next Pokemon to switch in...
Choosing next Pokemon to switch in...
Choosing next Pokemon to switch in...
Choosing next Pokemon to switch in...
Choosing next Pokemon to switch in...
Choosing next Pokemon to switch in...
Choosing next Pokemon to switch in...
Choosing next Pokemon to switch in...
Choosing next Pokemon to switch in...
Choosing next Pokemon to switch in...
Choosing next Pokemon to switch in...
Choosing next Pokemon to switch in...
Choosing next Pokemon to switch in...
Choosing next Pokemon to switch in...
Choosing next Pokemon to switch in...
Choosing next Pokemon to switch in...
Choosing next Pokemon to switch in...
Choosing next Pokemon to switch in...
Choosing next Pokemon to switch in...
Choosing next Pokemon to switch in...
Choosing next Pokemon to switch in...
Choosing next Pokemon to switch in...
Choosing next Pokemon to switch in...
Choosing next Pokemon to switch in...
Choosing next Pokemon to switch in...
Choosing next Pokemon to switch in...
Choosing next Pokemon to switch in...
Choosing next Pokemon to switch in...
Choosing next Pokemon to switch in...
Choosing next Pokemon to switch in...
Choosing next Pokemon to switch in...
Choosing next Pokemon to switch in...
Choosing next Pokemon to switch in...
Choosing next Pokemon to switch in...
Choosing next Pokemon to switch in...
Choosing next Pokemon to switch in...
Choosing next Pokemon to switch in...
Choosing next Pokemon to switch in...
Choosing next Pokemon to switch in...
Choosing next Pokemon to switch in...
Choosing next Pokemon to switch in...
Choosing next Pokemon to switch in...
Choosing next Pokemon to switch in...
Choosing next Pokemon to switch in...
Choosing next Pokemon to switch in...
Choosing next Pokemon to switch in...
Choosing next Pokemon to switch in...
Choosing next Pokemon to switch in...
Choosing next Pokemon to switch in...
Choosing next Pokemon to switch in...
Choosing next Pokemon to switch in...
Choosing next Pokemon to switch in...
Choosing next Pokemon to switch in...
Choosing next Pokemon to switch in...
Choosing next Pokemon to switch in...
Choosing next Pokemon to switch in...
Choosing next Pokemon to switch in...
Choosing next Pokemon to switch in...
Choosing next Pokemon to switch in...
Choosing next Pokemon to switch in...
Choosing next Pokemon to switch in...
Choosing next Pokemon to switch in...
Choosing next Pokemon to switch in...
Choosing next Pokemon to switch in...
Choosing next Pokemon to switch in...
Choosing next Pokemon to switch in...
Choosing next Pokemon to switch in...
Choosing next Pokemon to switch in...
Choosing next Pokemon to switch in...
Choosing next Pokemon to switch in...
Choosing next Pokemon to switch in...
Choosing next Pokemon to switch in...
Choosing next Pokemon to switch in...
Choosing next Pokemon to switch in...
Choosing next Pokemon to switch in...
Choosing next Pokemon to switch in...
Choosing next Pokemon to switch in...
Choosing next Pokemon to switch in...
Choosing next Pokemon to switch in...
Choosing next Pokemon to switch in...
Choosing next Pokemon to switch in...
Choosing next Pokemon to switch in...
Choosing next Pokemon to switch in...
Choosing next Pokemon to switch in...
Choosing next Pokemon to switch in...
Choosing next Pokemon to switch in...
Choosing next Pokemon to switch in...
Choosing next Pokemon to switch in...
Choosing next Pokemon to switch in...
Choosing next Pokemon to switch in...
Choosing next Pokemon to switch in...
Choosing next Pokemon to switch in...
Choosing next Pokemon to switch in...
Choosing next Pokemon to switch in...
Choosing next Pokemon to switch in...
Choosing next Pokemon to switch in...
Choosing next Pokemon to switch in...
Choosing next Pokemon to switch in...
Choosing next Pokemon to switch in...
Choosing next Pokemon to switch in...
Choosing next Pokemon to switch in...
Choosing next Pokemon to switch in...
Choosing next Pokemon to switch in...
Choosing next Pokemon to switch in...
Choosing next Pokemon to switch in...
Choosing next Pokemon to switch in...
Choosing next Pokemon to switch in...
Choosing next Pokemon to switch in...
Choosing next Pokemon to switch in...
Choosing next Pokemon to switch in...
Choosing next Pokemon to switch in...
Choosing next Pokemon to switch in...
Choosing next Pokemon to switch in...
Choosing next Pokemon to switch in...
Choosing next Pokemon to switch in...
Choosing next Pokemon to switch in...
Choosing next Pokemon to switch in...
Choosing next Pokemon to switch in...
Choosing next Pokemon to switch in...
Choosing next Pokemon to switch in...
Choosing next Pokemon to switch in...
Choosing next Pokemon to switch in...
Choosing next Pokemon to switch in...
Choosing next Pokemon to switch in...
Choosing next Pokemon to switch in...
Choosing next Pokemon to switch in...
Choosing next Pokemon to switch in...
Choosing next Pokemon to switch in...
Choosing next Pokemon to switch in...
Choosing next Pokemon to switch in...
Choosing next Pokemon to switch in...
Choosing next Pokemon to switch in...
Choosing next Pokemon to switch in...
Choosing next Pokemon to switch in...
Choosing next Pokemon to switch in...
Choosing next Pokemon to switch in...
Choosing next Pokemon to switch in...
Choosing next Pokemon to switch in...
Choosing next Pokemon to switch in...
Choosing next Pokemon to switch in...
Choosing next Pokemon to switch in...
Choosing next Pokemon to switch in...
Choosing next Pokemon to switch in...
Choosing next Pokemon to switch in...
Choosing next Pokemon to switch in...
Choosing next Pokemon to switch in...
Choosing next Pokemon to switch in...
Choosing next Pokemon to switch in...
Choosing next Pokemon to switch in...
Choosing next Pokemon to switch in...
Choosing next Pokemon to switch in...
Choosing next Pokemon to switch in...
Choosing next Pokemon to switch in...
Choosing next Pokemon to switch in...
Choosing next Pokemon to switch in...
Choosing next Pokemon to switch in...
Choosing next Pokemon to switch in...
Choosing next Pokemon to switch in...
Choosing next Pokemon to switch in...
Choosing next Pokemon to switch in...
Choosing next Pokemon to switch in...
Choosing next Pokemon to switch in...
Choosing next Pokemon to switch in...
Choosing next Pokemon to switch in...
Choosing next Pokemon to switch in...
Choosing next Pokemon to switch in...
Choosing next Pokemon to switch in...
Choosing next Pokemon to switch in...
Choosing next Pokemon to switch in...
Choosing next Pokemon to switch in...
Choosing next Pokemon to switch in...
Choosing next Pokemon to switch in...
Choosing next Pokemon to switch in...
Choosing next Pokemon to switch in...
Choosing next Pokemon to switch in...
Choosing next Pokemon to switch in...
Choosing next Pokemon to switch in...
Choosing next Pokemon to switch in...
Choosing next Pokemon to switch in...
Choosing next Pokemon to switch in...
Choosing next Pokemon to switch in...
Choosing next Pokemon to switch in...
Choosing next Pokemon to switch in...
Choosing next Pokemon to switch in...
Choosing next Pokemon to switch in...
Choosing next Pokemon to switch in...
Choosing next Pokemon to switch in...
Choosing next Pokemon to switch in...
Choosing next Pokemon to switch in...
Choosing next Pokemon to switch in...
Choosing next Pokemon to switch in...
Choosing next Pokemon to switch in...
Choosing next Pokemon to switch in...
Choosing next Pokemon to switch in...
Choosing next Pokemon to switch in...
Choosing next Pokemon to switch in...
Choosing next Pokemon to switch in...
Choosing next Pokemon to switch in...
Choosing next Pokemon to switch in...
Choosing next Pokemon to switch in...
Choosing next Pokemon to switch in...
Choosing next Pokemon to switch in...
Choosing next Pokemon to switch in...
Choosing next Pokemon to switch in...
Choosing next Pokemon to switch in...
Choosing next Pokemon to switch in...
Choosing next Pokemon to switch in...
Choosing next Pokemon to switch in...
Choosing next Pokemon to switch in...
Choosing next Pokemon to switch in...
Choosing next Pokemon to switch in...
Choosing next Pokemon to switch in...
Choosing next Pokemon to switch in...
Choosing next Pokemon to switch in...
Choosing next Pokemon to switch in...
Choosing next Pokemon to switch in...
Choosing next Pokemon to switch in...
Choosing next Pokemon to switch in...
Choosing next Pokemon to switch in...
Choosing next Pokemon to switch in...
Choosing next Pokemon to switch in...
Choosing next Pokemon to switch in...
Choosing next Pokemon to switch in...
Choosing next Pokemon to switch in...
Choosing next Pokemon to switch in...
Choosing next Pokemon to switch in...
Choosing next Pokemon to switch in...
Choosing next Pokemon to switch in...
Choosing next Pokemon to switch in...
Choosing next Pokemon to switch in...
Choosing next Pokemon to switch in...
Choosing next Pokemon to switch in...
Choosing next Pokemon to switch in...
Choosing next Pokemon to switch in...
Choosing next Pokemon to switch in...
Choosing next Pokemon to switch in...
Choosing next Pokemon to switch in...
Choosing next Pokemon to switch in...
Choosing next Pokemon to switch in...
Choosing next Pokemon to switch in...
Choosing next Pokemon to switch in...
Choosing next Pokemon to switch in...
Choosing next Pokemon to switch in...
Choosing next Pokemon to switch in...
Choosing next Pokemon to switch in...
Choosing next Pokemon to switch in...
Choosing next Pokemon to switch in...
Choosing next Pokemon to switch in...
Choosing next Pokemon to switch in...
Choosing next Pokemon to switch in...
Choosing next Pokemon to switch in...
Choosing next Pokemon to switch in...
Choosing next Pokemon to switch in...
Choosing next Pokemon to switch in...
Choosing next Pokemon to switch in...
Choosing next Pokemon to switch in...
Choosing next Pokemon to switch in...
Choosing next Pokemon to switch in...
Choosing next Pokemon to switch in...
Choosing next Pokemon to switch in...
Choosing next Pokemon to switch in...
Choosing next Pokemon to switch in...
Choosing next Pokemon to switch in...
Choosing next Pokemon to switch in...
Choosing next Pokemon to switch in...
Choosing next Pokemon to switch in...
Choosing next Pokemon to switch in...
Choosing next Pokemon to switch in...
Choosing next Pokemon to switch in...
Choosing next Pokemon to switch in...
Choosing next Pokemon to switch in...
Choosing next Pokemon to switch in...
Choosing next Pokemon to switch in...
Choosing next Pokemon to switch in...
Choosing next Pokemon to switch in...
Choosing next Pokemon to switch in...
Choosing next Pokemon to switch in...
Choosing next Pokemon to switch in...
Choosing next Pokemon to switch in...
Choosing next Pokemon to switch in...
Choosing next Pokemon to switch in...
Choosing next Pokemon to switch in...
Choosing next Pokemon to switch in...
Choosing next Pokemon to switch in...
Choosing next Pokemon to switch in...
Choosing next Pokemon to switch in...
Choosing next Pokemon to switch in...
Choosing next Pokemon to switch in...
Choosing next Pokemon to switch in...
Choosing next Pokemon to switch in...
Choosing next Pokemon to switch in...
Choosing next Pokemon to switch in...
Choosing next Pokemon to switch in...
Choosing next Pokemon to switch in...
Choosing next Pokemon to switch in...
Choosing next Pokemon to switch in...
Choosing next Pokemon to switch in...
Choosing next Pokemon to switch in...
Choosing next Pokemon to switch in...
Choosing next Pokemon to switch in...
Choosing next Pokemon to switch in...
Choosing next Pokemon to switch in...
Choosing next Pokemon to switch in...
Choosing next Pokemon to switch in...
Choosing next Pokemon to switch in...
Choosing next Pokemon to switch in...
Choosing next Pokemon to switch in...
Choosing next Pokemon to switch in...
Choosing next Pokemon to switch in...
Choosing next Pokemon to switch in...
Choosing next Pokemon to switch in...
Choosing next Pokemon to switch in...
Choosing next Pokemon to switch in...
Choosing next Pokemon to switch in...
Choosing next Pokemon to switch in...
Choosing next Pokemon to switch in...
Choosing next Pokemon to switch in...
Choosing next Pokemon to switch in...
Choosing next Pokemon to switch in...
Choosing next Pokemon to switch in...
Choosing next Pokemon to switch in...
Choosing next Pokemon to switch in...
Choosing next Pokemon to switch in...
Choosing next Pokemon to switch in...
Choosing next Pokemon to switch in...
Choosing next Pokemon to switch in...
Choosing next Pokemon to switch in...
Choosing next Pokemon to switch in...
Choosing next Pokemon to switch in...
Choosing next Pokemon to switch in...
Choosing next Pokemon to switch in...
Choosing next Pokemon to switch in...
Choosing next Pokemon to switch in...
Choosing next Pokemon to switch in...
Choosing next Pokemon to switch in...
Choosing next Pokemon to switch in...
Choosing next Pokemon to switch in...
Choosing next Pokemon to switch in...
Choosing next Pokemon to switch in...
Choosing next Pokemon to switch in...
Choosing next Pokemon to switch in...
Choosing next Pokemon to switch in...
Choosing next Pokemon to switch in...
Choosing next Pokemon to switch in...
Choosing next Pokemon to switch in...
Choosing next Pokemon to switch in...
Choosing next Pokemon to switch in...
Choosing next Pokemon to switch in...
Choosing next Pokemon to switch in...
Choosing next Pokemon to switch in...
Choosing next Pokemon to switch in...
Choosing next Pokemon to switch in...
Choosing next Pokemon to switch in...
Choosing next Pokemon to switch in...
Choosing next Pokemon to switch in...
Choosing next Pokemon to switch in...
Choosing next Pokemon to switch in...
Choosing next Pokemon to switch in...
Choosing next Pokemon to switch in...
Choosing next Pokemon to switch in...
Choosing next Pokemon to switch in...
Choosing next Pokemon to switch in...
Choosing next Pokemon to switch in...
Choosing next Pokemon to switch in...
Choosing next Pokemon to switch in...
Choosing next Pokemon to switch in...
Choosing next Pokemon to switch in...
Choosing next Pokemon to switch in...
Choosing next Pokemon to switch in...
Choosing next Pokemon to switch in...
Choosing next Pokemon to switch in...
Choosing next Pokemon to switch in...
Choosing next Pokemon to switch in...
Choosing next Pokemon to switch in...
Choosing next Pokemon to switch in...
Choosing next Pokemon to switch in...
Choosing next Pokemon to switch in...
Choosing next Pokemon to switch in...
Choosing next Pokemon to switch in...
Choosing next Pokemon to switch in...
Choosing next Pokemon to switch in...
Choosing next Pokemon to switch in...
Choosing next Pokemon to switch in...
Choosing next Pokemon to switch in...
Choosing next Pokemon to switch in...
Choosing next Pokemon to switch in...
Choosing next Pokemon to switch in...
Choosing next Pokemon to switch in...
Choosing next Pokemon to switch in...
Choosing next Pokemon to switch in...
Choosing next Pokemon to switch in...
Choosing next Pokemon to switch in...
Choosing next Pokemon to switch in...
Choosing next Pokemon to switch in...
Choosing next Pokemon to switch in...
Choosing next Pokemon to switch in...
Choosing next Pokemon to switch in...
Choosing next Pokemon to switch in...
Choosing next Pokemon to switch in...
Choosing next Pokemon to switch in...
Choosing next Pokemon to switch in...
Choosing next Pokemon to switch in...
Choosing next Pokemon to switch in...
Choosing next Pokemon to switch in...
Choosing next Pokemon to switch in...
Choosing next Pokemon to switch in...
Choosing next Pokemon to switch in...
Choosing next Pokemon to switch in...
Choosing next Pokemon to switch in...
Choosing next Pokemon to switch in...
Choosing next Pokemon to switch in...
Choosing next Pokemon to switch in...
Choosing next Pokemon to switch in...
Choosing next Pokemon to switch in...
Choosing next Pokemon to switch in...
Choosing next Pokemon to switch in...
Choosing next Pokemon to switch in...
Choosing next Pokemon to switch in...
Choosing next Pokemon to switch in...
Choosing next Pokemon to switch in...
Choosing next Pokemon to switch in...
Choosing next Pokemon to switch in...
Choosing next Pokemon to switch in...
Choosing next Pokemon to switch in...
Choosing next Pokemon to switch in...
Choosing next Pokemon to switch in...
Choosing next Pokemon to switch in...
Choosing next Pokemon to switch in...
Choosing next Pokemon to switch in...
Choosing next Pokemon to switch in...
Choosing next Pokemon to switch in...
Choosing next Pokemon to switch in...
Choosing next Pokemon to switch in...
Choosing next Pokemon to switch in...
Choosing next Pokemon to switch in...
Choosing next Pokemon to switch in...
Choosing next Pokemon to switch in...
Choosing next Pokemon to switch in...
Choosing next Pokemon to switch in...
Choosing next Pokemon to switch in...
Choosing next Pokemon to switch in...
Choosing next Pokemon to switch in...
Choosing next Pokemon to switch in...
Choosing next Pokemon to switch in...
Choosing next Pokemon to switch in...
Choosing next Pokemon to switch in...
Choosing next Pokemon to switch in...
Choosing next Pokemon to switch in...
Choosing next Pokemon to switch in...
Choosing next Pokemon to switch in...
Choosing next Pokemon to switch in...
Choosing next Pokemon to switch in...
Choosing next Pokemon to switch in...
Choosing next Pokemon to switch in...
Choosing next Pokemon to switch in...
Choosing next Pokemon to switch in...
Choosing next Pokemon to switch in...
Choosing next Pokemon to switch in...
Choosing next Pokemon to switch in...
Choosing next Pokemon to switch in...
Choosing next Pokemon to switch in...
Choosing next Pokemon to switch in...
Choosing next Pokemon to switch in...
Choosing next Pokemon to switch in...
Choosing next Pokemon to switch in...
Choosing next Pokemon to switch in...
Choosing next Pokemon to switch in...
Choosing next Pokemon to switch in...
Choosing next Pokemon to switch in...
Choosing next Pokemon to switch in...
Choosing next Pokemon to switch in...
Choosing next Pokemon to switch in...
Choosing next Pokemon to switch in...
Choosing next Pokemon to switch in...
Choosing next Pokemon to switch in...
Choosing next Pokemon to switch in...
Choosing next Pokemon to switch in...
Choosing next Pokemon to switch in...
Choosing next Pokemon to switch in...
Choosing next Pokemon to switch in...
Choosing next Pokemon to switch in...
Choosing next Pokemon to switch in...
Choosing next Pokemon to switch in...
Choosing next Pokemon to switch in...
Choosing next Pokemon to switch in...
Choosing next Pokemon to switch in...
Choosing next Pokemon to switch in...
Choosing next Pokemon to switch in...
Choosing next Pokemon to switch in...
Choosing next Pokemon to switch in...
Choosing next Pokemon to switch in...
Choosing next Pokemon to switch in...
Choosing next Pokemon to switch in...
Choosing next Pokemon to switch in...
Choosing next Pokemon to switch in...
Choosing next Pokemon to switch in...
Choosing next Pokemon to switch in...
Choosing next Pokemon to switch in...
Choosing next Pokemon to switch in...
Choosing next Pokemon to switch in...
Choosing next Pokemon to switch in...
Choosing next Pokemon to switch in...
Choosing next Pokemon to switch in...
Choosing next Pokemon to switch in...
Choosing next Pokemon to switch in...
Choosing next Pokemon to switch in...
Choosing next Pokemon to switch in...
Choosing next Pokemon to switch in...
Choosing next Pokemon to switch in...
Choosing next Pokemon to switch in...
Choosing next Pokemon to switch in...
Choosing next Pokemon to switch in...
Choosing next Pokemon to switch in...
Choosing next Pokemon to switch in...
Choosing next Pokemon to switch in...
Choosing next Pokemon to switch in...
Choosing next Pokemon to switch in...
Choosing next Pokemon to switch in...
Choosing next Pokemon to switch in...
Choosing next Pokemon to switch in...
Choosing next Pokemon to switch in...
Choosing next Pokemon to switch in...
Choosing next Pokemon to switch in...
Choosing next Pokemon to switch in...
Choosing next Pokemon to switch in...
Choosing next Pokemon to switch in...
Choosing next Pokemon to switch in...
Choosing next Pokemon to switch in...
Choosing next Pokemon to switch in...
Choosing next Pokemon to switch in...
Choosing next Pokemon to switch in...
Choosing next Pokemon to switch in...
Choosing next Pokemon to switch in...
Choosing next Pokemon to switch in...
Choosing next Pokemon to switch in...
Choosing next Pokemon to switch in...
Choosing next Pokemon to switch in...
Choosing next Pokemon to switch in...
Choosing next Pokemon to switch in...
Choosing next Pokemon to switch in...
Choosing next Pokemon to switch in...
Choosing next Pokemon to switch in...
Choosing next Pokemon to switch in...
Choosing next Pokemon to switch in...
Choosing next Pokemon to switch in...
Choosing next Pokemon to switch in...
Choosing next Pokemon to switch in...
Choosing next Pokemon to switch in...
Choosing next Pokemon to switch in...
Choosing next Pokemon to switch in...
Choosing next Pokemon to switch in...
Choosing next Pokemon to switch in...
Choosing next Pokemon to switch in...
Choosing next Pokemon to switch in...
Choosing next Pokemon to switch in...
Choosing next Pokemon to switch in...
Choosing next Pokemon to switch in...
Choosing next Pokemon to switch in...
Choosing next Pokemon to switch in...
Choosing next Pokemon to switch in...
Choosing next Pokemon to switch in...
Choosing next Pokemon to switch in...
Choosing next Pokemon to switch in...
Choosing next Pokemon to switch in...
Choosing next Pokemon to switch in...
Choosing next Pokemon to switch in...
Choosing next Pokemon to switch in...
Choosing next Pokemon to switch in...
Choosing next Pokemon to switch in...
Choosing next Pokemon to switch in...
Choosing next Pokemon to switch in...
Choosing next Pokemon to switch in...
Choosing next Pokemon to switch in...
Choosing next Pokemon to switch in...
Choosing next Pokemon to switch in...
Choosing next Pokemon to switch in...
Choosing next Pokemon to switch in...
Choosing next Pokemon to switch in...
Choosing next Pokemon to switch in...
Choosing next Pokemon to switch in...
Choosing next Pokemon to switch in...
Choosing next Pokemon to switch in...
Choosing next Pokemon to switch in...
Choosing next Pokemon to switch in...
Choosing next Pokemon to switch in...
Choosing next Pokemon to switch in...
Choosing next Pokemon to switch in...
Choosing next Pokemon to switch in...
Choosing next Pokemon to switch in...
Choosing next Pokemon to switch in...
Choosing next Pokemon to switch in...
Choosing next Pokemon to switch in...
Choosing next Pokemon to switch in...
Choosing next Pokemon to switch in...
Choosing next Pokemon to switch in...
Choosing next Pokemon to switch in...
Choosing next Pokemon to switch in...
Choosing next Pokemon to switch in...
Choosing next Pokemon to switch in...
Choosing next Pokemon to switch in...
Choosing next Pokemon to switch in...
Choosing next Pokemon to switch in...
Choosing next Pokemon to switch in...
Choosing next Pokemon to switch in...
Choosing next Pokemon to switch in...
Choosing next Pokemon to switch in...
Choosing next Pokemon to switch in...
Choosing next Pokemon to switch in...
Choosing next Pokemon to switch in...
Choosing next Pokemon to switch in...
Choosing next Pokemon to switch in...
Choosing next Pokemon to switch in...
Choosing next Pokemon to switch in...
Choosing next Pokemon to switch in...
Choosing next Pokemon to switch in...
Choosing next Pokemon to switch in...
Choosing next Pokemon to switch in...
Choosing next Pokemon to switch in...
Choosing next Pokemon to switch in...
Choosing next Pokemon to switch in...
Choosing next Pokemon to switch in...
Choosing next Pokemon to switch in...
Choosing next Pokemon to switch in...
Choosing next Pokemon to switch in...
Choosing next Pokemon to switch in...
Choosing next Pokemon to switch in...
Choosing next Pokemon to switch in...
Choosing next Pokemon to switch in...
Choosing next Pokemon to switch in...
Choosing next Pokemon to switch in...
Choosing next Pokemon to switch in...
Choosing next Pokemon to switch in...
Choosing next Pokemon to switch in...
Choosing next Pokemon to switch in...
Choosing next Pokemon to switch in...
Choosing next Pokemon to switch in...
Choosing next Pokemon to switch in...
Choosing next Pokemon to switch in...
Choosing next Pokemon to switch in...
Choosing next Pokemon to switch in...
Choosing next Pokemon to switch in...
Choosing next Pokemon to switch in...
Choosing next Pokemon to switch in...
Choosing next Pokemon to switch in...
Choosing next Pokemon to switch in...
Choosing next Pokemon to switch in...
Choosing next Pokemon to switch in...
Choosing next Pokemon to switch in...
Choosing next Pokemon to switch in...
Choosing next Pokemon to switch in...
Choosing next Pokemon to switch in...
Choosing next Pokemon to switch in...
Choosing next Pokemon to switch in...
Choosing next Pokemon to switch in...
Choosing next Pokemon to switch in...
Choosing next Pokemon to switch in...
Choosing next Pokemon to switch in...
Choosing next Pokemon to switch in...
Choosing next Pokemon to switch in...
Choosing next Pokemon to switch in...
Choosing next Pokemon to switch in...
Choosing next Pokemon to switch in...
Choosing next Pokemon to switch in...
Choosing next Pokemon to switch in...
Choosing next Pokemon to switch in...
Choosing next Pokemon to switch in...
Choosing next Pokemon to switch in...
Choosing next Pokemon to switch in...
Choosing next Pokemon to switch in...
Choosing next Pokemon to switch in...
Choosing next Pokemon to switch in...
Choosing next Pokemon to switch in...
Choosing next Pokemon to switch in...
Choosing next Pokemon to switch in...
Choosing next Pokemon to switch in...
Choosing next Pokemon to switch in...
Choosing next Pokemon to switch in...
Choosing next Pokemon to switch in...
Choosing next Pokemon to switch in...
Choosing next Pokemon to switch in...
Choosing next Pokemon to switch in...
Choosing next Pokemon to switch in...
Choosing next Pokemon to switch in...
Choosing next Pokemon to switch in...
Choosing next Pokemon to switch in...
Choosing next Pokemon to switch in...
Choosing next Pokemon to switch in...
Choosing next Pokemon to switch in...
Choosing next Pokemon to switch in...
Choosing next Pokemon to switch in...
Choosing next Pokemon to switch in...
Choosing next Pokemon to switch in...
Choosing next Pokemon to switch in...
Choosing next Pokemon to switch in...
Choosing next Pokemon to switch in...
Choosing next Pokemon to switch in...
Choosing next Pokemon to switch in...
Choosing next Pokemon to switch in...
Choosing next Pokemon to switch in...
Choosing next Pokemon to switch in...
Choosing next Pokemon to switch in...
Choosing next Pokemon to switch in...
Choosing next Pokemon to switch in...
Choosing next Pokemon to switch in...
Choosing next Pokemon to switch in...
Choosing next Pokemon to switch in...
Choosing next Pokemon to switch in...
Choosing next Pokemon to switch in...
Choosing next Pokemon to switch in...
Choosing next Pokemon to switch in...
Choosing next Pokemon to switch in...
Choosing next Pokemon to switch in...
Choosing next Pokemon to switch in...
Choosing next Pokemon to switch in...
Choosing next Pokemon to switch in...
Choosing next Pokemon to switch in...
Choosing next Pokemon to switch in...
Choosing next Pokemon to switch in...
Choosing next Pokemon to switch in...
Choosing next Pokemon to switch in...
Choosing next Pokemon to switch in...
Choosing next Pokemon to switch in...
Choosing next Pokemon to switch in...
Choosing next Pokemon to switch in...
Choosing next Pokemon to switch in...
Choosing next Pokemon to switch in...
Choosing next Pokemon to switch in...
Choosing next Pokemon to switch in...
Choosing next Pokemon to switch in...
Choosing next Pokemon to switch in...
Choosing next Pokemon to switch in...
Choosing next Pokemon to switch in...
Choosing next Pokemon to switch in...
Choosing next Pokemon to switch in...
Choosing next Pokemon to switch in...
Choosing next Pokemon to switch in...
Choosing next Pokemon to switch in...
Choosing next Pokemon to switch in...
Choosing next Pokemon to switch in...
Choosing next Pokemon to switch in...
Choosing next Pokemon to switch in...
Choosing next Pokemon to switch in...
Choosing next Pokemon to switch in...
Choosing next Pokemon to switch in...
Choosing next Pokemon to switch in...
Choosing next Pokemon to switch in...
Choosing next Pokemon to switch in...
Choosing next Pokemon to switch in...
Choosing next Pokemon to switch in...
Choosing next Pokemon to switch in...
Choosing next Pokemon to switch in...
Choosing next Pokemon to switch in...
Choosing next Pokemon to switch in...
Choosing next Pokemon to switch in...
Choosing next Pokemon to switch in...
Choosing next Pokemon to switch in...
Choosing next Pokemon to switch in...
Choosing next Pokemon to switch in...
Choosing next Pokemon to switch in...
Choosing next Pokemon to switch in...
Choosing next Pokemon to switch in...
Choosing next Pokemon to switch in...
Choosing next Pokemon to switch in...
Choosing next Pokemon to switch in...
Choosing next Pokemon to switch in...
Choosing next Pokemon to switch in...
Choosing next Pokemon to switch in...
Choosing next Pokemon to switch in...
Choosing next Pokemon to switch in...
Choosing next Pokemon to switch in...
Choosing next Pokemon to switch in...
Choosing next Pokemon to switch in...
Choosing next Pokemon to switch in...
Choosing next Pokemon to switch in...
Choosing next Pokemon to switch in...
Choosing next Pokemon to switch in...
Choosing next Pokemon to switch in...
Choosing next Pokemon to switch in...
Choosing next Pokemon to switch in...
Choosing next Pokemon to switch in...
Choosing next Pokemon to switch in...
Choosing next Pokemon to switch in...
Choosing next Pokemon to switch in...
Choosing next Pokemon to switch in...
Choosing next Pokemon to switch in...
Choosing next Pokemon to switch in...
Choosing next Pokemon to switch in...
Choosing next Pokemon to switch in...
Choosing next Pokemon to switch in...
Choosing next Pokemon to switch in...
Choosing next Pokemon to switch in...
Choosing next Pokemon to switch in...
Choosing next Pokemon to switch in...
Choosing next Pokemon to switch in...
Choosing next Pokemon to switch in...
Choosing next Pokemon to switch in...
Choosing next Pokemon to switch in...
Choosing next Pokemon to switch in...
Choosing next Pokemon to switch in...
Choosing next Pokemon to switch in...
Choosing next Pokemon to switch in...
Choosing next Pokemon to switch in...
Choosing next Pokemon to switch in...
Choosing next Pokemon to switch in...
Choosing next Pokemon to switch in...
Choosing next Pokemon to switch in...
Choosing next Pokemon to switch in...
Choosing next Pokemon to switch in...
Choosing next Pokemon to switch in...
Choosing next Pokemon to switch in...
Choosing next Pokemon to switch in...
Choosing next Pokemon to switch in...
Choosing next Pokemon to switch in...
Choosing next Pokemon to switch in...
Choosing next Pokemon to switch in...
Choosing next Pokemon to switch in...
Choosing next Pokemon to switch in...
Choosing next Pokemon to switch in...
Choosing next Pokemon to switch in...
Choosing next Pokemon to switch in...
Choosing next Pokemon to switch in...
Choosing next Pokemon to switch in...
Choosing next Pokemon to switch in...
Choosing next Pokemon to switch in...
Choosing next Pokemon to switch in...
Choosing next Pokemon to switch in...
Choosing next Pokemon to switch in...
Choosing next Pokemon to switch in...
Choosing next Pokemon to switch in...
Choosing next Pokemon to switch in...
Choosing next Pokemon to switch in...
Choosing next Pokemon to switch in...
Choosing next Pokemon to switch in...
Choosing next Pokemon to switch in...
Choosing next Pokemon to switch in...
Choosing next Pokemon to switch in...
Choosing next Pokemon to switch in...
Choosing next Pokemon to switch in...
Choosing next Pokemon to switch in...
Choosing next Pokemon to switch in...
Choosing next Pokemon to switch in...
Choosing next Pokemon to switch in...
Choosing next Pokemon to switch in...
Choosing next Pokemon to switch in...
Choosing next Pokemon to switch in...
Choosing next Pokemon to switch in...
Choosing next Pokemon to switch in...
Choosing next Pokemon to switch in...
Choosing next Pokemon to switch in...
Choosing next Pokemon to switch in...
Choosing next Pokemon to switch in...
Choosing next Pokemon to switch in...
Choosing next Pokemon to switch in...
Choosing next Pokemon to switch in...
Choosing next Pokemon to switch in...
Choosing next Pokemon to switch in...
Choosing next Pokemon to switch in...
Choosing next Pokemon to switch in...
Choosing next Pokemon to switch in...
Choosing next Pokemon to switch in...
Choosing next Pokemon to switch in...
Choosing next Pokemon to switch in...
Choosing next Pokemon to switch in...
Choosing next Pokemon to switch in...
Choosing next Pokemon to switch in...
Choosing next Pokemon to switch in...
Choosing next Pokemon to switch in...
Choosing next Pokemon to switch in...
Choosing next Pokemon to switch in...
Choosing next Pokemon to switch in...
Choosing next Pokemon to switch in...
Choosing next Pokemon to switch in...
Choosing next Pokemon to switch in...
Choosing next Pokemon to switch in...
Choosing next Pokemon to switch in...
Choosing next Pokemon to switch in...
Choosing next Pokemon to switch in...
Choosing next Pokemon to switch in...
Choosing next Pokemon to switch in...
Choosing next Pokemon to switch in...
Choosing next Pokemon to switch in...
Choosing next Pokemon to switch in...
Choosing next Pokemon to switch in...
Choosing next Pokemon to switch in...
Choosing next Pokemon to switch in...
Choosing next Pokemon to switch in...
Choosing next Pokemon to switch in...
Choosing next Pokemon to switch in...
Choosing next Pokemon to switch in...
Choosing next Pokemon to switch in...
Choosing next Pokemon to switch in...
Choosing next Pokemon to switch in...
Choosing next Pokemon to switch in...
Choosing next Pokemon to switch in...
Choosing next Pokemon to switch in...
Choosing next Pokemon to switch in...
Choosing next Pokemon to switch in...
Choosing next Pokemon to switch in...
Choosing next Pokemon to switch in...
Choosing next Pokemon to switch in...
Choosing next Pokemon to switch in...
Choosing next Pokemon to switch in...
Choosing next Pokemon to switch in...
Choosing next Pokemon to switch in...
Choosing next Pokemon to switch in...
Choosing next Pokemon to switch in...
Choosing next Pokemon to switch in...
Choosing next Pokemon to switch in...
Choosing next Pokemon to switch in...
Choosing next Pokemon to switch in...
Choosing next Pokemon to switch in...
Choosing next Pokemon to switch in...
Choosing next Pokemon to switch in...
Choosing next Pokemon to switch in...
Choosing next Pokemon to switch in...
Choosing next Pokemon to switch in...
Choosing next Pokemon to switch in...
Choosing next Pokemon to switch in...
Choosing next Pokemon to switch in...
Choosing next Pokemon to switch in...
Choosing next Pokemon to switch in...
Choosing next Pokemon to switch in...
Choosing next Pokemon to switch in...
Choosing next Pokemon to switch in...
Choosing next Pokemon to switch in...
Choosing next Pokemon to switch in...
Choosing next Pokemon to switch in...
Choosing next Pokemon to switch in...
Choosing next Pokemon to switch in...
Choosing next Pokemon to switch in...
Choosing next Pokemon to switch in...
Choosing next Pokemon to switch in...
Choosing next Pokemon to switch in...
Choosing next Pokemon to switch in...
Choosing next Pokemon to switch in...
Choosing next Pokemon to switch in...
Choosing next Pokemon to switch in...
Choosing next Pokemon to switch in...
Choosing next Pokemon to switch in...
Choosing next Pokemon to switch in...
Choosing next Pokemon to switch in...
Choosing next Pokemon to switch in...
Choosing next Pokemon to switch in...
Choosing next Pokemon to switch in...
Choosing next Pokemon to switch in...
Choosing next Pokemon to switch in...
Choosing next Pokemon to switch in...
Choosing next Pokemon to switch in...
Choosing next Pokemon to switch in...
Choosing next Pokemon to switch in...
Choosing next Pokemon to switch in...
Choosing next Pokemon to switch in...
Choosing next Pokemon to switch in...
Choosing next Pokemon to switch in...
Choosing next Pokemon to switch in...
Choosing next Pokemon to switch in...
Choosing next Pokemon to switch in...
Choosing next Pokemon to switch in...
Choosing next Pokemon to switch in...
Choosing next Pokemon to switch in...
Choosing next Pokemon to switch in...
Choosing next Pokemon to switch in...
Choosing next Pokemon to switch in...
Choosing next Pokemon to switch in...
Choosing next Pokemon to switch in...
Choosing next Pokemon to switch in...
Choosing next Pokemon to switch in...
Choosing next Pokemon to switch in...
Choosing next Pokemon to switch in...
Choosing next Pokemon to switch in...
Choosing next Pokemon to switch in...
Choosing next Pokemon to switch in...
Choosing next Pokemon to switch in...
Choosing next Pokemon to switch in...
Choosing next Pokemon to switch in...
Choosing next Pokemon to switch in...
Choosing next Pokemon to switch in...
Choosing next Pokemon to switch in...
Choosing next Pokemon to switch in...
Choosing next Pokemon to switch in...
Choosing next Pokemon to switch in...
Choosing next Pokemon to switch in...
Choosing next Pokemon to switch in...
Choosing next Pokemon to switch in...
Choosing next Pokemon to switch in...
Choosing next Pokemon to switch in...
Choosing next Pokemon to switch in...
Choosing next Pokemon to switch in...
Choosing next Pokemon to switch in...
Choosing next Pokemon to switch in...
Choosing next Pokemon to switch in...
Choosing next Pokemon to switch in...
Choosing next Pokemon to switch in...
Choosing next Pokemon to switch in...
Choosing next Pokemon to switch in...
Choosing next Pokemon to switch in...
Choosing next Pokemon to switch in...
Choosing next Pokemon to switch in...
Choosing next Pokemon to switch in...
Choosing next Pokemon to switch in...
Choosing next Pokemon to switch in...
Choosing next Pokemon to switch in...
Choosing next Pokemon to switch in...
Choosing next Pokemon to switch in...
Choosing next Pokemon to switch in...
Choosing next Pokemon to switch in...
Choosing next Pokemon to switch in...
Choosing next Pokemon to switch in...
Choosing next Pokemon to switch in...
Choosing next Pokemon to switch in...
Choosing next Pokemon to switch in...
Choosing next Pokemon to switch in...
Choosing next Pokemon to switch in...
Choosing next Pokemon to switch in...
Choosing next Pokemon to switch in...
Choosing next Pokemon to switch in...
Choosing next Pokemon to switch in...
Choosing next Pokemon to switch in...
Choosing next Pokemon to switch in...
Choosing next Pokemon to switch in...
Choosing next Pokemon to switch in...
Choosing next Pokemon to switch in...
Choosing next Pokemon to switch in...
Choosing next Pokemon to switch in...
Choosing next Pokemon to switch in...
Choosing next Pokemon to switch in...
Choosing next Pokemon to switch in...
Choosing next Pokemon to switch in...
Choosing next Pokemon to switch in...
Choosing next Pokemon to switch in...
Choosing next Pokemon to switch in...
Choosing next Pokemon to switch in...
Choosing next Pokemon to switch in...
Choosing next Pokemon to switch in...
Choosing next Pokemon to switch in...
Choosing next Pokemon to switch in...
Choosing next Pokemon to switch in...
Choosing next Pokemon to switch in...
Choosing next Pokemon to switch in...
Choosing next Pokemon to switch in...
Choosing next Pokemon to switch in...
Choosing next Pokemon to switch in...
Choosing next Pokemon to switch in...
Choosing next Pokemon to switch in...
Choosing next Pokemon to switch in...
Choosing next Pokemon to switch in...
Choosing next Pokemon to switch in...
Choosing next Pokemon to switch in...
Choosing next Pokemon to switch in...
Choosing next Pokemon to switch in...
Choosing next Pokemon to switch in...
Choosing next Pokemon to switch in...
Choosing next Pokemon to switch in...
Choosing next Pokemon to switch in...
Choosing next Pokemon to switch in...
Choosing next Pokemon to switch in...
Choosing next Pokemon to switch in...
Choosing next Pokemon to switch in...
Choosing next Pokemon to switch in...
Choosing next Pokemon to switch in...
Choosing next Pokemon to switch in...
Choosing next Pokemon to switch in...
Choosing next Pokemon to switch in...
Choosing next Pokemon to switch in...
Choosing next Pokemon to switch in...
Choosing next Pokemon to switch in...
Choosing next Pokemon to switch in...
Choosing next Pokemon to switch in...
Choosing next Pokemon to switch in...
Choosing next Pokemon to switch in...
Choosing next Pokemon to switch in...
Choosing next Pokemon to switch in...
Choosing next Pokemon to switch in...
Choosing next Pokemon to switch in...
Choosing next Pokemon to switch in...
Choosing next Pokemon to switch in...
Choosing next Pokemon to switch in...
Choosing next Pokemon to switch in...
Choosing next Pokemon to switch in...
Choosing next Pokemon to switch in...
Choosing next Pokemon to switch in...
Choosing next Pokemon to switch in...
Choosing next Pokemon to switch in...
Choosing next Pokemon to switch in...
Choosing next Pokemon to switch in...
Choosing next Pokemon to switch in...
Choosing next Pokemon to switch in...
Choosing next Pokemon to switch in...
Choosing next Pokemon to switch in...
Choosing next Pokemon to switch in...
Choosing next Pokemon to switch in...
Choosing next Pokemon to switch in...
Choosing next Pokemon to switch in...
Choosing next Pokemon to switch in...
Choosing next Pokemon to switch in...
Choosing next Pokemon to switch in...
Choosing next Pokemon to switch in...
Choosing next Pokemon to switch in...
Choosing next Pokemon to switch in...
Choosing next Pokemon to switch in...
Choosing next Pokemon to switch in...
Choosing next Pokemon to switch in...
Choosing next Pokemon to switch in...
Choosing next Pokemon to switch in...
Choosing next Pokemon to switch in...
Choosing next Pokemon to switch in...
Choosing next Pokemon to switch in...
Choosing next Pokemon to switch in...
Choosing next Pokemon to switch in...
Choosing next Pokemon to switch in...
Choosing next Pokemon to switch in...
Choosing next Pokemon to switch in...
Choosing next Pokemon to switch in...
Choosing next Pokemon to switch in...
Choosing next Pokemon to switch in...
Choosing next Pokemon to switch in...
Choosing next Pokemon to switch in...
Choosing next Pokemon to switch in...
Choosing next Pokemon to switch in...
Choosing next Pokemon to switch in...
Choosing next Pokemon to switch in...
Choosing next Pokemon to switch in...
Choosing next Pokemon to switch in...
Choosing next Pokemon to switch in...
Choosing next Pokemon to switch in...
Choosing next Pokemon to switch in...
Choosing next Pokemon to switch in...
Choosing next Pokemon to switch in...
Choosing next Pokemon to switch in...
Choosing next Pokemon to switch in...
Choosing next Pokemon to switch in...
Choosing next Pokemon to switch in...
Choosing next Pokemon to switch in...
Choosing next Pokemon to switch in...
Choosing next Pokemon to switch in...
Choosing next Pokemon to switch in...
Choosing next Pokemon to switch in...
Choosing next Pokemon to switch in...
Choosing next Pokemon to switch in...
Choosing next Pokemon to switch in...
Choosing next Pokemon to switch in...
Choosing next Pokemon to switch in...
Choosing next Pokemon to switch in...
Choosing next Pokemon to switch in...
Choosing next Pokemon to switch in...
Choosing next Pokemon to switch in...
Choosing next Pokemon to switch in...
Choosing next Pokemon to switch in...
Choosing next Pokemon to switch in...
Choosing next Pokemon to switch in...
Choosing next Pokemon to switch in...
Choosing next Pokemon to switch in...
Choosing next Pokemon to switch in...
Choosing next Pokemon to switch in...
Choosing next Pokemon to switch in...
Choosing next Pokemon to switch in...
Choosing next Pokemon to switch in...
Choosing next Pokemon to switch in...
Choosing next Pokemon to switch in...
Choosing next Pokemon to switch in...
Choosing next Pokemon to switch in...
Choosing next Pokemon to switch in...
Choosing next Pokemon to switch in...
Choosing next Pokemon to switch in...
Choosing next Pokemon to switch in...
Choosing next Pokemon to switch in...
Choosing next Pokemon to switch in...
Choosing next Pokemon to switch in...
Choosing next Pokemon to switch in...
Choosing next Pokemon to switch in...
Choosing next Pokemon to switch in...
Choosing next Pokemon to switch in...
Choosing next Pokemon to switch in...
Choosing next Pokemon to switch in...
Choosing next Pokemon to switch in...
Choosing next Pokemon to switch in...
Choosing next Pokemon to switch in...
Choosing next Pokemon to switch in...
Choosing next Pokemon to switch in...
Choosing next Pokemon to switch in...
Choosing next Pokemon to switch in...
Choosing next Pokemon to switch in...
Choosing next Pokemon to switch in...
Choosing next Pokemon to switch in...
Choosing next Pokemon to switch in...
Choosing next Pokemon to switch in...
Choosing next Pokemon to switch in...
Choosing next Pokemon to switch in...
Choosing next Pokemon to switch in...
Choosing next Pokemon to switch in...
Choosing next Pokemon to switch in...
Choosing next Pokemon to switch in...
Choosing next Pokemon to switch in...
Choosing next Pokemon to switch in...
Choosing next Pokemon to switch in...
Choosing next Pokemon to switch in...
Choosing next Pokemon to switch in...
Choosing next Pokemon to switch in...
Choosing next Pokemon to switch in...
Choosing next Pokemon to switch in...
Choosing next Pokemon to switch in...
Choosing next Pokemon to switch in...
Choosing next Pokemon to switch in...
Choosing next Pokemon to switch in...
Choosing next Pokemon to switch in...
Choosing next Pokemon to switch in...
Choosing next Pokemon to switch in...
Choosing next Pokemon to switch in...
Choosing next Pokemon to switch in...
Choosing next Pokemon to switch in...
Choosing next Pokemon to switch in...
Choosing next Pokemon to switch in...
Choosing next Pokemon to switch in...
Choosing next Pokemon to switch in...
Choosing next Pokemon to switch in...
Choosing next Pokemon to switch in...
Choosing next Pokemon to switch in...
Choosing next Pokemon to switch in...
Choosing next Pokemon to switch in...
Choosing next Pokemon to switch in...
Choosing next Pokemon to switch in...
Choosing next Pokemon to switch in...
Choosing next Pokemon to switch in...
Choosing next Pokemon to switch in...
Choosing next Pokemon to switch in...
Choosing next Pokemon to switch in...
Choosing next Pokemon to switch in...
Choosing next Pokemon to switch in...
Choosing next Pokemon to switch in...
Choosing next Pokemon to switch in...
Choosing next Pokemon to switch in...
Choosing next Pokemon to switch in...
Choosing next Pokemon to switch in...
Choosing next Pokemon to switch in...
Choosing next Pokemon to switch in...
Choosing next Pokemon to switch in...
Choosing next Pokemon to switch in...
Choosing next Pokemon to switch in...
Choosing next Pokemon to switch in...
Choosing next Pokemon to switch in...
Choosing next Pokemon to switch in...
Choosing next Pokemon to switch in...
Choosing next Pokemon to switch in...
Choosing next Pokemon to switch in...
Choosing next Pokemon to switch in...
Choosing next Pokemon to switch in...
Choosing next Pokemon to switch in...
Choosing next Pokemon to switch in...
Choosing next Pokemon to switch in...
Choosing next Pokemon to switch in...
Choosing next Pokemon to switch in...
Choosing next Pokemon to switch in...
Choosing next Pokemon to switch in...
Choosing next Pokemon to switch in...
Choosing next Pokemon to switch in...
Choosing next Pokemon to switch in...
Choosing next Pokemon to switch in...
Choosing next Pokemon to switch in...
Choosing next Pokemon to switch in...
Choosing next Pokemon to switch in...
Choosing next Pokemon to switch in...
Choosing next Pokemon to switch in...
Choosing next Pokemon to switch in...
Choosing next Pokemon to switch in...
Choosing next Pokemon to switch in...
Choosing next Pokemon to switch in...
Choosing next Pokemon to switch in...
Choosing next Pokemon to switch in...
Choosing next Pokemon to switch in...
Choosing next Pokemon to switch in...
Choosing next Pokemon to switch in...
Choosing next Pokemon to switch in...
Choosing next Pokemon to switch in...
Choosing next Pokemon to switch in...
Choosing next Pokemon to switch in...
Choosing next Pokemon to switch in...
Choosing next Pokemon to switch in...
Choosing next Pokemon to switch in...
Choosing next Pokemon to switch in...
Choosing next Pokemon to switch in...
Choosing next Pokemon to switch in...
Choosing next Pokemon to switch in...
Choosing next Pokemon to switch in...
Choosing next Pokemon to switch in...
Choosing next Pokemon to switch in...
Choosing next Pokemon to switch in...
Choosing next Pokemon to switch in...
Choosing next Pokemon to switch in...
Choosing next Pokemon to switch in...
Choosing next Pokemon to switch in...
Choosing next Pokemon to switch in...
Choosing next Pokemon to switch in...
Choosing next Pokemon to switch in...
Choosing next Pokemon to switch in...
Choosing next Pokemon to switch in...
Choosing next Pokemon to switch in...
Choosing next Pokemon to switch in...
Choosing next Pokemon to switch in...
Choosing next Pokemon to switch in...
Choosing next Pokemon to switch in...
Choosing next Pokemon to switch in...
Choosing next Pokemon to switch in...
Choosing next Pokemon to switch in...
Choosing next Pokemon to switch in...
Choosing next Pokemon to switch in...
Choosing next Pokemon to switch in...
Choosing next Pokemon to switch in...
Choosing next Pokemon to switch in...
Choosing next Pokemon to switch in...
Choosing next Pokemon to switch in...
Choosing next Pokemon to switch in...
Choosing next Pokemon to switch in...
Choosing next Pokemon to switch in...
Choosing next Pokemon to switch in...
Choosing next Pokemon to switch in...
Choosing next Pokemon to switch in...
Choosing next Pokemon to switch in...
Choosing next Pokemon to switch in...
Choosing next Pokemon to switch in...
Choosing next Pokemon to switch in...
Choosing next Pokemon to switch in...
Choosing next Pokemon to switch in...
Choosing next Pokemon to switch in...
Choosing next Pokemon to switch in...
Choosing next Pokemon to switch in...
Choosing next Pokemon to switch in...
Choosing next Pokemon to switch in...
Choosing next Pokemon to switch in...
Choosing next Pokemon to switch in...
Choosing next Pokemon to switch in...
Choosing next Pokemon to switch in...
Choosing next Pokemon to switch in...
Choosing next Pokemon to switch in...
Choosing next Pokemon to switch in...
Choosing next Pokemon to switch in...
Choosing next Pokemon to switch in...
Choosing next Pokemon to switch in...
Choosing next Pokemon to switch in...
Choosing next Pokemon to switch in...
Choosing next Pokemon to switch in...
Choosing next Pokemon to switch in...
Choosing next Pokemon to switch in...
Choosing next Pokemon to switch in...
Choosing next Pokemon to switch in...
Choosing next Pokemon to switch in...
Choosing next Pokemon to switch in...
Choosing next Pokemon to switch in...
Choosing next Pokemon to switch in...
Choosing next Pokemon to switch in...
Choosing next Pokemon to switch in...
Choosing next Pokemon to switch in...
Choosing next Pokemon to switch in...
Choosing next Pokemon to switch in...
Choosing next Pokemon to switch in...
Choosing next Pokemon to switch in...
Choosing next Pokemon to switch in...
Choosing next Pokemon to switch in...
Choosing next Pokemon to switch in...
Choosing next Pokemon to switch in...
Choosing next Pokemon to switch in...
Choosing next Pokemon to switch in...
Choosing next Pokemon to switch in...
Choosing next Pokemon to switch in...
Choosing next Pokemon to switch in...
Choosing next Pokemon to switch in...
Choosing next Pokemon to switch in...
Choosing next Pokemon to switch in...
Choosing next Pokemon to switch in...
Choosing next Pokemon to switch in...
Choosing next Pokemon to switch in...
Choosing next Pokemon to switch in...
Choosing next Pokemon to switch in...
Choosing next Pokemon to switch in...
Choosing next Pokemon to switch in...
Choosing next Pokemon to switch in...
Choosing next Pokemon to switch in...
Choosing next Pokemon to switch in...
Choosing next Pokemon to switch in...
Choosing next Pokemon to switch in...
Choosing next Pokemon to switch in...
Choosing next Pokemon to switch in...
Choosing next Pokemon to switch in...
Choosing next Pokemon to switch in...
Choosing next Pokemon to switch in...
Choosing next Pokemon to switch in...
Choosing next Pokemon to switch in...
Choosing next Pokemon to switch in...
Choosing next Pokemon to switch in...
Choosing next Pokemon to switch in...
Choosing next Pokemon to switch in...
Choosing next Pokemon to switch in...
Choosing next Pokemon to switch in...
Choosing next Pokemon to switch in...
Choosing next Pokemon to switch in...
Choosing next Pokemon to switch in...
Choosing next Pokemon to switch in...
Choosing next Pokemon to switch in...
Choosing next Pokemon to switch in...
Choosing next Pokemon to switch in...
Choosing next Pokemon to switch in...
Choosing next Pokemon to switch in...
Choosing next Pokemon to switch in...
Choosing next Pokemon to switch in...
Choosing next Pokemon to switch in...
Choosing next Pokemon to switch in...
Choosing next Pokemon to switch in...
Choosing next Pokemon to switch in...
Choosing next Pokemon to switch in...
Choosing next Pokemon to switch in...
Choosing next Pokemon to switch in...
Choosing next Pokemon to switch in...
Choosing next Pokemon to switch in...
Choosing next Pokemon to switch in...
Choosing next Pokemon to switch in...
Choosing next Pokemon to switch in...
Choosing next Pokemon to switch in...
Choosing next Pokemon to switch in...
Choosing next Pokemon to switch in...
Choosing next Pokemon to switch in...
Choosing next Pokemon to switch in...
Choosing next Pokemon to switch in...
Choosing next Pokemon to switch in...
Choosing next Pokemon to switch in...
Choosing next Pokemon to switch in...
Choosing next Pokemon to switch in...
Choosing next Pokemon to switch in...
Choosing next Pokemon to switch in...
Choosing next Pokemon to switch in...
Choosing next Pokemon to switch in...
Choosing next Pokemon to switch in...
Choosing next Pokemon to switch in...
Choosing next Pokemon to switch in...
Choosing next Pokemon to switch in...
Choosing next Pokemon to switch in...
Choosing next Pokemon to switch in...
Choosing next Pokemon to switch in...
Choosing next Pokemon to switch in...
Choosing next Pokemon to switch in...
Choosing next Pokemon to switch in...
Choosing next Pokemon to switch in...
Choosing next Pokemon to switch in...
Choosing next Pokemon to switch in...
Choosing next Pokemon to switch in...
Choosing next Pokemon to switch in...
Choosing next Pokemon to switch in...
Choosing next Pokemon to switch in...
Choosing next Pokemon to switch in...
Choosing next Pokemon to switch in...
Choosing next Pokemon to switch in...
Choosing next Pokemon to switch in...
Choosing next Pokemon to switch in...
Choosing next Pokemon to switch in...
Choosing next Pokemon to switch in...
Choosing next Pokemon to switch in...
Choosing next Pokemon to switch in...
Choosing next Pokemon to switch in...
Choosing next Pokemon to switch in...
Choosing next Pokemon to switch in...
Choosing next Pokemon to switch in...
Choosing next Pokemon to switch in...
Choosing next Pokemon to switch in...
Choosing next Pokemon to switch in...
Choosing next Pokemon to switch in...
Choosing next Pokemon to switch in...
Choosing next Pokemon to switch in...
Choosing next Pokemon to switch in...
Choosing next Pokemon to switch in...
Choosing next Pokemon to switch in...
Choosing next Pokemon to switch in...
Choosing next Pokemon to switch in...
Choosing next Pokemon to switch in...
Choosing next Pokemon to switch in...
Choosing next Pokemon to switch in...
Choosing next Pokemon to switch in...
Choosing next Pokemon to switch in...
Choosing next Pokemon to switch in...
Choosing next Pokemon to switch in...
Choosing next Pokemon to switch in...
Choosing next Pokemon to switch in...
Choosing next Pokemon to switch in...
Choosing next Pokemon to switch in...
Choosing next Pokemon to switch in...
Choosing next Pokemon to switch in...
Choosing next Pokemon to switch in...
Choosing next Pokemon to switch in...
Choosing next Pokemon to switch in...
Choosing next Pokemon to switch in...
Choosing next Pokemon to switch in...
Choosing next Pokemon to switch in...
Choosing next Pokemon to switch in...
Choosing next Pokemon to switch in...
Choosing next Pokemon to switch in...
Choosing next Pokemon to switch in...
Choosing next Pokemon to switch in...
Choosing next Pokemon to switch in...
Choosing next Pokemon to switch in...
Choosing next Pokemon to switch in...
Choosing next Pokemon to switch in...
Choosing next Pokemon to switch in...
Choosing next Pokemon to switch in...
Choosing next Pokemon to switch in...
Choosing next Pokemon to switch in...
Choosing next Pokemon to switch in...
Choosing next Pokemon to switch in...
Choosing next Pokemon to switch in...
Choosing next Pokemon to switch in...
Choosing next Pokemon to switch in...
Choosing next Pokemon to switch in...
Choosing next Pokemon to switch in...
Choosing next Pokemon to switch in...
Choosing next Pokemon to switch in...
Choosing next Pokemon to switch in...
Choosing next Pokemon to switch in...
Choosing next Pokemon to switch in...
Choosing next Pokemon to switch in...
Choosing next Pokemon to switch in...
Choosing next Pokemon to switch in...
Choosing next Pokemon to switch in...
Choosing next Pokemon to switch in...
Choosing next Pokemon to switch in...
Choosing next Pokemon to switch in...
Choosing next Pokemon to switch in...
Choosing next Pokemon to switch in...
Choosing next Pokemon to switch in...
Choosing next Pokemon to switch in...
Choosing next Pokemon to switch in...
Choosing next Pokemon to switch in...
Choosing next Pokemon to switch in...
Choosing next Pokemon to switch in...
Choosing next Pokemon to switch in...
Choosing next Pokemon to switch in...
Choosing next Pokemon to switch in...
Choosing next Pokemon to switch in...
Choosing next Pokemon to switch in...
Choosing next Pokemon to switch in...
Choosing next Pokemon to switch in...
Choosing next Pokemon to switch in...
Choosing next Pokemon to switch in...
Choosing next Pokemon to switch in...
Choosing next Pokemon to switch in...
Choosing next Pokemon to switch in...
Choosing next Pokemon to switch in...
Choosing next Pokemon to switch in...
Choosing next Pokemon to switch in...
Choosing next Pokemon to switch in...
Choosing next Pokemon to switch in...
Choosing next Pokemon to switch in...
Choosing next Pokemon to switch in...
Choosing next Pokemon to switch in...
Choosing next Pokemon to switch in...
Choosing next Pokemon to switch in...
Choosing next Pokemon to switch in...
Choosing next Pokemon to switch in...
Choosing next Pokemon to switch in...
Choosing next Pokemon to switch in...
Choosing next Pokemon to switch in...
Choosing next Pokemon to switch in...
Choosing next Pokemon to switch in...
Choosing next Pokemon to switch in...
Choosing next Pokemon to switch in...
Choosing next Pokemon to switch in...
Choosing next Pokemon to switch in...
Choosing next Pokemon to switch in...
Choosing next Pokemon to switch in...
Choosing next Pokemon to switch in...
Choosing next Pokemon to switch in...
Choosing next Pokemon to switch in...
Choosing next Pokemon to switch in...
Choosing next Pokemon to switch in...
Choosing next Pokemon to switch in...
Choosing next Pokemon to switch in...
Choosing next Pokemon to switch in...
Choosing next Pokemon to switch in...
Choosing next Pokemon to switch in...
Choosing next Pokemon to switch in...
Choosing next Pokemon to switch in...
Choosing next Pokemon to switch in...
Choosing next Pokemon to switch in...
Choosing next Pokemon to switch in...
Choosing next Pokemon to switch in...
Choosing next Pokemon to switch in...
Choosing next Pokemon to switch in...
Choosing next Pokemon to switch in...
Choosing next Pokemon to switch in...
Choosing next Pokemon to switch in...
Choosing next Pokemon to switch in...
Choosing next Pokemon to switch in...
Choosing next Pokemon to switch in...
Choosing next Pokemon to switch in...
Choosing next Pokemon to switch in...
Choosing next Pokemon to switch in...
Choosing next Pokemon to switch in...
Choosing next Pokemon to switch in...
Choosing next Pokemon to switch in...
Choosing next Pokemon to switch in...
Choosing next Pokemon to switch in...
Choosing next Pokemon to switch in...
Choosing next Pokemon to switch in...
Choosing next Pokemon to switch in...
Choosing next Pokemon to switch in...
Choosing next Pokemon to switch in...
Choosing next Pokemon to switch in...
Choosing next Pokemon to switch in...
Choosing next Pokemon to switch in...
Choosing next Pokemon to switch in...
Choosing next Pokemon to switch in...
Choosing next Pokemon to switch in...
Choosing next Pokemon to switch in...
Choosing next Pokemon to switch in...
Choosing next Pokemon to switch in...
Choosing next Pokemon to switch in...
Choosing next Pokemon to switch in...
Choosing next Pokemon to switch in...
Choosing next Pokemon to switch in...
Choosing next Pokemon to switch in...
Choosing next Pokemon to switch in...
Choosing next Pokemon to switch in...
Choosing next Pokemon to switch in...
Choosing next Pokemon to switch in...
Choosing next Pokemon to switch in...
Choosing next Pokemon to switch in...
Choosing next Pokemon to switch in...
Choosing next Pokemon to switch in...
Choosing next Pokemon to switch in...
Choosing next Pokemon to switch in...
Choosing next Pokemon to switch in...
Choosing next Pokemon to switch in...
Choosing next Pokemon to switch in...
Choosing next Pokemon to switch in...
Choosing next Pokemon to switch in...
Choosing next Pokemon to switch in...
Choosing next Pokemon to switch in...
Choosing next Pokemon to switch in...
Choosing next Pokemon to switch in...
Choosing next Pokemon to switch in...
Choosing next Pokemon to switch in...
Choosing next Pokemon to switch in...
Choosing next Pokemon to switch in...
Choosing next Pokemon to switch in...
Choosing next Pokemon to switch in...
Choosing next Pokemon to switch in...
Choosing next Pokemon to switch in...
Choosing next Pokemon to switch in...
Choosing next Pokemon to switch in...
Choosing next Pokemon to switch in...
Choosing next Pokemon to switch in...
Choosing next Pokemon to switch in...
Choosing next Pokemon to switch in...
Choosing next Pokemon to switch in...
Choosing next Pokemon to switch in...
Choosing next Pokemon to switch in...
Choosing next Pokemon to switch in...
Choosing next Pokemon to switch in...
Choosing next Pokemon to switch in...
Choosing next Pokemon to switch in...
Choosing next Pokemon to switch in...
Choosing next Pokemon to switch in...
Choosing next Pokemon to switch in...
Choosing next Pokemon to switch in...
Choosing next Pokemon to switch in...
Choosing next Pokemon to switch in...
Choosing next Pokemon to switch in...
Choosing next Pokemon to switch in...
Choosing next Pokemon to switch in...
Choosing next Pokemon to switch in...
Choosing next Pokemon to switch in...
Choosing next Pokemon to switch in...
Choosing next Pokemon to switch in...
Choosing next Pokemon to switch in...
Choosing next Pokemon to switch in...
Choosing next Pokemon to switch in...
Choosing next Pokemon to switch in...
Choosing next Pokemon to switch in...
Choosing next Pokemon to switch in...
Choosing next Pokemon to switch in...
Choosing next Pokemon to switch in...
Choosing next Pokemon to switch in...
Choosing next Pokemon to switch in...
Choosing next Pokemon to switch in...
Choosing next Pokemon to switch in...
Choosing next Pokemon to switch in...
Choosing next Pokemon to switch in...
Choosing next Pokemon to switch in...
Choosing next Pokemon to switch in...
Choosing next Pokemon to switch in...
Choosing next Pokemon to switch in...
Choosing next Pokemon to switch in...
Choosing next Pokemon to switch in...
Choosing next Pokemon to switch in...
Choosing next Pokemon to switch in...
Choosing next Pokemon to switch in...
Choosing next Pokemon to switch in...
Choosing next Pokemon to switch in...
Choosing next Pokemon to switch in...
Choosing next Pokemon to switch in...
Choosing next Pokemon to switch in...
Choosing next Pokemon to switch in...
Choosing next Pokemon to switch in...
Choosing next Pokemon to switch in...
Choosing next Pokemon to switch in...
Choosing next Pokemon to switch in...
Choosing next Pokemon to switch in...
Choosing next Pokemon to switch in...
Choosing next Pokemon to switch in...
Choosing next Pokemon to switch in...
Choosing next Pokemon to switch in...
Choosing next Pokemon to switch in...
Choosing next Pokemon to switch in...
Choosing next Pokemon to switch in...
Choosing next Pokemon to switch in...
Choosing next Pokemon to switch in...
Choosing next Pokemon to switch in...
Choosing next Pokemon to switch in...
Choosing next Pokemon to switch in...
Choosing next Pokemon to switch in...
Choosing next Pokemon to switch in...
Choosing next Pokemon to switch in...
Choosing next Pokemon to switch in...
Choosing next Pokemon to switch in...
Choosing next Pokemon to switch in...
Choosing next Pokemon to switch in...
Choosing next Pokemon to switch in...
Choosing next Pokemon to switch in...
Choosing next Pokemon to switch in...
Choosing next Pokemon to switch in...
Choosing next Pokemon to switch in...
Choosing next Pokemon to switch in...
Choosing next Pokemon to switch in...
Choosing next Pokemon to switch in...
Choosing next Pokemon to switch in...
Choosing next Pokemon to switch in...
Choosing next Pokemon to switch in...
Choosing next Pokemon to switch in...
Choosing next Pokemon to switch in...
Choosing next Pokemon to switch in...
Choosing next Pokemon to switch in...
Choosing next Pokemon to switch in...
Choosing next Pokemon to switch in...
Choosing next Pokemon to switch in...
Choosing next Pokemon to switch in...
Choosing next Pokemon to switch in...
Choosing next Pokemon to switch in...
Choosing next Pokemon to switch in...
Choosing next Pokemon to switch in...
Choosing next Pokemon to switch in...
Choosing next Pokemon to switch in...
Choosing next Pokemon to switch in...
Choosing next Pokemon to switch in...
Choosing next Pokemon to switch in...
Choosing next Pokemon to switch in...
Choosing next Pokemon to switch in...
Choosing next Pokemon to switch in...
Choosing next Pokemon to switch in...
Choosing next Pokemon to switch in...
Choosing next Pokemon to switch in...
Choosing next Pokemon to switch in...
Choosing next Pokemon to switch in...
Choosing next Pokemon to switch in...
Choosing next Pokemon to switch in...
Choosing next Pokemon to switch in...
Choosing next Pokemon to switch in...
Choosing next Pokemon to switch in...
Choosing next Pokemon to switch in...
Choosing next Pokemon to switch in...
Choosing next Pokemon to switch in...
Choosing next Pokemon to switch in...
Choosing next Pokemon to switch in...
Choosing next Pokemon to switch in...
Choosing next Pokemon to switch in...
Choosing next Pokemon to switch in...
Choosing next Pokemon to switch in...
Choosing next Pokemon to switch in...
Choosing next Pokemon to switch in...
Choosing next Pokemon to switch in...
Choosing next Pokemon to switch in...
Choosing next Pokemon to switch in...
Choosing next Pokemon to switch in...
Choosing next Pokemon to switch in...
Choosing next Pokemon to switch in...
Choosing next Pokemon to switch in...
Choosing next Pokemon to switch in...
Choosing next Pokemon to switch in...
Choosing next Pokemon to switch in...
Choosing next Pokemon to switch in...
Choosing next Pokemon to switch in...
Choosing next Pokemon to switch in...
Choosing next Pokemon to switch in...
Choosing next Pokemon to switch in...
Choosing next Pokemon to switch in...
Choosing next Pokemon to switch in...
Choosing next Pokemon to switch in...
Choosing next Pokemon to switch in...
Choosing next Pokemon to switch in...
Choosing next Pokemon to switch in...
Choosing next Pokemon to switch in...
Choosing next Pokemon to switch in...
Choosing next Pokemon to switch in...
Choosing next Pokemon to switch in...
Choosing next Pokemon to switch in...
Choosing next Pokemon to switch in...
Choosing next Pokemon to switch in...
Choosing next Pokemon to switch in...
Choosing next Pokemon to switch in...
Choosing next Pokemon to switch in...
Choosing next Pokemon to switch in...
Choosing next Pokemon to switch in...
Choosing next Pokemon to switch in...
Choosing next Pokemon to switch in...
Choosing next Pokemon to switch in...
Choosing next Pokemon to switch in...
Choosing next Pokemon to switch in...
Choosing next Pokemon to switch in...
Choosing next Pokemon to switch in...
Choosing next Pokemon to switch in...
Choosing next Pokemon to switch in...
Choosing next Pokemon to switch in...
Choosing next Pokemon to switch in...
Choosing next Pokemon to switch in...
Choosing next Pokemon to switch in...
Choosing next Pokemon to switch in...
Choosing next Pokemon to switch in...
Choosing next Pokemon to switch in...
Choosing next Pokemon to switch in...
Choosing next Pokemon to switch in...
Choosing next Pokemon to switch in...
Choosing next Pokemon to switch in...
Choosing next Pokemon to switch in...
Choosing next Pokemon to switch in...
Choosing next Pokemon to switch in...
Choosing next Pokemon to switch in...
Choosing next Pokemon to switch in...
Choosing next Pokemon to switch in...
Choosing next Pokemon to switch in...
Choosing next Pokemon to switch in...
Choosing next Pokemon to switch in...
Choosing next Pokemon to switch in...
Choosing next Pokemon to switch in...
Choosing next Pokemon to switch in...
Choosing next Pokemon to switch in...
Choosing next Pokemon to switch in...
Choosing next Pokemon to switch in...
Choosing next Pokemon to switch in...
Choosing next Pokemon to switch in...
Choosing next Pokemon to switch in...
Choosing next Pokemon to switch in...
Choosing next Pokemon to switch in...
Choosing next Pokemon to switch in...
Choosing next Pokemon to switch in...
Choosing next Pokemon to switch in...
Choosing next Pokemon to switch in...
Choosing next Pokemon to switch in...
Choosing next Pokemon to switch in...
Choosing next Pokemon to switch in...
Choosing next Pokemon to switch in...
Choosing next Pokemon to switch in...
Choosing next Pokemon to switch in...
Choosing next Pokemon to switch in...
Choosing next Pokemon to switch in...
Choosing next Pokemon to switch in...
Choosing next Pokemon to switch in...
Choosing next Pokemon to switch in...
Choosing next Pokemon to switch in...
Choosing next Pokemon to switch in...
Choosing next Pokemon to switch in...
Choosing next Pokemon to switch in...
Choosing next Pokemon to switch in...
Choosing next Pokemon to switch in...
Choosing next Pokemon to switch in...
Choosing next Pokemon to switch in...
Choosing next Pokemon to switch in...
Choosing next Pokemon to switch in...
Choosing next Pokemon to switch in...
Choosing next Pokemon to switch in...
Choosing next Pokemon to switch in...
Choosing next Pokemon to switch in...
Choosing next Pokemon to switch in...
Choosing next Pokemon to switch in...
Choosing next Pokemon to switch in...
Choosing next Pokemon to switch in...
Choosing next Pokemon to switch in...
Choosing next Pokemon to switch in...
Choosing next Pokemon to switch in...
Choosing next Pokemon to switch in...
Choosing next Pokemon to switch in...
Choosing next Pokemon to switch in...
Choosing next Pokemon to switch in...
Choosing next Pokemon to switch in...
Choosing next Pokemon to switch in...
Choosing next Pokemon to switch in...
Choosing next Pokemon to switch in...
Choosing next Pokemon to switch in...
Choosing next Pokemon to switch in...
Choosing next Pokemon to switch in...
Choosing next Pokemon to switch in...
Choosing next Pokemon to switch in...
Choosing next Pokemon to switch in...
Choosing next Pokemon to switch in...
Choosing next Pokemon to switch in...
Choosing next Pokemon to switch in...
Choosing next Pokemon to switch in...
Choosing next Pokemon to switch in...
Choosing next Pokemon to switch in...
Choosing next Pokemon to switch in...
Choosing next Pokemon to switch in...
Choosing next Pokemon to switch in...
Choosing next Pokemon to switch in...
Choosing next Pokemon to switch in...
Choosing next Pokemon to switch in...
Choosing next Pokemon to switch in...
Choosing next Pokemon to switch in...
Choosing next Pokemon to switch in...
Choosing next Pokemon to switch in...
Choosing next Pokemon to switch in...
Choosing next Pokemon to switch in...
Choosing next Pokemon to switch in...
Choosing next Pokemon to switch in...
Choosing next Pokemon to switch in...
Choosing next Pokemon to switch in...
Choosing next Pokemon to switch in...
Choosing next Pokemon to switch in...
Choosing next Pokemon to switch in...
Choosing next Pokemon to switch in...
Choosing next Pokemon to switch in...
Choosing next Pokemon to switch in...
Choosing next Pokemon to switch in...
Choosing next Pokemon to switch in...
Choosing next Pokemon to switch in...
Choosing next Pokemon to switch in...
Choosing next Pokemon to switch in...
Choosing next Pokemon to switch in...
Choosing next Pokemon to switch in...
Choosing next Pokemon to switch in...
Choosing next Pokemon to switch in...
Choosing next Pokemon to switch in...
Choosing next Pokemon to switch in...
Choosing next Pokemon to switch in...
Choosing next Pokemon to switch in...
Choosing next Pokemon to switch in...
Choosing next Pokemon to switch in...
Choosing next Pokemon to switch in...
Choosing next Pokemon to switch in...
Choosing next Pokemon to switch in...
Choosing next Pokemon to switch in...
Choosing next Pokemon to switch in...
Choosing next Pokemon to switch in...
Choosing next Pokemon to switch in...
Choosing next Pokemon to switch in...
Choosing next Pokemon to switch in...
Choosing next Pokemon to switch in...
Choosing next Pokemon to switch in...
Choosing next Pokemon to switch in...
Choosing next Pokemon to switch in...
Choosing next Pokemon to switch in...
Choosing next Pokemon to switch in...
Choosing next Pokemon to switch in...
Choosing next Pokemon to switch in...
Choosing next Pokemon to switch in...
Choosing next Pokemon to switch in...
Choosing next Pokemon to switch in...
Choosing next Pokemon to switch in...
Choosing next Pokemon to switch in...
Choosing next Pokemon to switch in...
Choosing next Pokemon to switch in...
Choosing next Pokemon to switch in...
Choosing next Pokemon to switch in...
Choosing next Pokemon to switch in...
Choosing next Pokemon to switch in...
Choosing next Pokemon to switch in...
Choosing next Pokemon to switch in...
Choosing next Pokemon to switch in...
Choosing next Pokemon to switch in...
Choosing next Pokemon to switch in...
Choosing next Pokemon to switch in...
Choosing next Pokemon to switch in...
Choosing next Pokemon to switch in...
Choosing next Pokemon to switch in...
Choosing next Pokemon to switch in...
Choosing next Pokemon to switch in...
Choosing next Pokemon to switch in...
Choosing next Pokemon to switch in...
Choosing next Pokemon to switch in...
Choosing next Pokemon to switch in...
Choosing next Pokemon to switch in...
Choosing next Pokemon to switch in...
Choosing next Pokemon to switch in...
Choosing next Pokemon to switch in...
Choosing next Pokemon to switch in...
Choosing next Pokemon to switch in...
Choosing next Pokemon to switch in...
Choosing next Pokemon to switch in...
Choosing next Pokemon to switch in...
Choosing next Pokemon to switch in...
Choosing next Pokemon to switch in...
Choosing next Pokemon to switch in...
Choosing next Pokemon to switch in...
Choosing next Pokemon to switch in...
Choosing next Pokemon to switch in...
Choosing next Pokemon to switch in...
Choosing next Pokemon to switch in...
Choosing next Pokemon to switch in...
Choosing next Pokemon to switch in...
Choosing next Pokemon to switch in...
Choosing next Pokemon to switch in...
Choosing next Pokemon to switch in...
Choosing next Pokemon to switch in...
Choosing next Pokemon to switch in...
Choosing next Pokemon to switch in...
Choosing next Pokemon to switch in...
Choosing next Pokemon to switch in...
Choosing next Pokemon to switch in...
Choosing next Pokemon to switch in...
Choosing next Pokemon to switch in...
Choosing next Pokemon to switch in...
Choosing next Pokemon to switch in...
Choosing next Pokemon to switch in...
Choosing next Pokemon to switch in...
Choosing next Pokemon to switch in...
Choosing next Pokemon to switch in...
Choosing next Pokemon to switch in...
Choosing next Pokemon to switch in...
Choosing next Pokemon to switch in...
Choosing next Pokemon to switch in...
Choosing next Pokemon to switch in...
Choosing next Pokemon to switch in...
Choosing next Pokemon to switch in...
Choosing next Pokemon to switch in...
Choosing next Pokemon to switch in...
Choosing next Pokemon to switch in...
Choosing next Pokemon to switch in...
Choosing next Pokemon to switch in...
Choosing next Pokemon to switch in...
Choosing next Pokemon to switch in...
Choosing next Pokemon to switch in...
Choosing next Pokemon to switch in...
Choosing next Pokemon to switch in...
Choosing next Pokemon to switch in...
Choosing next Pokemon to switch in...
Choosing next Pokemon to switch in...
Choosing next Pokemon to switch in...
Choosing next Pokemon to switch in...
Choosing next Pokemon to switch in...
Choosing next Pokemon to switch in...
Choosing next Pokemon to switch in...
Choosing next Pokemon to switch in...
Choosing next Pokemon to switch in...
Choosing next Pokemon to switch in...
Choosing next Pokemon to switch in...
Choosing next Pokemon to switch in...
Choosing next Pokemon to switch in...
Choosing next Pokemon to switch in...
Choosing next Pokemon to switch in...
Choosing next Pokemon to switch in...
Choosing next Pokemon to switch in...
Choosing next Pokemon to switch in...
Choosing next Pokemon to switch in...
Choosing next Pokemon to switch in...
Choosing next Pokemon to switch in...
Choosing next Pokemon to switch in...
Choosing next Pokemon to switch in...
Choosing next Pokemon to switch in...
Choosing next Pokemon to switch in...
Choosing next Pokemon to switch in...
Choosing next Pokemon to switch in...
Choosing next Pokemon to switch in...
Choosing next Pokemon to switch in...
Choosing next Pokemon to switch in...
Choosing next Pokemon to switch in...
Choosing next Pokemon to switch in...
Choosing next Pokemon to switch in...
Choosing next Pokemon to switch in...
Choosing next Pokemon to switch in...
Choosing next Pokemon to switch in...
Choosing next Pokemon to switch in...
Choosing next Pokemon to switch in...
Choosing next Pokemon to switch in...
Choosing next Pokemon to switch in...
Choosing next Pokemon to switch in...
Choosing next Pokemon to switch in...
Choosing next Pokemon to switch in...
Choosing next Pokemon to switch in...
Choosing next Pokemon to switch in...
Choosing next Pokemon to switch in...
Choosing next Pokemon to switch in...
Choosing next Pokemon to switch in...
Choosing next Pokemon to switch in...
Choosing next Pokemon to switch in...
Choosing next Pokemon to switch in...
Choosing next Pokemon to switch in...
Choosing next Pokemon to switch in...
Choosing next Pokemon to switch in...
Choosing next Pokemon to switch in...
Choosing next Pokemon to switch in...
Choosing next Pokemon to switch in...
Choosing next Pokemon to switch in...
Choosing next Pokemon to switch in...
Choosing next Pokemon to switch in...
Choosing next Pokemon to switch in...
Choosing next Pokemon to switch in...
Choosing next Pokemon to switch in...
Choosing next Pokemon to switch in...
Choosing next Pokemon to switch in...
Choosing next Pokemon to switch in...
Choosing next Pokemon to switch in...
Choosing next Pokemon to switch in...
Choosing next Pokemon to switch in...
Choosing next Pokemon to switch in...
Choosing next Pokemon to switch in...
Choosing next Pokemon to switch in...
Choosing next Pokemon to switch in...
Choosing next Pokemon to switch in...
Choosing next Pokemon to switch in...
Choosing next Pokemon to switch in...
Choosing next Pokemon to switch in...
Choosing next Pokemon to switch in...
Choosing next Pokemon to switch in...
Choosing next Pokemon to switch in...
Choosing next Pokemon to switch in...
Choosing next Pokemon to switch in...
Choosing next Pokemon to switch in...
Choosing next Pokemon to switch in...
Choosing next Pokemon to switch in...
Choosing next Pokemon to switch in...
Choosing next Pokemon to switch in...
Choosing next Pokemon to switch in...
Choosing next Pokemon to switch in...
Choosing next Pokemon to switch in...
Choosing next Pokemon to switch in...
Choosing next Pokemon to switch in...
Choosing next Pokemon to switch in...
Choosing next Pokemon to switch in...
Choosing next Pokemon to switch in...
Choosing next Pokemon to switch in...
Choosing next Pokemon to switch in...
Choosing next Pokemon to switch in...
Choosing next Pokemon to switch in...
Choosing next Pokemon to switch in...
Choosing next Pokemon to switch in...
Choosing next Pokemon to switch in...
Choosing next Pokemon to switch in...
Choosing next Pokemon to switch in...
Choosing next Pokemon to switch in...
Choosing next Pokemon to switch in...
Choosing next Pokemon to switch in...
Choosing next Pokemon to switch in...
Choosing next Pokemon to switch in...
Choosing next Pokemon to switch in...
Choosing next Pokemon to switch in...
Choosing next Pokemon to switch in...
Choosing next Pokemon to switch in...
Choosing next Pokemon to switch in...
Choosing next Pokemon to switch in...
Choosing next Pokemon to switch in...
Choosing next Pokemon to switch in...
Choosing next Pokemon to switch in...
Choosing next Pokemon to switch in...
Choosing next Pokemon to switch in...
Choosing next Pokemon to switch in...
Choosing next Pokemon to switch in...
Choosing next Pokemon to switch in...
Choosing next Pokemon to switch in...
Choosing next Pokemon to switch in...
Choosing next Pokemon to switch in...
Choosing next Pokemon to switch in...
Choosing next Pokemon to switch in...
Choosing next Pokemon to switch in...
Choosing next Pokemon to switch in...
Choosing next Pokemon to switch in...
Choosing next Pokemon to switch in...
Choosing next Pokemon to switch in...
Choosing next Pokemon to switch in...
Choosing next Pokemon to switch in...
Choosing next Pokemon to switch in...
Choosing next Pokemon to switch in...
Choosing next Pokemon to switch in...
Choosing next Pokemon to switch in...
Choosing next Pokemon to switch in...
Choosing next Pokemon to switch in...
Choosing next Pokemon to switch in...
Choosing next Pokemon to switch in...
Choosing next Pokemon to switch in...
Choosing next Pokemon to switch in...
Choosing next Pokemon to switch in...
Choosing next Pokemon to switch in...
Choosing next Pokemon to switch in...
Choosing next Pokemon to switch in...
Choosing next Pokemon to switch in...
Choosing next Pokemon to switch in...
Choosing next Pokemon to switch in...
Choosing next Pokemon to switch in...
Choosing next Pokemon to switch in...
Choosing next Pokemon to switch in...
Choosing next Pokemon to switch in...
Choosing next Pokemon to switch in...
Choosing next Pokemon to switch in...
Choosing next Pokemon to switch in...
Choosing next Pokemon to switch in...
Choosing next Pokemon to switch in...
Choosing next Pokemon to switch in...
Choosing next Pokemon to switch in...
Choosing next Pokemon to switch in...
Choosing next Pokemon to switch in...
Choosing next Pokemon to switch in...
Choosing next Pokemon to switch in...
Choosing next Pokemon to switch in...
Choosing next Pokemon to switch in...
Choosing next Pokemon to switch in...
Choosing next Pokemon to switch in...
Choosing next Pokemon to switch in...
Choosing next Pokemon to switch in...
Choosing next Pokemon to switch in...
Choosing next Pokemon to switch in...
Choosing next Pokemon to switch in...
Choosing next Pokemon to switch in...
Choosing next Pokemon to switch in...
Choosing next Pokemon to switch in...
Choosing next Pokemon to switch in...
Choosing next Pokemon to switch in...
Choosing next Pokemon to switch in...
Choosing next Pokemon to switch in...
Choosing next Pokemon to switch in...
Choosing next Pokemon to switch in...
Choosing next Pokemon to switch in...
Choosing next Pokemon to switch in...
Choosing next Pokemon to switch in...
Choosing next Pokemon to switch in...
Choosing next Pokemon to switch in...
Choosing next Pokemon to switch in...
Choosing next Pokemon to switch in...
Choosing next Pokemon to switch in...
Choosing next Pokemon to switch in...
Choosing next Pokemon to switch in...
Choosing next Pokemon to switch in...
Choosing next Pokemon to switch in...
Choosing next Pokemon to switch in...
Choosing next Pokemon to switch in...
Choosing next Pokemon to switch in...
Choosing next Pokemon to switch in...
Choosing next Pokemon to switch in...
Choosing next Pokemon to switch in...
Choosing next Pokemon to switch in...
Choosing next Pokemon to switch in...
Choosing next Pokemon to switch in...
Choosing next Pokemon to switch in...
Choosing next Pokemon to switch in...
Choosing next Pokemon to switch in...
Choosing next Pokemon to switch in...
Choosing next Pokemon to switch in...
Choosing next Pokemon to switch in...
Choosing next Pokemon to switch in...
Choosing next Pokemon to switch in...
Choosing next Pokemon to switch in...
Choosing next Pokemon to switch in...
Choosing next Pokemon to switch in...
Choosing next Pokemon to switch in...
Choosing next Pokemon to switch in...
Choosing next Pokemon to switch in...
Choosing next Pokemon to switch in...
Choosing next Pokemon to switch in...
Choosing next Pokemon to switch in...
Choosing next Pokemon to switch in...
Choosing next Pokemon to switch in...
Choosing next Pokemon to switch in...
Choosing next Pokemon to switch in...
Choosing next Pokemon to switch in...
Choosing next Pokemon to switch in...
Choosing next Pokemon to switch in...
Choosing next Pokemon to switch in...
Choosing next Pokemon to switch in...
Choosing next Pokemon to switch in...
Choosing next Pokemon to switch in...
Choosing next Pokemon to switch in...
Choosing next Pokemon to switch in...
Choosing next Pokemon to switch in...
Choosing next Pokemon to switch in...
Choosing next Pokemon to switch in...
Choosing next Pokemon to switch in...
Choosing next Pokemon to switch in...
Choosing next Pokemon to switch in...
Choosing next Pokemon to switch in...
Choosing next Pokemon to switch in...
Choosing next Pokemon to switch in...
Choosing next Pokemon to switch in...
Choosing next Pokemon to switch in...
Choosing next Pokemon to switch in...
Choosing next Pokemon to switch in...
Choosing next Pokemon to switch in...
Choosing next Pokemon to switch in...
Choosing next Pokemon to switch in...
Choosing next Pokemon to switch in...
Choosing next Pokemon to switch in...
Choosing next Pokemon to switch in...
Choosing next Pokemon to switch in...
Choosing next Pokemon to switch in...
Choosing next Pokemon to switch in...
Choosing next Pokemon to switch in...
Choosing next Pokemon to switch in...
Choosing next Pokemon to switch in...
Choosing next Pokemon to switch in...
Choosing next Pokemon to switch in...
Choosing next Pokemon to switch in...
Choosing next Pokemon to switch in...
Choosing next Pokemon to switch in...
Choosing next Pokemon to switch in...
Choosing next Pokemon to switch in...
Choosing next Pokemon to switch in...
Choosing next Pokemon to switch in...
Choosing next Pokemon to switch in...
Choosing next Pokemon to switch in...
Choosing next Pokemon to switch in...
Choosing next Pokemon to switch in...
Choosing next Pokemon to switch in...
Choosing next Pokemon to switch in...
Choosing next Pokemon to switch in...
Choosing next Pokemon to switch in...
Choosing next Pokemon to switch in...
Choosing next Pokemon to switch in...
Choosing next Pokemon to switch in...
Choosing next Pokemon to switch in...
Choosing next Pokemon to switch in...
Choosing next Pokemon to switch in...
Choosing next Pokemon to switch in...
Choosing next Pokemon to switch in...
Choosing next Pokemon to switch in...
Choosing next Pokemon to switch in...
Choosing next Pokemon to switch in...
Choosing next Pokemon to switch in...
Choosing next Pokemon to switch in...
Choosing next Pokemon to switch in...
Choosing next Pokemon to switch in...
Choosing next Pokemon to switch in...
Choosing next Pokemon to switch in...
Choosing next Pokemon to switch in...
Choosing next Pokemon to switch in...
Choosing next Pokemon to switch in...
Choosing next Pokemon to switch in...
Choosing next Pokemon to switch in...
Choosing next Pokemon to switch in...
Choosing next Pokemon to switch in...
Choosing next Pokemon to switch in...
Choosing next Pokemon to switch in...
Choosing next Pokemon to switch in...
Choosing next Pokemon to switch in...
Choosing next Pokemon to switch in...
Choosing next Pokemon to switch in...
Choosing next Pokemon to switch in...
Choosing next Pokemon to switch in...
Choosing next Pokemon to switch in...
Choosing next Pokemon to switch in...
Choosing next Pokemon to switch in...
Choosing next Pokemon to switch in...
Choosing next Pokemon to switch in...
Choosing next Pokemon to switch in...
Choosing next Pokemon to switch in...
Choosing next Pokemon to switch in...
Choosing next Pokemon to switch in...
Choosing next Pokemon to switch in...
Choosing next Pokemon to switch in...
Choosing next Pokemon to switch in...
Choosing next Pokemon to switch in...
Choosing next Pokemon to switch in...
Choosing next Pokemon to switch in...
Choosing next Pokemon to switch in...
Choosing next Pokemon to switch in...
Choosing next Pokemon to switch in...
Choosing next Pokemon to switch in...
Choosing next Pokemon to switch in...
Choosing next Pokemon to switch in...
Choosing next Pokemon to switch in...
Choosing next Pokemon to switch in...
Choosing next Pokemon to switch in...
Choosing next Pokemon to switch in...
Choosing next Pokemon to switch in...
Choosing next Pokemon to switch in...
Choosing next Pokemon to switch in...
Choosing next Pokemon to switch in...
Choosing next Pokemon to switch in...
Choosing next Pokemon to switch in...
Choosing next Pokemon to switch in...
Choosing next Pokemon to switch in...
Choosing next Pokemon to switch in...
Choosing next Pokemon to switch in...
Choosing next Pokemon to switch in...
Choosing next Pokemon to switch in...
Choosing next Pokemon to switch in...
Choosing next Pokemon to switch in...
Choosing next Pokemon to switch in...
Choosing next Pokemon to switch in...
Choosing next Pokemon to switch in...
Choosing next Pokemon to switch in...
Choosing next Pokemon to switch in...
Choosing next Pokemon to switch in...
Choosing next Pokemon to switch in...
Choosing next Pokemon to switch in...
Choosing next Pokemon to switch in...
Choosing next Pokemon to switch in...
Choosing next Pokemon to switch in...
Choosing next Pokemon to switch in...
Choosing next Pokemon to switch in...
Choosing next Pokemon to switch in...
Choosing next Pokemon to switch in...
Choosing next Pokemon to switch in...
Choosing next Pokemon to switch in...
Choosing next Pokemon to switch in...
Choosing next Pokemon to switch in...
Choosing next Pokemon to switch in...
Choosing next Pokemon to switch in...
Choosing next Pokemon to switch in...
Choosing next Pokemon to switch in...
Choosing next Pokemon to switch in...
Choosing next Pokemon to switch in...
Choosing next Pokemon to switch in...
Choosing next Pokemon to switch in...
Choosing next Pokemon to switch in...
Choosing next Pokemon to switch in...
Choosing next Pokemon to switch in...
Choosing next Pokemon to switch in...
Choosing next Pokemon to switch in...
Choosing next Pokemon to switch in...
Choosing next Pokemon to switch in...
Choosing next Pokemon to switch in...
Choosing next Pokemon to switch in...
Choosing next Pokemon to switch in...
Choosing next Pokemon to switch in...
Choosing next Pokemon to switch in...
Choosing next Pokemon to switch in...
Choosing next Pokemon to switch in...
Choosing next Pokemon to switch in...
Choosing next Pokemon to switch in...
Choosing next Pokemon to switch in...
Choosing next Pokemon to switch in...
Choosing next Pokemon to switch in...
Choosing next Pokemon to switch in...
Choosing next Pokemon to switch in...
Choosing next Pokemon to switch in...
Choosing next Pokemon to switch in...
Choosing next Pokemon to switch in...
Choosing next Pokemon to switch in...
Choosing next Pokemon to switch in...
Choosing next Pokemon to switch in...
Choosing next Pokemon to switch in...
Choosing next Pokemon to switch in...
Choosing next Pokemon to switch in...
Choosing next Pokemon to switch in...
Choosing next Pokemon to switch in...
Choosing next Pokemon to switch in...
Choosing next Pokemon to switch in...
Choosing next Pokemon to switch in...
Choosing next Pokemon to switch in...
Choosing next Pokemon to switch in...
Choosing next Pokemon to switch in...
Choosing next Pokemon to switch in...
Choosing next Pokemon to switch in...
Choosing next Pokemon to switch in...
Choosing next Pokemon to switch in...
Choosing next Pokemon to switch in...
Choosing next Pokemon to switch in...
Choosing next Pokemon to switch in...
Choosing next Pokemon to switch in...
Choosing next Pokemon to switch in...
Choosing next Pokemon to switch in...
Choosing next Pokemon to switch in...
Choosing next Pokemon to switch in...
Choosing next Pokemon to switch in...
Choosing next Pokemon to switch in...
Choosing next Pokemon to switch in...
Choosing next Pokemon to switch in...
Choosing next Pokemon to switch in...
Choosing next Pokemon to switch in...
Choosing next Pokemon to switch in...
Choosing next Pokemon to switch in...
Choosing next Pokemon to switch in...
Choosing next Pokemon to switch in...
Choosing next Pokemon to switch in...
Choosing next Pokemon to switch in...
Choosing next Pokemon to switch in...
Choosing next Pokemon to switch in...
Choosing next Pokemon to switch in...
Choosing next Pokemon to switch in...
Choosing next Pokemon to switch in...
Choosing next Pokemon to switch in...
Choosing next Pokemon to switch in...
Choosing next Pokemon to switch in...
Choosing next Pokemon to switch in...
Choosing next Pokemon to switch in...
Choosing next Pokemon to switch in...
Choosing next Pokemon to switch in...
Choosing next Pokemon to switch in...
Choosing next Pokemon to switch in...
Choosing next Pokemon to switch in...
Choosing next Pokemon to switch in...
Choosing next Pokemon to switch in...
Choosing next Pokemon to switch in...
Choosing next Pokemon to switch in...
Choosing next Pokemon to switch in...
Choosing next Pokemon to switch in...
Choosing next Pokemon to switch in...
Choosing next Pokemon to switch in...
Choosing next Pokemon to switch in...
Choosing next Pokemon to switch in...
Choosing next Pokemon to switch in...
Choosing next Pokemon to switch in...
Choosing next Pokemon to switch in...
Choosing next Pokemon to switch in...
Choosing next Pokemon to switch in...
Choosing next Pokemon to switch in...
Choosing next Pokemon to switch in...
Choosing next Pokemon to switch in...
Choosing next Pokemon to switch in...
Choosing next Pokemon to switch in...
Choosing next Pokemon to switch in...
Choosing next Pokemon to switch in...
Choosing next Pokemon to switch in...
Choosing next Pokemon to switch in...
Choosing next Pokemon to switch in...
Choosing next Pokemon to switch in...
Choosing next Pokemon to switch in...
Choosing next Pokemon to switch in...
Choosing next Pokemon to switch in...
Choosing next Pokemon to switch in...
Choosing next Pokemon to switch in...
Choosing next Pokemon to switch in...
Choosing next Pokemon to switch in...
Choosing next Pokemon to switch in...
Choosing next Pokemon to switch in...
Choosing next Pokemon to switch in...
Choosing next Pokemon to switch in...
Choosing next Pokemon to switch in...
Choosing next Pokemon to switch in...
Choosing next Pokemon to switch in...
Choosing next Pokemon to switch in...
Choosing next Pokemon to switch in...
Choosing next Pokemon to switch in...
Choosing next Pokemon to switch in...
Choosing next Pokemon to switch in...
Choosing next Pokemon to switch in...
Choosing next Pokemon to switch in...
Choosing next Pokemon to switch in...
Choosing next Pokemon to switch in...
Choosing next Pokemon to switch in...
Choosing next Pokemon to switch in...
Choosing next Pokemon to switch in...
Choosing next Pokemon to switch in...
Choosing next Pokemon to switch in...
Choosing next Pokemon to switch in...
Choosing next Pokemon to switch in...
Choosing next Pokemon to switch in...
Choosing next Pokemon to switch in...
Choosing next Pokemon to switch in...
Choosing next Pokemon to switch in...
Choosing next Pokemon to switch in...
Choosing next Pokemon to switch in...
Choosing next Pokemon to switch in...
Choosing next Pokemon to switch in...
Choosing next Pokemon to switch in...
Choosing next Pokemon to switch in...
Choosing next Pokemon to switch in...
Choosing next Pokemon to switch in...
Choosing next Pokemon to switch in...
Choosing next Pokemon to switch in...
Choosing next Pokemon to switch in...
Choosing next Pokemon to switch in...
Choosing next Pokemon to switch in...
Choosing next Pokemon to switch in...
Choosing next Pokemon to switch in...
Choosing next Pokemon to switch in...
Choosing next Pokemon to switch in...
Choosing next Pokemon to switch in...
Choosing next Pokemon to switch in...
Choosing next Pokemon to switch in...
Choosing next Pokemon to switch in...
Choosing next Pokemon to switch in...
Choosing next Pokemon to switch in...
Choosing next Pokemon to switch in...
Choosing next Pokemon to switch in...
Choosing next Pokemon to switch in...
Choosing next Pokemon to switch in...
Choosing next Pokemon to switch in...
Choosing next Pokemon to switch in...
Choosing next Pokemon to switch in...
Choosing next Pokemon to switch in...
Choosing next Pokemon to switch in...
Choosing next Pokemon to switch in...
Choosing next Pokemon to switch in...
Choosing next Pokemon to switch in...
Choosing next Pokemon to switch in...
Choosing next Pokemon to switch in...
Choosing next Pokemon to switch in...
Choosing next Pokemon to switch in...
Choosing next Pokemon to switch in...
Choosing next Pokemon to switch in...
Choosing next Pokemon to switch in...
Choosing next Pokemon to switch in...
Choosing next Pokemon to switch in...
Choosing next Pokemon to switch in...
Choosing next Pokemon to switch in...
Choosing next Pokemon to switch in...
Choosing next Pokemon to switch in...
Choosing next Pokemon to switch in...
Choosing next Pokemon to switch in...
Choosing next Pokemon to switch in...
Choosing next Pokemon to switch in...
Choosing next Pokemon to switch in...
Choosing next Pokemon to switch in...
Choosing next Pokemon to switch in...
Choosing next Pokemon to switch in...
Choosing next Pokemon to switch in...
Choosing next Pokemon to switch in...
Choosing next Pokemon to switch in...
Choosing next Pokemon to switch in...
Choosing next Pokemon to switch in...
Choosing next Pokemon to switch in...
Choosing next Pokemon to switch in...
Choosing next Pokemon to switch in...
Choosing next Pokemon to switch in...
Choosing next Pokemon to switch in...
Choosing next Pokemon to switch in...
Choosing next Pokemon to switch in...
Choosing next Pokemon to switch in...
Choosing next Pokemon to switch in...
Choosing next Pokemon to switch in...
Choosing next Pokemon to switch in...
Choosing next Pokemon to switch in...
Choosing next Pokemon to switch in...
Choosing next Pokemon to switch in...
Choosing next Pokemon to switch in...
Choosing next Pokemon to switch in...
Choosing next Pokemon to switch in...
Choosing next Pokemon to switch in...
Choosing next Pokemon to switch in...
Choosing next Pokemon to switch in...
Choosing next Pokemon to switch in...
Choosing next Pokemon to switch in...
Choosing next Pokemon to switch in...
Choosing next Pokemon to switch in...
Choosing next Pokemon to switch in...
Choosing next Pokemon to switch in...
Choosing next Pokemon to switch in...
Choosing next Pokemon to switch in...
Choosing next Pokemon to switch in...
Choosing next Pokemon to switch in...
Choosing next Pokemon to switch in...
Choosing next Pokemon to switch in...
Choosing next Pokemon to switch in...
Choosing next Pokemon to switch in...
Choosing next Pokemon to switch in...
Choosing next Pokemon to switch in...
Choosing next Pokemon to switch in...
Choosing next Pokemon to switch in...
Choosing next Pokemon to switch in...
Choosing next Pokemon to switch in...
Choosing next Pokemon to switch in...
Choosing next Pokemon to switch in...
Choosing next Pokemon to switch in...
Choosing next Pokemon to switch in...
Choosing next Pokemon to switch in...
Choosing next Pokemon to switch in...
Choosing next Pokemon to switch in...
Choosing next Pokemon to switch in...
Choosing next Pokemon to switch in...
Choosing next Pokemon to switch in...
Choosing next Pokemon to switch in...
Choosing next Pokemon to switch in...
Choosing next Pokemon to switch in...
Choosing next Pokemon to switch in...
Choosing next Pokemon to switch in...
Choosing next Pokemon to switch in...
Choosing next Pokemon to switch in...
Choosing next Pokemon to switch in...
Choosing next Pokemon to switch in...
Choosing next Pokemon to switch in...
Choosing next Pokemon to switch in...
Choosing next Pokemon to switch in...
Choosing next Pokemon to switch in...
Choosing next Pokemon to switch in...
Choosing next Pokemon to switch in...
Choosing next Pokemon to switch in...
Choosing next Pokemon to switch in...
Choosing next Pokemon to switch in...
Choosing next Pokemon to switch in...
Choosing next Pokemon to switch in...
Choosing next Pokemon to switch in...
Choosing next Pokemon to switch in...
Choosing next Pokemon to switch in...
Choosing next Pokemon to switch in...
Choosing next Pokemon to switch in...
Choosing next Pokemon to switch in...
Choosing next Pokemon to switch in...
Choosing next Pokemon to switch in...
Choosing next Pokemon to switch in...
Choosing next Pokemon to switch in...
Choosing next Pokemon to switch in...
Choosing next Pokemon to switch in...
Choosing next Pokemon to switch in...
Choosing next Pokemon to switch in...
Choosing next Pokemon to switch in...
Choosing next Pokemon to switch in...
Choosing next Pokemon to switch in...
Choosing next Pokemon to switch in...
Choosing next Pokemon to switch in...
Choosing next Pokemon to switch in...
Choosing next Pokemon to switch in...
Choosing next Pokemon to switch in...
Choosing next Pokemon to switch in...
Choosing next Pokemon to switch in...
Choosing next Pokemon to switch in...
Choosing next Pokemon to switch in...
Choosing next Pokemon to switch in...
Choosing next Pokemon to switch in...
Choosing next Pokemon to switch in...
Choosing next Pokemon to switch in...
Choosing next Pokemon to switch in...
Choosing next Pokemon to switch in...
Choosing next Pokemon to switch in...
Choosing next Pokemon to switch in...
Choosing next Pokemon to switch in...
Choosing next Pokemon to switch in...
Choosing next Pokemon to switch in...
Choosing next Pokemon to switch in...
Choosing next Pokemon to switch in...
Choosing next Pokemon to switch in...
Choosing next Pokemon to switch in...
Choosing next Pokemon to switch in...
Choosing next Pokemon to switch in...
Choosing next Pokemon to switch in...
Choosing next Pokemon to switch in...
Choosing next Pokemon to switch in...
Choosing next Pokemon to switch in...
Choosing next Pokemon to switch in...
Choosing next Pokemon to switch in...
Choosing next Pokemon to switch in...
Choosing next Pokemon to switch in...
Choosing next Pokemon to switch in...
Choosing next Pokemon to switch in...
Choosing next Pokemon to switch in...
Choosing next Pokemon to switch in...
Choosing next Pokemon to switch in...
Choosing next Pokemon to switch in...
Choosing next Pokemon to switch in...
Choosing next Pokemon to switch in...
Choosing next Pokemon to switch in...
Choosing next Pokemon to switch in...
Choosing next Pokemon to switch in...
Choosing next Pokemon to switch in...
Choosing next Pokemon to switch in...
Choosing next Pokemon to switch in...
Choosing next Pokemon to switch in...
Choosing next Pokemon to switch in...
Choosing next Pokemon to switch in...
Choosing next Pokemon to switch in...
Choosing next Pokemon to switch in...
Choosing next Pokemon to switch in...
Choosing next Pokemon to switch in...
Choosing next Pokemon to switch in...
Choosing next Pokemon to switch in...
Choosing next Pokemon to switch in...
Choosing next Pokemon to switch in...
Choosing next Pokemon to switch in...
Choosing next Pokemon to switch in...
Choosing next Pokemon to switch in...
Choosing next Pokemon to switch in...
Choosing next Pokemon to switch in...
Choosing next Pokemon to switch in...
Choosing next Pokemon to switch in...
Choosing next Pokemon to switch in...
Choosing next Pokemon to switch in...
Choosing next Pokemon to switch in...
Choosing next Pokemon to switch in...
Choosing next Pokemon to switch in...
Choosing next Pokemon to switch in...
Choosing next Pokemon to switch in...
Choosing next Pokemon to switch in...
Choosing next Pokemon to switch in...
Choosing next Pokemon to switch in...
Choosing next Pokemon to switch in...
Choosing next Pokemon to switch in...
Choosing next Pokemon to switch in...
Choosing next Pokemon to switch in...
Choosing next Pokemon to switch in...
Choosing next Pokemon to switch in...
Choosing next Pokemon to switch in...
Choosing next Pokemon to switch in...
Choosing next Pokemon to switch in...
Choosing next Pokemon to switch in...
Choosing next Pokemon to switch in...
Choosing next Pokemon to switch in...
Choosing next Pokemon to switch in...
Choosing next Pokemon to switch in...
Choosing next Pokemon to switch in...
Choosing next Pokemon to switch in...
Choosing next Pokemon to switch in...
Choosing next Pokemon to switch in...
Choosing next Pokemon to switch in...
Choosing next Pokemon to switch in...
Choosing next Pokemon to switch in...
Choosing next Pokemon to switch in...
Choosing next Pokemon to switch in...
Choosing next Pokemon to switch in...
Choosing next Pokemon to switch in...
Choosing next Pokemon to switch in...
Choosing next Pokemon to switch in...
Choosing next Pokemon to switch in...
Choosing next Pokemon to switch in...
Choosing next Pokemon to switch in...
Choosing next Pokemon to switch in...
Choosing next Pokemon to switch in...
Choosing next Pokemon to switch in...
Choosing next Pokemon to switch in...
Choosing next Pokemon to switch in...
Choosing next Pokemon to switch in...
Choosing next Pokemon to switch in...
Choosing next Pokemon to switch in...
Choosing next Pokemon to switch in...
Choosing next Pokemon to switch in...
Choosing next Pokemon to switch in...
Choosing next Pokemon to switch in...
Choosing next Pokemon to switch in...
Choosing next Pokemon to switch in...
Choosing next Pokemon to switch in...
Choosing next Pokemon to switch in...
Choosing next Pokemon to switch in...
Choosing next Pokemon to switch in...
Choosing next Pokemon to switch in...
Choosing next Pokemon to switch in...
Choosing next Pokemon to switch in...
Choosing next Pokemon to switch in...
Choosing next Pokemon to switch in...
Choosing next Pokemon to switch in...
Choosing next Pokemon to switch in...
Choosing next Pokemon to switch in...
Choosing next Pokemon to switch in...
Choosing next Pokemon to switch in...
Choosing next Pokemon to switch in...
Choosing next Pokemon to switch in...
Choosing next Pokemon to switch in...
Choosing next Pokemon to switch in...
Choosing next Pokemon to switch in...
Choosing next Pokemon to switch in...
Choosing next Pokemon to switch in...
Choosing next Pokemon to switch in...
Choosing next Pokemon to switch in...
Choosing next Pokemon to switch in...
Choosing next Pokemon to switch in...
Choosing next Pokemon to switch in...
Choosing next Pokemon to switch in...
Choosing next Pokemon to switch in...
Choosing next Pokemon to switch in...
Choosing next Pokemon to switch in...
Choosing next Pokemon to switch in...
Choosing next Pokemon to switch in...
Choosing next Pokemon to switch in...
Choosing next Pokemon to switch in...
Choosing next Pokemon to switch in...
Choosing next Pokemon to switch in...
Choosing next Pokemon to switch in...
Choosing next Pokemon to switch in...
Choosing next Pokemon to switch in...
Choosing next Pokemon to switch in...
Choosing next Pokemon to switch in...
Choosing next Pokemon to switch in...
Choosing next Pokemon to switch in...
Choosing next Pokemon to switch in...
Choosing next Pokemon to switch in...
Choosing next Pokemon to switch in...
Choosing next Pokemon to switch in...
Choosing next Pokemon to switch in...
Choosing next Pokemon to switch in...
Choosing next Pokemon to switch in...
Choosing next Pokemon to switch in...
Choosing next Pokemon to switch in...
Choosing next Pokemon to switch in...
Choosing next Pokemon to switch in...
Choosing next Pokemon to switch in...
Choosing next Pokemon to switch in...
Choosing next Pokemon to switch in...
Choosing next Pokemon to switch in...
Choosing next Pokemon to switch in...
Choosing next Pokemon to switch in...
Choosing next Pokemon to switch in...
Choosing next Pokemon to switch in...
Choosing next Pokemon to switch in...
Choosing next Pokemon to switch in...
Choosing next Pokemon to switch in...
Choosing next Pokemon to switch in...
Choosing next Pokemon to switch in...
Choosing next Pokemon to switch in...
Choosing next Pokemon to switch in...
Choosing next Pokemon to switch in...
Choosing next Pokemon to switch in...
Choosing next Pokemon to switch in...
Choosing next Pokemon to switch in...
Choosing next Pokemon to switch in...
Choosing next Pokemon to switch in...
Choosing next Pokemon to switch in...
Choosing next Pokemon to switch in...
Choosing next Pokemon to switch in...
Choosing next Pokemon to switch in...
Choosing next Pokemon to switch in...
Choosing next Pokemon to switch in...
Choosing next Pokemon to switch in...
Choosing next Pokemon to switch in...
Choosing next Pokemon to switch in...
Choosing next Pokemon to switch in...
Choosing next Pokemon to switch in...
Choosing next Pokemon to switch in...
Choosing next Pokemon to switch in...
Choosing next Pokemon to switch in...
Choosing next Pokemon to switch in...
Choosing next Pokemon to switch in...
Choosing next Pokemon to switch in...
Choosing next Pokemon to switch in...
Choosing next Pokemon to switch in...
Choosing next Pokemon to switch in...
Choosing next Pokemon to switch in...
Choosing next Pokemon to switch in...
Choosing next Pokemon to switch in...
Choosing next Pokemon to switch in...
Choosing next Pokemon to switch in...
Choosing next Pokemon to switch in...
Choosing next Pokemon to switch in...
Choosing next Pokemon to switch in...
Choosing next Pokemon to switch in...
Choosing next Pokemon to switch in...
Choosing next Pokemon to switch in...
Choosing next Pokemon to switch in...
Choosing next Pokemon to switch in...
Choosing next Pokemon to switch in...
Choosing next Pokemon to switch in...
Choosing next Pokemon to switch in...
Choosing next Pokemon to switch in...
Choosing next Pokemon to switch in...
Choosing next Pokemon to switch in...
Choosing next Pokemon to switch in...
Choosing next Pokemon to switch in...
Choosing next Pokemon to switch in...
Choosing next Pokemon to switch in...
Choosing next Pokemon to switch in...
Choosing next Pokemon to switch in...
Choosing next Pokemon to switch in...
Choosing next Pokemon to switch in...
Choosing next Pokemon to switch in...
Choosing next Pokemon to switch in...
Choosing next Pokemon to switch in...
Choosing next Pokemon to switch in...
Choosing next Pokemon to switch in...
Choosing next Pokemon to switch in...
Choosing next Pokemon to switch in...
Choosing next Pokemon to switch in...
Choosing next Pokemon to switch in...
Choosing next Pokemon to switch in...
Choosing next Pokemon to switch in...
Choosing next Pokemon to switch in...
Choosing next Pokemon to switch in...
Choosing next Pokemon to switch in...
Choosing next Pokemon to switch in...
Choosing next Pokemon to switch in...
Choosing next Pokemon to switch in...
Choosing next Pokemon to switch in...
Choosing next Pokemon to switch in...
Choosing next Pokemon to switch in...
Choosing next Pokemon to switch in...
Choosing next Pokemon to switch in...
Choosing next Pokemon to switch in...
Choosing next Pokemon to switch in...
Choosing next Pokemon to switch in...
Choosing next Pokemon to switch in...
Choosing next Pokemon to switch in...
Choosing next Pokemon to switch in...
Choosing next Pokemon to switch in...
Choosing next Pokemon to switch in...
Choosing next Pokemon to switch in...
Choosing next Pokemon to switch in...
Choosing next Pokemon to switch in...
Choosing next Pokemon to switch in...
Choosing next Pokemon to switch in...
Choosing next Pokemon to switch in...
Choosing next Pokemon to switch in...
Choosing next Pokemon to switch in...
Choosing next Pokemon to switch in...
Choosing next Pokemon to switch in...
Choosing next Pokemon to switch in...
Choosing next Pokemon to switch in...
Choosing next Pokemon to switch in...
Choosing next Pokemon to switch in...
Choosing next Pokemon to switch in...
Choosing next Pokemon to switch in...
Choosing next Pokemon to switch in...
Choosing next Pokemon to switch in...
Choosing next Pokemon to switch in...
Choosing next Pokemon to switch in...
Choosing next Pokemon to switch in...
Choosing next Pokemon to switch in...
Choosing next Pokemon to switch in...
Choosing next Pokemon to switch in...
Choosing next Pokemon to switch in...
Choosing next Pokemon to switch in...
Choosing next Pokemon to switch in...
Choosing next Pokemon to switch in...
Choosing next Pokemon to switch in...
Choosing next Pokemon to switch in...
Choosing next Pokemon to switch in...
Choosing next Pokemon to switch in...
Choosing next Pokemon to switch in...
Choosing next Pokemon to switch in...
Choosing next Pokemon to switch in...
Choosing next Pokemon to switch in...
Choosing next Pokemon to switch in...
Choosing next Pokemon to switch in...
Choosing next Pokemon to switch in...
Choosing next Pokemon to switch in...
Choosing next Pokemon to switch in...
Choosing next Pokemon to switch in...
Choosing next Pokemon to switch in...
Choosing next Pokemon to switch in...
Choosing next Pokemon to switch in...
Choosing next Pokemon to switch in...
Choosing next Pokemon to switch in...
Choosing next Pokemon to switch in...
Choosing next Pokemon to switch in...
Choosing next Pokemon to switch in...
Choosing next Pokemon to switch in...
Choosing next Pokemon to switch in...
Choosing next Pokemon to switch in...
Choosing next Pokemon to switch in...
Choosing next Pokemon to switch in...
Choosing next Pokemon to switch in...
Choosing next Pokemon to switch in...
Choosing next Pokemon to switch in...
Choosing next Pokemon to switch in...
Choosing next Pokemon to switch in...
Choosing next Pokemon to switch in...
Choosing next Pokemon to switch in...
Choosing next Pokemon to switch in...
Choosing next Pokemon to switch in...
Choosing next Pokemon to switch in...
Choosing next Pokemon to switch in...
Choosing next Pokemon to switch in...
Choosing next Pokemon to switch in...
Choosing next Pokemon to switch in...
Choosing next Pokemon to switch in...
Choosing next Pokemon to switch in...
Choosing next Pokemon to switch in...
Choosing next Pokemon to switch in...
Choosing next Pokemon to switch in...
Choosing next Pokemon to switch in...
Choosing next Pokemon to switch in...
Choosing next Pokemon to switch in...
Choosing next Pokemon to switch in...
Choosing next Pokemon to switch in...
Choosing next Pokemon to switch in...
Choosing next Pokemon to switch in...
Choosing next Pokemon to switch in...
Choosing next Pokemon to switch in...
Choosing next Pokemon to switch in...
Choosing next Pokemon to switch in...
Choosing next Pokemon to switch in...
Choosing next Pokemon to switch in...
Choosing next Pokemon to switch in...
Choosing next Pokemon to switch in...
Choosing next Pokemon to switch in...
Choosing next Pokemon to switch in...
Choosing next Pokemon to switch in...
Choosing next Pokemon to switch in...
Choosing next Pokemon to switch in...
Choosing next Pokemon to switch in...
Choosing next Pokemon to switch in...
Choosing next Pokemon to switch in...
Choosing next Pokemon to switch in...
Choosing next Pokemon to switch in...
Choosing next Pokemon to switch in...
Choosing next Pokemon to switch in...
Choosing next Pokemon to switch in...
Choosing next Pokemon to switch in...
Choosing next Pokemon to switch in...
Choosing next Pokemon to switch in...
Choosing next Pokemon to switch in...
Choosing next Pokemon to switch in...
Choosing next Pokemon to switch in...
Choosing next Pokemon to switch in...
Choosing next Pokemon to switch in...
Choosing next Pokemon to switch in...
Choosing next Pokemon to switch in...
Choosing next Pokemon to switch in...
Choosing next Pokemon to switch in...
Choosing next Pokemon to switch in...
Choosing next Pokemon to switch in...
Choosing next Pokemon to switch in...
Choosing next Pokemon to switch in...
Choosing next Pokemon to switch in...
Choosing next Pokemon to switch in...
Choosing next Pokemon to switch in...
Choosing next Pokemon to switch in...
Choosing next Pokemon to switch in...
Choosing next Pokemon to switch in...
Choosing next Pokemon to switch in...
Choosing next Pokemon to switch in...
Choosing next Pokemon to switch in...
Choosing next Pokemon to switch in...
Choosing next Pokemon to switch in...
Choosing next Pokemon to switch in...
Choosing next Pokemon to switch in...
Choosing next Pokemon to switch in...
Choosing next Pokemon to switch in...
Choosing next Pokemon to switch in...
Choosing next Pokemon to switch in...
Choosing next Pokemon to switch in...
Choosing next Pokemon to switch in...
Choosing next Pokemon to switch in...
Choosing next Pokemon to switch in...
Choosing next Pokemon to switch in...
Choosing next Pokemon to switch in...
Choosing next Pokemon to switch in...
Choosing next Pokemon to switch in...
Choosing next Pokemon to switch in...
Choosing next Pokemon to switch in...
Choosing next Pokemon to switch in...
Choosing next Pokemon to switch in...
Choosing next Pokemon to switch in...
Choosing next Pokemon to switch in...
Choosing next Pokemon to switch in...
Choosing next Pokemon to switch in...
Choosing next Pokemon to switch in...
Choosing next Pokemon to switch in...
Choosing next Pokemon to switch in...
Choosing next Pokemon to switch in...
Choosing next Pokemon to switch in...
Choosing next Pokemon to switch in...
Choosing next Pokemon to switch in...
Choosing next Pokemon to switch in...
Choosing next Pokemon to switch in...
Choosing next Pokemon to switch in...
Choosing next Pokemon to switch in...
Choosing next Pokemon to switch in...
Choosing next Pokemon to switch in...
Choosing next Pokemon to switch in...
Choosing next Pokemon to switch in...
Choosing next Pokemon to switch in...
Choosing next Pokemon to switch in...
Choosing next Pokemon to switch in...
Choosing next Pokemon to switch in...
Choosing next Pokemon to switch in...
Choosing next Pokemon to switch in...
Choosing next Pokemon to switch in...
Choosing next Pokemon to switch in...
Choosing next Pokemon to switch in...
Choosing next Pokemon to switch in...
Choosing next Pokemon to switch in...
Choosing next Pokemon to switch in...
Choosing next Pokemon to switch in...
Choosing next Pokemon to switch in...
Choosing next Pokemon to switch in...
Choosing next Pokemon to switch in...
Choosing next Pokemon to switch in...
Choosing next Pokemon to switch in...
Choosing next Pokemon to switch in...
Choosing next Pokemon to switch in...
Choosing next Pokemon to switch in...
Choosing next Pokemon to switch in...
Choosing next Pokemon to switch in...
Choosing next Pokemon to switch in...
Choosing next Pokemon to switch in...
Choosing next Pokemon to switch in...
Choosing next Pokemon to switch in...
Choosing next Pokemon to switch in...
Choosing next Pokemon to switch in...
Choosing next Pokemon to switch in...
Choosing next Pokemon to switch in...
Choosing next Pokemon to switch in...
Choosing next Pokemon to switch in...
Choosing next Pokemon to switch in...
Choosing next Pokemon to switch in...
Choosing next Pokemon to switch in...
Choosing next Pokemon to switch in...
Choosing next Pokemon to switch in...
Choosing next Pokemon to switch in...
Choosing next Pokemon to switch in...
Choosing next Pokemon to switch in...
Choosing next Pokemon to switch in...
Choosing next Pokemon to switch in...
Choosing next Pokemon to switch in...
Choosing next Pokemon to switch in...
Choosing next Pokemon to switch in...
Choosing next Pokemon to switch in...
Choosing next Pokemon to switch in...
Choosing next Pokemon to switch in...
Choosing next Pokemon to switch in...
Choosing next Pokemon to switch in...
Choosing next Pokemon to switch in...
Choosing next Pokemon to switch in...
Choosing next Pokemon to switch in...
Choosing next Pokemon to switch in...
Choosing next Pokemon to switch in...
Choosing next Pokemon to switch in...
Choosing next Pokemon to switch in...
Choosing next Pokemon to switch in...
Choosing next Pokemon to switch in...
Choosing next Pokemon to switch in...
Choosing next Pokemon to switch in...
Choosing next Pokemon to switch in...
Choosing next Pokemon to switch in...
Choosing next Pokemon to switch in...
Choosing next Pokemon to switch in...
Choosing next Pokemon to switch in...
Choosing next Pokemon to switch in...
Choosing next Pokemon to switch in...
Choosing next Pokemon to switch in...
Choosing next Pokemon to switch in...
Choosing next Pokemon to switch in...
Choosing next Pokemon to switch in...
Choosing next Pokemon to switch in...
Choosing next Pokemon to switch in...
Choosing next Pokemon to switch in...
Choosing next Pokemon to switch in...
Choosing next Pokemon to switch in...
Choosing next Pokemon to switch in...
Choosing next Pokemon to switch in...
Choosing next Pokemon to switch in...
Choosing next Pokemon to switch in...
Choosing next Pokemon to switch in...
Choosing next Pokemon to switch in...
Choosing next Pokemon to switch in...
Choosing next Pokemon to switch in...
Choosing next Pokemon to switch in...
Choosing next Pokemon to switch in...
Choosing next Pokemon to switch in...
Choosing next Pokemon to switch in...
Choosing next Pokemon to switch in...
Choosing next Pokemon to switch in...
Choosing next Pokemon to switch in...
Choosing next Pokemon to switch in...
Choosing next Pokemon to switch in...
Choosing next Pokemon to switch in...
Choosing next Pokemon to switch in...
Choosing next Pokemon to switch in...
Choosing next Pokemon to switch in...
Choosing next Pokemon to switch in...
Choosing next Pokemon to switch in...
Choosing next Pokemon to switch in...
Choosing next Pokemon to switch in...
Choosing next Pokemon to switch in...
Choosing next Pokemon to switch in...
Choosing next Pokemon to switch in...
Choosing next Pokemon to switch in...
Choosing next Pokemon to switch in...
Choosing next Pokemon to switch in...
Choosing next Pokemon to switch in...
Choosing next Pokemon to switch in...
Choosing next Pokemon to switch in...
Choosing next Pokemon to switch in...
Choosing next Pokemon to switch in...
Choosing next Pokemon to switch in...
Choosing next Pokemon to switch in...
Choosing next Pokemon to switch in...
Choosing next Pokemon to switch in...
Choosing next Pokemon to switch in...
Choosing next Pokemon to switch in...
Choosing next Pokemon to switch in...
Choosing next Pokemon to switch in...
Choosing next Pokemon to switch in...
Choosing next Pokemon to switch in...
Choosing next Pokemon to switch in...
Choosing next Pokemon to switch in...
Choosing next Pokemon to switch in...
Choosing next Pokemon to switch in...
Choosing next Pokemon to switch in...
Choosing next Pokemon to switch in...
Choosing next Pokemon to switch in...
Choosing next Pokemon to switch in...
Choosing next Pokemon to switch in...
Choosing next Pokemon to switch in...
Choosing next Pokemon to switch in...
Choosing next Pokemon to switch in...
Choosing next Pokemon to switch in...
Choosing next Pokemon to switch in...
Choosing next Pokemon to switch in...
Choosing next Pokemon to switch in...
Choosing next Pokemon to switch in...
Choosing next Pokemon to switch in...
Choosing next Pokemon to switch in...
Choosing next Pokemon to switch in...
Choosing next Pokemon to switch in...
Choosing next Pokemon to switch in...
Choosing next Pokemon to switch in...
Choosing next Pokemon to switch in...
Choosing next Pokemon to switch in...
Choosing next Pokemon to switch in...
Choosing next Pokemon to switch in...
Choosing next Pokemon to switch in...
Choosing next Pokemon to switch in...
Choosing next Pokemon to switch in...
Choosing next Pokemon to switch in...
Choosing next Pokemon to switch in...
Choosing next Pokemon to switch in...
Choosing next Pokemon to switch in...
Choosing next Pokemon to switch in...
Choosing next Pokemon to switch in...
Choosing next Pokemon to switch in...
Choosing next Pokemon to switch in...
Choosing next Pokemon to switch in...
Choosing next Pokemon to switch in...
Choosing next Pokemon to switch in...
Choosing next Pokemon to switch in...
Choosing next Pokemon to switch in...
Choosing next Pokemon to switch in...
Choosing next Pokemon to switch in...
Choosing next Pokemon to switch in...
Choosing next Pokemon to switch in...
Choosing next Pokemon to switch in...
Choosing next Pokemon to switch in...
Choosing next Pokemon to switch in...
Choosing next Pokemon to switch in...
Choosing next Pokemon to switch in...
Choosing next Pokemon to switch in...
Choosing next Pokemon to switch in...
Choosing next Pokemon to switch in...
Choosing next Pokemon to switch in...
Choosing next Pokemon to switch in...
Choosing next Pokemon to switch in...
Choosing next Pokemon to switch in...
Choosing next Pokemon to switch in...
Choosing next Pokemon to switch in...
Choosing next Pokemon to switch in...
Choosing next Pokemon to switch in...
Choosing next Pokemon to switch in...
Choosing next Pokemon to switch in...
Choosing next Pokemon to switch in...
Choosing next Pokemon to switch in...
Choosing next Pokemon to switch in...
Choosing next Pokemon to switch in...
Choosing next Pokemon to switch in...
Choosing next Pokemon to switch in...
Choosing next Pokemon to switch in...
Choosing next Pokemon to switch in...
Choosing next Pokemon to switch in...
Choosing next Pokemon to switch in...
Choosing next Pokemon to switch in...
Choosing next Pokemon to switch in...
Choosing next Pokemon to switch in...
Choosing next Pokemon to switch in...
Choosing next Pokemon to switch in...
Choosing next Pokemon to switch in...
Choosing next Pokemon to switch in...
Choosing next Pokemon to switch in...
Choosing next Pokemon to switch in...
Choosing next Pokemon to switch in...
Choosing next Pokemon to switch in...
Choosing next Pokemon to switch in...
Choosing next Pokemon to switch in...
Choosing next Pokemon to switch in...
Choosing next Pokemon to switch in...
Choosing next Pokemon to switch in...
Choosing next Pokemon to switch in...
Choosing next Pokemon to switch in...
Choosing next Pokemon to switch in...
Choosing next Pokemon to switch in...
Choosing next Pokemon to switch in...
Choosing next Pokemon to switch in...
Choosing next Pokemon to switch in...
Choosing next Pokemon to switch in...
Choosing next Pokemon to switch in...
Choosing next Pokemon to switch in...
Choosing next Pokemon to switch in...
Choosing next Pokemon to switch in...
Choosing next Pokemon to switch in...
Choosing next Pokemon to switch in...
Choosing next Pokemon to switch in...
Choosing next Pokemon to switch in...
Choosing next Pokemon to switch in...
Choosing next Pokemon to switch in...
Choosing next Pokemon to switch in...
Choosing next Pokemon to switch in...
Choosing next Pokemon to switch in...
Choosing next Pokemon to switch in...
Choosing next Pokemon to switch in...
Choosing next Pokemon to switch in...
Choosing next Pokemon to switch in...
Choosing next Pokemon to switch in...
Choosing next Pokemon to switch in...
Choosing next Pokemon to switch in...
Choosing next Pokemon to switch in...
Choosing next Pokemon to switch in...
Choosing next Pokemon to switch in...
Choosing next Pokemon to switch in...
Choosing next Pokemon to switch in...
Choosing next Pokemon to switch in...
Choosing next Pokemon to switch in...
Choosing next Pokemon to switch in...
Choosing next Pokemon to switch in...
Choosing next Pokemon to switch in...
Choosing next Pokemon to switch in...
Choosing next Pokemon to switch in...
Choosing next Pokemon to switch in...
Choosing next Pokemon to switch in...
Choosing next Pokemon to switch in...
Choosing next Pokemon to switch in...
Choosing next Pokemon to switch in...
Choosing next Pokemon to switch in...
Choosing next Pokemon to switch in...
Choosing next Pokemon to switch in...
Choosing next Pokemon to switch in...
Choosing next Pokemon to switch in...
Choosing next Pokemon to switch in...
Choosing next Pokemon to switch in...
Choosing next Pokemon to switch in...
Choosing next Pokemon to switch in...
Choosing next Pokemon to switch in...
Choosing next Pokemon to switch in...
Choosing next Pokemon to switch in...
Choosing next Pokemon to switch in...
Choosing next Pokemon to switch in...
Choosing next Pokemon to switch in...
Choosing next Pokemon to switch in...
Choosing next Pokemon to switch in...
Choosing next Pokemon to switch in...
Choosing next Pokemon to switch in...
Choosing next Pokemon to switch in...
Choosing next Pokemon to switch in...
Choosing next Pokemon to switch in...
Choosing next Pokemon to switch in...
Choosing next Pokemon to switch in...
Choosing next Pokemon to switch in...
Choosing next Pokemon to switch in...
Choosing next Pokemon to switch in...
Choosing next Pokemon to switch in...
Choosing next Pokemon to switch in...
Choosing next Pokemon to switch in...
Choosing next Pokemon to switch in...
Choosing next Pokemon to switch in...
Choosing next Pokemon to switch in...
Choosing next Pokemon to switch in...
Choosing next Pokemon to switch in...
Choosing next Pokemon to switch in...
Choosing next Pokemon to switch in...
Choosing next Pokemon to switch in...
Choosing next Pokemon to switch in...
Choosing next Pokemon to switch in...
Choosing next Pokemon to switch in...
Choosing next Pokemon to switch in...
Choosing next Pokemon to switch in...
Choosing next Pokemon to switch in...
Choosing next Pokemon to switch in...
Choosing next Pokemon to switch in...
Choosing next Pokemon to switch in...
Choosing next Pokemon to switch in...
Choosing next Pokemon to switch in...
Choosing next Pokemon to switch in...
Choosing next Pokemon to switch in...
Choosing next Pokemon to switch in...
Choosing next Pokemon to switch in...
Choosing next Pokemon to switch in...
Choosing next Pokemon to switch in...
Choosing next Pokemon to switch in...
Choosing next Pokemon to switch in...
Choosing next Pokemon to switch in...
Choosing next Pokemon to switch in...
Choosing next Pokemon to switch in...
Choosing next Pokemon to switch in...
Choosing next Pokemon to switch in...
Choosing next Pokemon to switch in...
Choosing next Pokemon to switch in...
Choosing next Pokemon to switch in...
Choosing next Pokemon to switch in...
Choosing next Pokemon to switch in...
Choosing next Pokemon to switch in...
Choosing next Pokemon to switch in...
Choosing next Pokemon to switch in...
Choosing next Pokemon to switch in...
Choosing next Pokemon to switch in...
Choosing next Pokemon to switch in...
Choosing next Pokemon to switch in...
Choosing next Pokemon to switch in...
Choosing next Pokemon to switch in...
Choosing next Pokemon to switch in...
Choosing next Pokemon to switch in...
Choosing next Pokemon to switch in...
Choosing next Pokemon to switch in...
Choosing next Pokemon to switch in...
Choosing next Pokemon to switch in...
Choosing next Pokemon to switch in...
Choosing next Pokemon to switch in...
Choosing next Pokemon to switch in...
Choosing next Pokemon to switch in...
Choosing next Pokemon to switch in...
Choosing next Pokemon to switch in...
Choosing next Pokemon to switch in...
Choosing next Pokemon to switch in...
Choosing next Pokemon to switch in...
Choosing next Pokemon to switch in...
Choosing next Pokemon to switch in...
Choosing next Pokemon to switch in...
Choosing next Pokemon to switch in...
Choosing next Pokemon to switch in...
Choosing next Pokemon to switch in...
Choosing next Pokemon to switch in...
Choosing next Pokemon to switch in...
Choosing next Pokemon to switch in...
Choosing next Pokemon to switch in...
Choosing next Pokemon to switch in...
Choosing next Pokemon to switch in...
Choosing next Pokemon to switch in...
Choosing next Pokemon to switch in...
Choosing next Pokemon to switch in...
Choosing next Pokemon to switch in...
Choosing next Pokemon to switch in...
Choosing next Pokemon to switch in...
Choosing next Pokemon to switch in...
Choosing next Pokemon to switch in...
Choosing next Pokemon to switch in...
Choosing next Pokemon to switch in...
Choosing next Pokemon to switch in...
Choosing next Pokemon to switch in...
Choosing next Pokemon to switch in...
Choosing next Pokemon to switch in...
Choosing next Pokemon to switch in...
Choosing next Pokemon to switch in...
Choosing next Pokemon to switch in...
Choosing next Pokemon to switch in...
Choosing next Pokemon to switch in...
Choosing next Pokemon to switch in...
Choosing next Pokemon to switch in...
Choosing next Pokemon to switch in...
Choosing next Pokemon to switch in...
Choosing next Pokemon to switch in...
Choosing next Pokemon to switch in...
Choosing next Pokemon to switch in...
Choosing next Pokemon to switch in...
Choosing next Pokemon to switch in...
Choosing next Pokemon to switch in...
Choosing next Pokemon to switch in...
Choosing next Pokemon to switch in...
Choosing next Pokemon to switch in...
Choosing next Pokemon to switch in...
Choosing next Pokemon to switch in...
Choosing next Pokemon to switch in...
Choosing next Pokemon to switch in...
Choosing next Pokemon to switch in...
Choosing next Pokemon to switch in...
Choosing next Pokemon to switch in...
Choosing next Pokemon to switch in...
Choosing next Pokemon to switch in...
Choosing next Pokemon to switch in...
Choosing next Pokemon to switch in...
Choosing next Pokemon to switch in...
Choosing next Pokemon to switch in...
Choosing next Pokemon to switch in...
Choosing next Pokemon to switch in...
Choosing next Pokemon to switch in...
Choosing next Pokemon to switch in...
Choosing next Pokemon to switch in...
Choosing next Pokemon to switch in...
Choosing next Pokemon to switch in...
Choosing next Pokemon to switch in...
Choosing next Pokemon to switch in...
Choosing next Pokemon to switch in...
Choosing next Pokemon to switch in...
Choosing next Pokemon to switch in...
Choosing next Pokemon to switch in...
Choosing next Pokemon to switch in...
Choosing next Pokemon to switch in...
Choosing next Pokemon to switch in...
Choosing next Pokemon to switch in...
Choosing next Pokemon to switch in...
Choosing next Pokemon to switch in...
Choosing next Pokemon to switch in...
Choosing next Pokemon to switch in...
Choosing next Pokemon to switch in...
Choosing next Pokemon to switch in...
Choosing next Pokemon to switch in...
Choosing next Pokemon to switch in...
Choosing next Pokemon to switch in...
Choosing next Pokemon to switch in...
Choosing next Pokemon to switch in...
Choosing next Pokemon to switch in...
Choosing next Pokemon to switch in...
Choosing next Pokemon to switch in...
Choosing next Pokemon to switch in...
Choosing next Pokemon to switch in...
Choosing next Pokemon to switch in...
Choosing next Pokemon to switch in...
Choosing next Pokemon to switch in...
Choosing next Pokemon to switch in...
Choosing next Pokemon to switch in...
Choosing next Pokemon to switch in...
Choosing next Pokemon to switch in...
Choosing next Pokemon to switch in...
Choosing next Pokemon to switch in...
Choosing next Pokemon to switch in...
Choosing next Pokemon to switch in...
Choosing next Pokemon to switch in...
Choosing next Pokemon to switch in...
Choosing next Pokemon to switch in...
Choosing next Pokemon to switch in...
Choosing next Pokemon to switch in...
Choosing next Pokemon to switch in...
Choosing next Pokemon to switch in...
Choosing next Pokemon to switch in...
Choosing next Pokemon to switch in...
Choosing next Pokemon to switch in...
Choosing next Pokemon to switch in...
Choosing next Pokemon to switch in...
Choosing next Pokemon to switch in...
Choosing next Pokemon to switch in...
Choosing next Pokemon to switch in...
Choosing next Pokemon to switch in...
Choosing next Pokemon to switch in...
Choosing next Pokemon to switch in...
Choosing next Pokemon to switch in...
Choosing next Pokemon to switch in...
Choosing next Pokemon to switch in...
Choosing next Pokemon to switch in...
Choosing next Pokemon to switch in...
Choosing next Pokemon to switch in...
Choosing next Pokemon to switch in...
Choosing next Pokemon to switch in...
Choosing next Pokemon to switch in...
Choosing next Pokemon to switch in...
Choosing next Pokemon to switch in...
Choosing next Pokemon to switch in...
Choosing next Pokemon to switch in...
Choosing next Pokemon to switch in...
Choosing next Pokemon to switch in...
Choosing next Pokemon to switch in...
Choosing next Pokemon to switch in...
Choosing next Pokemon to switch in...
Choosing next Pokemon to switch in...
Choosing next Pokemon to switch in...
Choosing next Pokemon to switch in...
Choosing next Pokemon to switch in...
Choosing next Pokemon to switch in...
Choosing next Pokemon to switch in...
Choosing next Pokemon to switch in...
Choosing next Pokemon to switch in...
Choosing next Pokemon to switch in...
Choosing next Pokemon to switch in...
Choosing next Pokemon to switch in...
Choosing next Pokemon to switch in...
Choosing next Pokemon to switch in...
Choosing next Pokemon to switch in...
Choosing next Pokemon to switch in...
Choosing next Pokemon to switch in...
Choosing next Pokemon to switch in...
Choosing next Pokemon to switch in...
Choosing next Pokemon to switch in...
Choosing next Pokemon to switch in...
Choosing next Pokemon to switch in...
Choosing next Pokemon to switch in...
Choosing next Pokemon to switch in...
Choosing next Pokemon to switch in...
Choosing next Pokemon to switch in...
Choosing next Pokemon to switch in...
Choosing next Pokemon to switch in...
Choosing next Pokemon to switch in...
Choosing next Pokemon to switch in...
Choosing next Pokemon to switch in...
Choosing next Pokemon to switch in...
Choosing next Pokemon to switch in...
Choosing next Pokemon to switch in...
Choosing next Pokemon to switch in...
Choosing next Pokemon to switch in...
Choosing next Pokemon to switch in...
Choosing next Pokemon to switch in...
Choosing next Pokemon to switch in...
Choosing next Pokemon to switch in...
Choosing next Pokemon to switch in...
Choosing next Pokemon to switch in...
Choosing next Pokemon to switch in...
Choosing next Pokemon to switch in...
Choosing next Pokemon to switch in...
Choosing next Pokemon to switch in...
Choosing next Pokemon to switch in...
Choosing next Pokemon to switch in...
Choosing next Pokemon to switch in...
Choosing next Pokemon to switch in...
Choosing next Pokemon to switch in...
Choosing next Pokemon to switch in...
Choosing next Pokemon to switch in...
Choosing next Pokemon to switch in...
Choosing next Pokemon to switch in...
Choosing next Pokemon to switch in...
Choosing next Pokemon to switch in...
Choosing next Pokemon to switch in...
Choosing next Pokemon to switch in...
Choosing next Pokemon to switch in...
Choosing next Pokemon to switch in...
Choosing next Pokemon to switch in...
Choosing next Pokemon to switch in...
Choosing next Pokemon to switch in...
Choosing next Pokemon to switch in...
Choosing next Pokemon to switch in...
Choosing next Pokemon to switch in...
Choosing next Pokemon to switch in...
Choosing next Pokemon to switch in...
Choosing next Pokemon to switch in...
Choosing next Pokemon to switch in...
Choosing next Pokemon to switch in...
Choosing next Pokemon to switch in...
Choosing next Pokemon to switch in...
Choosing next Pokemon to switch in...
Choosing next Pokemon to switch in...
Choosing next Pokemon to switch in...
Choosing next Pokemon to switch in...
Choosing next Pokemon to switch in...
Choosing next Pokemon to switch in...
Choosing next Pokemon to switch in...
Choosing next Pokemon to switch in...
Choosing next Pokemon to switch in...
Choosing next Pokemon to switch in...
Choosing next Pokemon to switch in...
Choosing next Pokemon to switch in...
Choosing next Pokemon to switch in...
Choosing next Pokemon to switch in...
Choosing next Pokemon to switch in...
Choosing next Pokemon to switch in...
Choosing next Pokemon to switch in...
Choosing next Pokemon to switch in...
Choosing next Pokemon to switch in...
Choosing next Pokemon to switch in...
Choosing next Pokemon to switch in...
Choosing next Pokemon to switch in...
Choosing next Pokemon to switch in...
Choosing next Pokemon to switch in...
Choosing next Pokemon to switch in...
Choosing next Pokemon to switch in...
Choosing next Pokemon to switch in...
Choosing next Pokemon to switch in...
Choosing next Pokemon to switch in...
Choosing next Pokemon to switch in...
Choosing next Pokemon to switch in...
Choosing next Pokemon to switch in...
Choosing next Pokemon to switch in...
Choosing next Pokemon to switch in...
Choosing next Pokemon to switch in...
Choosing next Pokemon to switch in...
Choosing next Pokemon to switch in...
Choosing next Pokemon to switch in...
Choosing next Pokemon to switch in...
Choosing next Pokemon to switch in...
Choosing next Pokemon to switch in...
Choosing next Pokemon to switch in...
Choosing next Pokemon to switch in...
Choosing next Pokemon to switch in...
Choosing next Pokemon to switch in...
Choosing next Pokemon to switch in...
Choosing next Pokemon to switch in...
Choosing next Pokemon to switch in...
Choosing next Pokemon to switch in...
Choosing next Pokemon to switch in...
Choosing next Pokemon to switch in...
Choosing next Pokemon to switch in...
Choosing next Pokemon to switch in...
Choosing next Pokemon to switch in...
Choosing next Pokemon to switch in...
Choosing next Pokemon to switch in...
Choosing next Pokemon to switch in...
Choosing next Pokemon to switch in...
Choosing next Pokemon to switch in...
Choosing next Pokemon to switch in...
Choosing next Pokemon to switch in...
Choosing next Pokemon to switch in...
Choosing next Pokemon to switch in...
Choosing next Pokemon to switch in...
Choosing next Pokemon to switch in...
Choosing next Pokemon to switch in...
Choosing next Pokemon to switch in...
Choosing next Pokemon to switch in...
Choosing next Pokemon to switch in...
Choosing next Pokemon to switch in...
Choosing next Pokemon to switch in...
Choosing next Pokemon to switch in...
Choosing next Pokemon to switch in...
Choosing next Pokemon to switch in...
Choosing next Pokemon to switch in...
Choosing next Pokemon to switch in...
Choosing next Pokemon to switch in...
Choosing next Pokemon to switch in...
Choosing next Pokemon to switch in...
Choosing next Pokemon to switch in...
Choosing next Pokemon to switch in...
Choosing next Pokemon to switch in...
Choosing next Pokemon to switch in...
Choosing next Pokemon to switch in...
Choosing next Pokemon to switch in...
Choosing next Pokemon to switch in...
Choosing next Pokemon to switch in...
Choosing next Pokemon to switch in...
Choosing next Pokemon to switch in...
Choosing next Pokemon to switch in...
Choosing next Pokemon to switch in...
Choosing next Pokemon to switch in...
Choosing next Pokemon to switch in...
Choosing next Pokemon to switch in...
Choosing next Pokemon to switch in...
Choosing next Pokemon to switch in...
Choosing next Pokemon to switch in...
Choosing next Pokemon to switch in...
Choosing next Pokemon to switch in...
Choosing next Pokemon to switch in...
Choosing next Pokemon to switch in...
Choosing next Pokemon to switch in...
Choosing next Pokemon to switch in...
Choosing next Pokemon to switch in...
Choosing next Pokemon to switch in...
Choosing next Pokemon to switch in...
Choosing next Pokemon to switch in...
Choosing next Pokemon to switch in...
Choosing next Pokemon to switch in...
Choosing next Pokemon to switch in...
Choosing next Pokemon to switch in...
Choosing next Pokemon to switch in...
Choosing next Pokemon to switch in...
Choosing next Pokemon to switch in...
Choosing next Pokemon to switch in...
Choosing next Pokemon to switch in...
Choosing next Pokemon to switch in...
Choosing next Pokemon to switch in...
Choosing next Pokemon to switch in...
Choosing next Pokemon to switch in...
Choosing next Pokemon to switch in...
Choosing next Pokemon to switch in...
Choosing next Pokemon to switch in...
Choosing next Pokemon to switch in...
Choosing next Pokemon to switch in...
Choosing next Pokemon to switch in...
Choosing next Pokemon to switch in...
Choosing next Pokemon to switch in...
Choosing next Pokemon to switch in...
Choosing next Pokemon to switch in...
Choosing next Pokemon to switch in...
Choosing next Pokemon to switch in...
Choosing next Pokemon to switch in...
Choosing next Pokemon to switch in...
Choosing next Pokemon to switch in...
Choosing next Pokemon to switch in...
Choosing next Pokemon to switch in...
Choosing next Pokemon to switch in...
Choosing next Pokemon to switch in...
Choosing next Pokemon to switch in...
Choosing next Pokemon to switch in...
Choosing next Pokemon to switch in...
Choosing next Pokemon to switch in...
Choosing next Pokemon to switch in...
Choosing next Pokemon to switch in...
Choosing next Pokemon to switch in...
Choosing next Pokemon to switch in...
Choosing next Pokemon to switch in...
Choosing next Pokemon to switch in...
Choosing next Pokemon to switch in...
Choosing next Pokemon to switch in...
Choosing next Pokemon to switch in...
Choosing next Pokemon to switch in...
Choosing next Pokemon to switch in...
Choosing next Pokemon to switch in...
Choosing next Pokemon to switch in...
Choosing next Pokemon to switch in...
Choosing next Pokemon to switch in...
Choosing next Pokemon to switch in...
Choosing next Pokemon to switch in...
Choosing next Pokemon to switch in...
Choosing next Pokemon to switch in...
Choosing next Pokemon to switch in...
Choosing next Pokemon to switch in...
Choosing next Pokemon to switch in...
Choosing next Pokemon to switch in...
Choosing next Pokemon to switch in...
Choosing next Pokemon to switch in...
Choosing next Pokemon to switch in...
Choosing next Pokemon to switch in...
Choosing next Pokemon to switch in...
Choosing next Pokemon to switch in...
Choosing next Pokemon to switch in...
Choosing next Pokemon to switch in...
Choosing next Pokemon to switch in...
Choosing next Pokemon to switch in...
Choosing next Pokemon to switch in...
Choosing next Pokemon to switch in...
Choosing next Pokemon to switch in...
Choosing next Pokemon to switch in...
Choosing next Pokemon to switch in...
Choosing next Pokemon to switch in...
Choosing next Pokemon to switch in...
Choosing next Pokemon to switch in...
Choosing next Pokemon to switch in...
Choosing next Pokemon to switch in...
Game 1 completed. Episodes done: 1
Game 2 completed. Episodes done: 2
Game 3 completed. Episodes done: 3
Game 4 completed. Episodes done: 4
Game 5 completed. Episodes done: 5
Game 6 completed. Episodes done: 6
Game 7 completed. Episodes done: 7
Game 8 completed. Episodes done: 8
Game 9 completed. Episodes done: 9
Game 10 completed. Episodes done: 10
Game 11 completed. Episodes done: 11
Game 12 completed. Episodes done: 12
Game 13 completed. Episodes done: 13
Game 14 completed. Episodes done: 14
Game 15 completed. Episodes done: 15
Game 16 completed. Episodes done: 16
Game 17 completed. Episodes done: 17
Game 18 completed. Episodes done: 18
Game 19 completed. Episodes done: 19
Game 20 completed. Episodes done: 20
Game 21 completed. Episodes done: 21
Game 22 completed. Episodes done: 22
Game 23 completed. Episodes done: 23
Game 24 completed. Episodes done: 24
Game 25 completed. Episodes done: 25
Game 26 completed. Episodes done: 26
Game 27 completed. Episodes done: 27
Game 28 completed. Episodes done: 28
Game 29 completed. Episodes done: 29
Game 30 completed. Episodes done: 30
Game 31 completed. Episodes done: 31
Game 32 completed. Episodes done: 32
Game 33 completed. Episodes done: 33
Game 34 completed. Episodes done: 34
Game 35 completed. Episodes done: 35
Game 36 completed. Episodes done: 36
Game 37 completed. Episodes done: 37
Game 38 completed. Episodes done: 38
Game 39 completed. Episodes done: 39
Game 40 completed. Episodes done: 40
Game 41 completed. Episodes done: 41
Game 42 completed. Episodes done: 42
Game 43 completed. Episodes done: 43
Game 44 completed. Episodes done: 44
Game 45 completed. Episodes done: 45
Game 46 completed. Episodes done: 46
Game 47 completed. Episodes done: 47
Game 48 completed. Episodes done: 48
Game 49 completed. Episodes done: 49
Game 50 completed. Episodes done: 50
Game 51 completed. Episodes done: 52
Game 52 completed. Episodes done: 53
Game 53 completed. Episodes done: 54
Game 54 completed. Episodes done: 55
Game 55 completed. Episodes done: 56
Game 56 completed. Episodes done: 57
Game 57 completed. Episodes done: 58
Game 58 completed. Episodes done: 59
Game 59 completed. Episodes done: 60
Game 60 completed. Episodes done: 61
Game 61 completed. Episodes done: 62
Game 62 completed. Episodes done: 63
Game 63 completed. Episodes done: 64
Game 64 completed. Episodes done: 65
Game 65 completed. Episodes done: 66
Game 66 completed. Episodes done: 67
Game 67 completed. Episodes done: 68
Game 68 completed. Episodes done: 69
Game 69 completed. Episodes done: 70
Game 70 completed. Episodes done: 71
Game 71 completed. Episodes done: 72
Game 72 completed. Episodes done: 73
Game 73 completed. Episodes done: 74
Game 74 completed. Episodes done: 75
Game 75 completed. Episodes done: 76
Game 76 completed. Episodes done: 77
Game 77 completed. Episodes done: 78
Game 78 completed. Episodes done: 79
Game 79 completed. Episodes done: 80
Game 80 completed. Episodes done: 81
Game 81 completed. Episodes done: 82
Game 82 completed. Episodes done: 83
Game 83 completed. Episodes done: 84
Game 84 completed. Episodes done: 85
Game 85 completed. Episodes done: 86
Game 86 completed. Episodes done: 87
Game 87 completed. Episodes done: 88
Game 88 completed. Episodes done: 89
Game 89 completed. Episodes done: 90
Game 90 completed. Episodes done: 91
Game 91 completed. Episodes done: 92
Game 92 completed. Episodes done: 93
Game 93 completed. Episodes done: 94
Game 94 completed. Episodes done: 95
Game 95 completed. Episodes done: 96
Game 96 completed. Episodes done: 97
Game 97 completed. Episodes done: 98
Game 98 completed. Episodes done: 99
Game 99 completed. Episodes done: 100
Game 100 completed. Episodes done: 101
Game 101 completed. Episodes done: 102
Game 102 completed. Episodes done: 103
Game 103 completed. Episodes done: 104
Game 104 completed. Episodes done: 105
Game 105 completed. Episodes done: 106
Game 106 completed. Episodes done: 108
Game 107 completed. Episodes done: 109
Game 108 completed. Episodes done: 110
Game 109 completed. Episodes done: 111
Game 110 completed. Episodes done: 112
Game 111 completed. Episodes done: 113
Game 112 completed. Episodes done: 114
Game 113 completed. Episodes done: 115
Game 114 completed. Episodes done: 116
Game 115 completed. Episodes done: 117
Game 116 completed. Episodes done: 118
Game 117 completed. Episodes done: 119
Game 118 completed. Episodes done: 120
Game 119 completed. Episodes done: 121
Game 120 completed. Episodes done: 122
Game 121 completed. Episodes done: 123
Game 122 completed. Episodes done: 124
Game 123 completed. Episodes done: 125
Game 124 completed. Episodes done: 126
Game 125 completed. Episodes done: 127
Game 126 completed. Episodes done: 128
Game 127 completed. Episodes done: 129
Game 128 completed. Episodes done: 130
Game 129 completed. Episodes done: 131
Game 130 completed. Episodes done: 132
Game 131 completed. Episodes done: 133
Game 132 completed. Episodes done: 134
Game 133 completed. Episodes done: 135
Game 134 completed. Episodes done: 136
Game 135 completed. Episodes done: 137
Game 136 completed. Episodes done: 138
Game 137 completed. Episodes done: 139
Game 138 completed. Episodes done: 140
Game 139 completed. Episodes done: 141
Game 140 completed. Episodes done: 142
Game 141 completed. Episodes done: 143
Game 142 completed. Episodes done: 144
Game 143 completed. Episodes done: 145
Game 144 completed. Episodes done: 146
Game 145 completed. Episodes done: 147
Game 146 completed. Episodes done: 148
Game 147 completed. Episodes done: 149
Game 148 completed. Episodes done: 150
Game 149 completed. Episodes done: 151
Game 150 completed. Episodes done: 152
Game 151 completed. Episodes done: 153
Game 152 completed. Episodes done: 154
Game 153 completed. Episodes done: 155
Game 154 completed. Episodes done: 156
Game 155 completed. Episodes done: 157
Game 156 completed. Episodes done: 158
Game 157 completed. Episodes done: 159
Game 158 completed. Episodes done: 160
Game 159 completed. Episodes done: 161
Game 160 completed. Episodes done: 162
Game 161 completed. Episodes done: 164
Game 162 completed. Episodes done: 165
Game 163 completed. Episodes done: 166
Game 164 completed. Episodes done: 167
Game 165 completed. Episodes done: 168
Game 166 completed. Episodes done: 169
Game 167 completed. Episodes done: 170
Game 168 completed. Episodes done: 171
Game 169 completed. Episodes done: 172
Game 170 completed. Episodes done: 173
Game 171 completed. Episodes done: 174
Game 172 completed. Episodes done: 175
Game 173 completed. Episodes done: 176
Game 174 completed. Episodes done: 177
Game 175 completed. Episodes done: 178
Game 176 completed. Episodes done: 179
Game 177 completed. Episodes done: 180
Game 178 completed. Episodes done: 181
Game 179 completed. Episodes done: 182
Game 180 completed. Episodes done: 183
Game 181 completed. Episodes done: 184
Game 182 completed. Episodes done: 185
Game 183 completed. Episodes done: 186
Game 184 completed. Episodes done: 187
Game 185 completed. Episodes done: 188
Game 186 completed. Episodes done: 189
Game 187 completed. Episodes done: 190
Game 188 completed. Episodes done: 191
Game 189 completed. Episodes done: 192
Game 190 completed. Episodes done: 193
Game 191 completed. Episodes done: 194
Game 192 completed. Episodes done: 195
Game 193 completed. Episodes done: 196
Game 194 completed. Episodes done: 197
Game 195 completed. Episodes done: 198
Game 196 completed. Episodes done: 199
Game 197 completed. Episodes done: 200
Game 198 completed. Episodes done: 201
Game 199 completed. Episodes done: 202
Game 200 completed. Episodes done: 203
Game 201 completed. Episodes done: 204
Game 202 completed. Episodes done: 205
Game 203 completed. Episodes done: 206
Game 204 completed. Episodes done: 207
Game 205 completed. Episodes done: 208
Game 206 completed. Episodes done: 209
Game 207 completed. Episodes done: 210
Game 208 completed. Episodes done: 211
Game 209 completed. Episodes done: 212
Game 210 completed. Episodes done: 213
Game 211 completed. Episodes done: 214
Game 212 completed. Episodes done: 215
Game 213 completed. Episodes done: 216
Game 214 completed. Episodes done: 217
Game 215 completed. Episodes done: 218
Game 216 completed. Episodes done: 220
Game 217 completed. Episodes done: 221
Game 218 completed. Episodes done: 222
Game 219 completed. Episodes done: 223
Game 220 completed. Episodes done: 224
Game 221 completed. Episodes done: 225
Game 222 completed. Episodes done: 226
Game 223 completed. Episodes done: 227
Game 224 completed. Episodes done: 228
Game 225 completed. Episodes done: 229
Game 226 completed. Episodes done: 230
Game 227 completed. Episodes done: 231
Game 228 completed. Episodes done: 232
Game 229 completed. Episodes done: 233
Game 230 completed. Episodes done: 234
Game 231 completed. Episodes done: 235
Game 232 completed. Episodes done: 236
Game 233 completed. Episodes done: 237
Game 234 completed. Episodes done: 238
Game 235 completed. Episodes done: 239
Game 236 completed. Episodes done: 240
Game 237 completed. Episodes done: 241
Game 238 completed. Episodes done: 242
Game 239 completed. Episodes done: 243
Game 240 completed. Episodes done: 244
Game 241 completed. Episodes done: 245
Game 242 completed. Episodes done: 246
Game 243 completed. Episodes done: 247
Game 244 completed. Episodes done: 248
Game 245 completed. Episodes done: 249
Game 246 completed. Episodes done: 250
Game 247 completed. Episodes done: 251
Game 248 completed. Episodes done: 252
Game 249 completed. Episodes done: 253
Game 250 completed. Episodes done: 254
Game 251 completed. Episodes done: 255
Game 252 completed. Episodes done: 256
Game 253 completed. Episodes done: 257
Game 254 completed. Episodes done: 258
Game 255 completed. Episodes done: 259
Game 256 completed. Episodes done: 260
Game 257 completed. Episodes done: 261
Game 258 completed. Episodes done: 262
Game 259 completed. Episodes done: 263
Game 260 completed. Episodes done: 264
Game 261 completed. Episodes done: 265
Game 262 completed. Episodes done: 266
Game 263 completed. Episodes done: 267
Game 264 completed. Episodes done: 268
Game 265 completed. Episodes done: 269
Game 266 completed. Episodes done: 270
Game 267 completed. Episodes done: 271
Game 268 completed. Episodes done: 272
Game 269 completed. Episodes done: 273
Game 270 completed. Episodes done: 274
Game 271 completed. Episodes done: 276
Game 272 completed. Episodes done: 277
Game 273 completed. Episodes done: 278
Game 274 completed. Episodes done: 279
Game 275 completed. Episodes done: 280
Game 276 completed. Episodes done: 281
Game 277 completed. Episodes done: 282
Game 278 completed. Episodes done: 283
Game 279 completed. Episodes done: 284
Game 280 completed. Episodes done: 285
Game 281 completed. Episodes done: 286
Game 282 completed. Episodes done: 287
Game 283 completed. Episodes done: 288
Game 284 completed. Episodes done: 289
Game 285 completed. Episodes done: 290
Game 286 completed. Episodes done: 291
Game 287 completed. Episodes done: 292
Game 288 completed. Episodes done: 293
Game 289 completed. Episodes done: 294
Game 290 completed. Episodes done: 295
Game 291 completed. Episodes done: 296
Game 292 completed. Episodes done: 297
Game 293 completed. Episodes done: 298
Game 294 completed. Episodes done: 299
Game 295 completed. Episodes done: 300
Game 296 completed. Episodes done: 301
Game 297 completed. Episodes done: 302
Game 298 completed. Episodes done: 303
Game 299 completed. Episodes done: 304
Game 300 completed. Episodes done: 305
Game 301 completed. Episodes done: 306
Game 302 completed. Episodes done: 307
Game 303 completed. Episodes done: 308
Game 304 completed. Episodes done: 309
Game 305 completed. Episodes done: 310
Game 306 completed. Episodes done: 311
Game 307 completed. Episodes done: 312
Game 308 completed. Episodes done: 313
Game 309 completed. Episodes done: 314
Game 310 completed. Episodes done: 315
Game 311 completed. Episodes done: 316
Game 312 completed. Episodes done: 317
Game 313 completed. Episodes done: 318
Game 314 completed. Episodes done: 319
Game 315 completed. Episodes done: 320
Game 316 completed. Episodes done: 321
Game 317 completed. Episodes done: 322
Game 318 completed. Episodes done: 323
Game 319 completed. Episodes done: 324
Game 320 completed. Episodes done: 325
Game 321 completed. Episodes done: 326
Game 322 completed. Episodes done: 327
Game 323 completed. Episodes done: 328
Game 324 completed. Episodes done: 329
Game 325 completed. Episodes done: 330
Game 326 completed. Episodes done: 332
Game 327 completed. Episodes done: 333
Game 328 completed. Episodes done: 334
Game 329 completed. Episodes done: 335
Game 330 completed. Episodes done: 336
Game 331 completed. Episodes done: 337
Game 332 completed. Episodes done: 338
Game 333 completed. Episodes done: 339
Game 334 completed. Episodes done: 340
Game 335 completed. Episodes done: 341
Game 336 completed. Episodes done: 342
Game 337 completed. Episodes done: 343
Game 338 completed. Episodes done: 344
Game 339 completed. Episodes done: 345
Game 340 completed. Episodes done: 346
Game 341 completed. Episodes done: 347
Game 342 completed. Episodes done: 348
Game 343 completed. Episodes done: 349
Game 344 completed. Episodes done: 350
Game 345 completed. Episodes done: 351
Game 346 completed. Episodes done: 352
Game 347 completed. Episodes done: 353
Game 348 completed. Episodes done: 354
Game 349 completed. Episodes done: 355
Game 350 completed. Episodes done: 356
Game 351 completed. Episodes done: 357
Game 352 completed. Episodes done: 358
Game 353 completed. Episodes done: 359
Game 354 completed. Episodes done: 360
Game 355 completed. Episodes done: 361
Game 356 completed. Episodes done: 362
Game 357 completed. Episodes done: 363
Game 358 completed. Episodes done: 364
Game 359 completed. Episodes done: 365
Game 360 completed. Episodes done: 366
Game 361 completed. Episodes done: 367
Game 362 completed. Episodes done: 368
Game 363 completed. Episodes done: 369
Game 364 completed. Episodes done: 370
Game 365 completed. Episodes done: 371
Game 366 completed. Episodes done: 372
Game 367 completed. Episodes done: 373
Game 368 completed. Episodes done: 374
Game 369 completed. Episodes done: 375
Game 370 completed. Episodes done: 376
Game 371 completed. Episodes done: 377
Game 372 completed. Episodes done: 378
Game 373 completed. Episodes done: 379
Game 374 completed. Episodes done: 380
Game 375 completed. Episodes done: 381
Game 376 completed. Episodes done: 382
Game 377 completed. Episodes done: 383
Game 378 completed. Episodes done: 384
Game 379 completed. Episodes done: 385
Game 380 completed. Episodes done: 386
Game 381 completed. Episodes done: 388
Game 382 completed. Episodes done: 389
Game 383 completed. Episodes done: 390
Game 384 completed. Episodes done: 391
Game 385 completed. Episodes done: 392
Game 386 completed. Episodes done: 393
Game 387 completed. Episodes done: 394
Game 388 completed. Episodes done: 395
Game 389 completed. Episodes done: 396
Game 390 completed. Episodes done: 397
Game 391 completed. Episodes done: 398
Game 392 completed. Episodes done: 399
Game 393 completed. Episodes done: 400
Game 394 completed. Episodes done: 401
Game 395 completed. Episodes done: 402
Game 396 completed. Episodes done: 403
Game 397 completed. Episodes done: 404
Game 398 completed. Episodes done: 405
Game 399 completed. Episodes done: 406
Game 400 completed. Episodes done: 407
Game 401 completed. Episodes done: 408
Game 402 completed. Episodes done: 409
Game 403 completed. Episodes done: 410
Game 404 completed. Episodes done: 411
Game 405 completed. Episodes done: 412
Game 406 completed. Episodes done: 413
Game 407 completed. Episodes done: 414
Game 408 completed. Episodes done: 415
Game 409 completed. Episodes done: 416
Game 410 completed. Episodes done: 417
Game 411 completed. Episodes done: 418
Game 412 completed. Episodes done: 419
Game 413 completed. Episodes done: 420
Game 414 completed. Episodes done: 421
Game 415 completed. Episodes done: 422
Game 416 completed. Episodes done: 423
Game 417 completed. Episodes done: 424
Game 418 completed. Episodes done: 425
Game 419 completed. Episodes done: 426
Game 420 completed. Episodes done: 427
Game 421 completed. Episodes done: 428
Game 422 completed. Episodes done: 429
Game 423 completed. Episodes done: 430
Game 424 completed. Episodes done: 431
Game 425 completed. Episodes done: 432
Game 426 completed. Episodes done: 433
Game 427 completed. Episodes done: 434
Game 428 completed. Episodes done: 435
Game 429 completed. Episodes done: 436
Game 430 completed. Episodes done: 437
Game 431 completed. Episodes done: 438
Game 432 completed. Episodes done: 439
Game 433 completed. Episodes done: 440
Game 434 completed. Episodes done: 441
Game 435 completed. Episodes done: 442
Game 436 completed. Episodes done: 444
Game 437 completed. Episodes done: 445
Game 438 completed. Episodes done: 446
Game 439 completed. Episodes done: 447
Game 440 completed. Episodes done: 448
Game 441 completed. Episodes done: 449
Game 442 completed. Episodes done: 450
Game 443 completed. Episodes done: 451
Game 444 completed. Episodes done: 452
Game 445 completed. Episodes done: 453
Game 446 completed. Episodes done: 454
Game 447 completed. Episodes done: 455
Game 448 completed. Episodes done: 456
Game 449 completed. Episodes done: 457
Game 450 completed. Episodes done: 458
Game 451 completed. Episodes done: 459
Game 452 completed. Episodes done: 460
Game 453 completed. Episodes done: 461
Game 454 completed. Episodes done: 462
Game 455 completed. Episodes done: 463
Game 456 completed. Episodes done: 464
Game 457 completed. Episodes done: 465
Game 458 completed. Episodes done: 466
Game 459 completed. Episodes done: 467
Game 460 completed. Episodes done: 468
Game 461 completed. Episodes done: 469
Game 462 completed. Episodes done: 470
Game 463 completed. Episodes done: 471
Game 464 completed. Episodes done: 472
Game 465 completed. Episodes done: 473
Game 466 completed. Episodes done: 474
Game 467 completed. Episodes done: 475
Game 468 completed. Episodes done: 476
Game 469 completed. Episodes done: 477
Game 470 completed. Episodes done: 478
Game 471 completed. Episodes done: 479
Game 472 completed. Episodes done: 480
Game 473 completed. Episodes done: 481
Game 474 completed. Episodes done: 482
Game 475 completed. Episodes done: 483
Game 476 completed. Episodes done: 484
Game 477 completed. Episodes done: 485
Game 478 completed. Episodes done: 486
Game 479 completed. Episodes done: 487
Game 480 completed. Episodes done: 488
Game 481 completed. Episodes done: 489
Game 482 completed. Episodes done: 490
Game 483 completed. Episodes done: 491
Game 484 completed. Episodes done: 492
Game 485 completed. Episodes done: 493
Game 486 completed. Episodes done: 494
Game 487 completed. Episodes done: 495
Game 488 completed. Episodes done: 496
Game 489 completed. Episodes done: 497
Game 490 completed. Episodes done: 498
Game 491 completed. Episodes done: 500
Game 492 completed. Episodes done: 501
Game 493 completed. Episodes done: 502
Game 494 completed. Episodes done: 503
Game 495 completed. Episodes done: 504
Game 496 completed. Episodes done: 505
Game 497 completed. Episodes done: 506
Game 498 completed. Episodes done: 507
Game 499 completed. Episodes done: 508
Game 500 completed. Episodes done: 509
Game 501 completed. Episodes done: 510
Game 502 completed. Episodes done: 511
Game 503 completed. Episodes done: 512
Game 504 completed. Episodes done: 513
Game 505 completed. Episodes done: 514
Game 506 completed. Episodes done: 515
Game 507 completed. Episodes done: 516
Game 508 completed. Episodes done: 517
Game 509 completed. Episodes done: 518
Game 510 completed. Episodes done: 519
Game 511 completed. Episodes done: 520
Game 512 completed. Episodes done: 521
Game 513 completed. Episodes done: 522
Game 514 completed. Episodes done: 523
Game 515 completed. Episodes done: 524
Game 516 completed. Episodes done: 525
Game 517 completed. Episodes done: 526
Game 518 completed. Episodes done: 527
Game 519 completed. Episodes done: 528
Game 520 completed. Episodes done: 529
Game 521 completed. Episodes done: 530
Game 522 completed. Episodes done: 531
Game 523 completed. Episodes done: 532
Game 524 completed. Episodes done: 533
Game 525 completed. Episodes done: 534
Game 526 completed. Episodes done: 535
Game 527 completed. Episodes done: 536
Game 528 completed. Episodes done: 537
Game 529 completed. Episodes done: 538
Game 530 completed. Episodes done: 539
Game 531 completed. Episodes done: 540
Game 532 completed. Episodes done: 541
Game 533 completed. Episodes done: 542
Game 534 completed. Episodes done: 543
Game 535 completed. Episodes done: 544
Game 536 completed. Episodes done: 545
Game 537 completed. Episodes done: 546
Game 538 completed. Episodes done: 547
Game 539 completed. Episodes done: 548
Game 540 completed. Episodes done: 549
Game 541 completed. Episodes done: 550
Game 542 completed. Episodes done: 551
Game 543 completed. Episodes done: 552
Game 544 completed. Episodes done: 553
Game 545 completed. Episodes done: 554
Game 546 completed. Episodes done: 556
Game 547 completed. Episodes done: 557
Game 548 completed. Episodes done: 558
Game 549 completed. Episodes done: 559
Game 550 completed. Episodes done: 560
Game 551 completed. Episodes done: 561
Game 552 completed. Episodes done: 562
Game 553 completed. Episodes done: 563
Game 554 completed. Episodes done: 564
Game 555 completed. Episodes done: 565
Game 556 completed. Episodes done: 566
Game 557 completed. Episodes done: 567
Game 558 completed. Episodes done: 568
Game 559 completed. Episodes done: 569
Game 560 completed. Episodes done: 570
Game 561 completed. Episodes done: 571
Game 562 completed. Episodes done: 572
Game 563 completed. Episodes done: 573
Game 564 completed. Episodes done: 574
Game 565 completed. Episodes done: 575
Game 566 completed. Episodes done: 576
Game 567 completed. Episodes done: 577
Game 568 completed. Episodes done: 578
Game 569 completed. Episodes done: 579
Game 570 completed. Episodes done: 580
Game 571 completed. Episodes done: 581
Game 572 completed. Episodes done: 582
Game 573 completed. Episodes done: 583
Game 574 completed. Episodes done: 584
Game 575 completed. Episodes done: 585
Game 576 completed. Episodes done: 586
Game 577 completed. Episodes done: 587
Game 578 completed. Episodes done: 588
Game 579 completed. Episodes done: 589
Game 580 completed. Episodes done: 590
Game 581 completed. Episodes done: 591
Game 582 completed. Episodes done: 592
Game 583 completed. Episodes done: 593
Game 584 completed. Episodes done: 594
Game 585 completed. Episodes done: 595
Game 586 completed. Episodes done: 596
Game 587 completed. Episodes done: 597
Game 588 completed. Episodes done: 598
Game 589 completed. Episodes done: 599
Game 590 completed. Episodes done: 600
Game 591 completed. Episodes done: 601
Game 592 completed. Episodes done: 602
Game 593 completed. Episodes done: 603
Game 594 completed. Episodes done: 604
Game 595 completed. Episodes done: 605
Game 596 completed. Episodes done: 606
Game 597 completed. Episodes done: 607
Game 598 completed. Episodes done: 608
Game 599 completed. Episodes done: 609
Game 600 completed. Episodes done: 610
Game 601 completed. Episodes done: 612
Game 602 completed. Episodes done: 613
Game 603 completed. Episodes done: 614
Game 604 completed. Episodes done: 615
Game 605 completed. Episodes done: 616
Game 606 completed. Episodes done: 617
Game 607 completed. Episodes done: 618
Game 608 completed. Episodes done: 619
Game 609 completed. Episodes done: 620
Game 610 completed. Episodes done: 621
Game 611 completed. Episodes done: 622
Game 612 completed. Episodes done: 623
Game 613 completed. Episodes done: 624
Game 614 completed. Episodes done: 625
Game 615 completed. Episodes done: 626
Game 616 completed. Episodes done: 627
Game 617 completed. Episodes done: 628
Game 618 completed. Episodes done: 629
Game 619 completed. Episodes done: 630
Game 620 completed. Episodes done: 631
Game 621 completed. Episodes done: 632
Game 622 completed. Episodes done: 633
Game 623 completed. Episodes done: 634
Game 624 completed. Episodes done: 635
Game 625 completed. Episodes done: 636
Game 626 completed. Episodes done: 637
Game 627 completed. Episodes done: 638
Game 628 completed. Episodes done: 639
Game 629 completed. Episodes done: 640
Game 630 completed. Episodes done: 641
Game 631 completed. Episodes done: 642
Game 632 completed. Episodes done: 643
Game 633 completed. Episodes done: 644
Game 634 completed. Episodes done: 645
Game 635 completed. Episodes done: 646
Game 636 completed. Episodes done: 647
Game 637 completed. Episodes done: 648
Game 638 completed. Episodes done: 649
Game 639 completed. Episodes done: 650
Game 640 completed. Episodes done: 651
Game 641 completed. Episodes done: 652
Game 642 completed. Episodes done: 653
Game 643 completed. Episodes done: 654
Game 644 completed. Episodes done: 655
Game 645 completed. Episodes done: 656
Game 646 completed. Episodes done: 657
Game 647 completed. Episodes done: 658
Game 648 completed. Episodes done: 659
Game 649 completed. Episodes done: 660
Game 650 completed. Episodes done: 661
Game 651 completed. Episodes done: 662
Game 652 completed. Episodes done: 663
Game 653 completed. Episodes done: 664
Game 654 completed. Episodes done: 665
Game 655 completed. Episodes done: 666
Game 656 completed. Episodes done: 668
Game 657 completed. Episodes done: 669
Game 658 completed. Episodes done: 670
Game 659 completed. Episodes done: 671
Game 660 completed. Episodes done: 672
Game 661 completed. Episodes done: 673
Game 662 completed. Episodes done: 674
Game 663 completed. Episodes done: 675
Game 664 completed. Episodes done: 676
Game 665 completed. Episodes done: 677
Game 666 completed. Episodes done: 678
Game 667 completed. Episodes done: 679
Game 668 completed. Episodes done: 680
Game 669 completed. Episodes done: 681
Game 670 completed. Episodes done: 682
Game 671 completed. Episodes done: 683
Game 672 completed. Episodes done: 684
Game 673 completed. Episodes done: 685
Game 674 completed. Episodes done: 686
Game 675 completed. Episodes done: 687
Game 676 completed. Episodes done: 688
Game 677 completed. Episodes done: 689
Game 678 completed. Episodes done: 690
Game 679 completed. Episodes done: 691
Game 680 completed. Episodes done: 692
Game 681 completed. Episodes done: 693
Game 682 completed. Episodes done: 694
Game 683 completed. Episodes done: 695
Game 684 completed. Episodes done: 696
Game 685 completed. Episodes done: 697
Game 686 completed. Episodes done: 698
Game 687 completed. Episodes done: 699
Game 688 completed. Episodes done: 700
Game 689 completed. Episodes done: 701
Game 690 completed. Episodes done: 702
Game 691 completed. Episodes done: 703
Game 692 completed. Episodes done: 704
Game 693 completed. Episodes done: 705
Game 694 completed. Episodes done: 706
Game 695 completed. Episodes done: 707
Game 696 completed. Episodes done: 708
Game 697 completed. Episodes done: 709
Game 698 completed. Episodes done: 710
Game 699 completed. Episodes done: 711
Game 700 completed. Episodes done: 712
Game 701 completed. Episodes done: 713
Game 702 completed. Episodes done: 714
Game 703 completed. Episodes done: 715
Game 704 completed. Episodes done: 716
Game 705 completed. Episodes done: 717
Game 706 completed. Episodes done: 718
Game 707 completed. Episodes done: 719
Game 708 completed. Episodes done: 720
Game 709 completed. Episodes done: 721
Game 710 completed. Episodes done: 722
Game 711 completed. Episodes done: 724
Game 712 completed. Episodes done: 725
Game 713 completed. Episodes done: 726
Game 714 completed. Episodes done: 727
Game 715 completed. Episodes done: 728
Game 716 completed. Episodes done: 729
Game 717 completed. Episodes done: 730
Game 718 completed. Episodes done: 731
Game 719 completed. Episodes done: 732
Game 720 completed. Episodes done: 733
Game 721 completed. Episodes done: 734
Game 722 completed. Episodes done: 735
Game 723 completed. Episodes done: 736
Game 724 completed. Episodes done: 737
Game 725 completed. Episodes done: 738
Game 726 completed. Episodes done: 739
Game 727 completed. Episodes done: 740
Game 728 completed. Episodes done: 741
Game 729 completed. Episodes done: 742
Game 730 completed. Episodes done: 743
Game 731 completed. Episodes done: 744
Game 732 completed. Episodes done: 745
Game 733 completed. Episodes done: 746
Game 734 completed. Episodes done: 747
Game 735 completed. Episodes done: 748
Game 736 completed. Episodes done: 749
Game 737 completed. Episodes done: 750
Game 738 completed. Episodes done: 751
Game 739 completed. Episodes done: 752
Game 740 completed. Episodes done: 753
Game 741 completed. Episodes done: 754
Game 742 completed. Episodes done: 755
Game 743 completed. Episodes done: 756
Game 744 completed. Episodes done: 757
Game 745 completed. Episodes done: 758
Game 746 completed. Episodes done: 759
Game 747 completed. Episodes done: 760
Game 748 completed. Episodes done: 761
Game 749 completed. Episodes done: 762
Game 750 completed. Episodes done: 763
Game 751 completed. Episodes done: 764
Game 752 completed. Episodes done: 765
Game 753 completed. Episodes done: 766
Game 754 completed. Episodes done: 767
Game 755 completed. Episodes done: 768
Game 756 completed. Episodes done: 769
Game 757 completed. Episodes done: 770
Game 758 completed. Episodes done: 771
Game 759 completed. Episodes done: 772
Game 760 completed. Episodes done: 773
Game 761 completed. Episodes done: 774
Game 762 completed. Episodes done: 775
Game 763 completed. Episodes done: 776
Game 764 completed. Episodes done: 777
Game 765 completed. Episodes done: 778
Game 766 completed. Episodes done: 780
Game 767 completed. Episodes done: 781
Game 768 completed. Episodes done: 782
Game 769 completed. Episodes done: 783
Game 770 completed. Episodes done: 784
Game 771 completed. Episodes done: 785
Game 772 completed. Episodes done: 786
Game 773 completed. Episodes done: 787
Game 774 completed. Episodes done: 788
Game 775 completed. Episodes done: 789
Game 776 completed. Episodes done: 790
Game 777 completed. Episodes done: 791
Game 778 completed. Episodes done: 792
Game 779 completed. Episodes done: 793
Game 780 completed. Episodes done: 794
Game 781 completed. Episodes done: 795
Game 782 completed. Episodes done: 796
Game 783 completed. Episodes done: 797
Game 784 completed. Episodes done: 798
Game 785 completed. Episodes done: 799
Game 786 completed. Episodes done: 800
Game 787 completed. Episodes done: 801
Game 788 completed. Episodes done: 802
Game 789 completed. Episodes done: 803
Game 790 completed. Episodes done: 804
Game 791 completed. Episodes done: 805
Game 792 completed. Episodes done: 806
Game 793 completed. Episodes done: 807
Game 794 completed. Episodes done: 808
Game 795 completed. Episodes done: 809
Game 796 completed. Episodes done: 810
Game 797 completed. Episodes done: 811
Game 798 completed. Episodes done: 812
Game 799 completed. Episodes done: 813
Game 800 completed. Episodes done: 814
Game 801 completed. Episodes done: 815
Game 802 completed. Episodes done: 816
Game 803 completed. Episodes done: 817
Game 804 completed. Episodes done: 818
Game 805 completed. Episodes done: 819
Game 806 completed. Episodes done: 820
Game 807 completed. Episodes done: 821
Game 808 completed. Episodes done: 822
Game 809 completed. Episodes done: 823
Game 810 completed. Episodes done: 824
Game 811 completed. Episodes done: 825
Game 812 completed. Episodes done: 826
Game 813 completed. Episodes done: 827
Game 814 completed. Episodes done: 828
Game 815 completed. Episodes done: 829
Game 816 completed. Episodes done: 830
Game 817 completed. Episodes done: 831
Game 818 completed. Episodes done: 832
Game 819 completed. Episodes done: 833
Game 820 completed. Episodes done: 834
Game 821 completed. Episodes done: 836
Game 822 completed. Episodes done: 837
Game 823 completed. Episodes done: 838
Game 824 completed. Episodes done: 839
Game 825 completed. Episodes done: 840
Game 826 completed. Episodes done: 841
Game 827 completed. Episodes done: 842
Game 828 completed. Episodes done: 843
Game 829 completed. Episodes done: 844
Game 830 completed. Episodes done: 845
Game 831 completed. Episodes done: 846
Game 832 completed. Episodes done: 847
Game 833 completed. Episodes done: 848
Game 834 completed. Episodes done: 849
Game 835 completed. Episodes done: 850
Game 836 completed. Episodes done: 851
Game 837 completed. Episodes done: 852
Game 838 completed. Episodes done: 853
Game 839 completed. Episodes done: 854
Game 840 completed. Episodes done: 855
Game 841 completed. Episodes done: 856
Game 842 completed. Episodes done: 857
Game 843 completed. Episodes done: 858
Game 844 completed. Episodes done: 859
Game 845 completed. Episodes done: 860
Game 846 completed. Episodes done: 861
Game 847 completed. Episodes done: 862
Game 848 completed. Episodes done: 863
Game 849 completed. Episodes done: 864
Game 850 completed. Episodes done: 865
Game 851 completed. Episodes done: 866
Game 852 completed. Episodes done: 867
Game 853 completed. Episodes done: 868
Game 854 completed. Episodes done: 869
Game 855 completed. Episodes done: 870
Game 856 completed. Episodes done: 871
Game 857 completed. Episodes done: 872
Game 858 completed. Episodes done: 873
Game 859 completed. Episodes done: 874
Game 860 completed. Episodes done: 875
Game 861 completed. Episodes done: 876
Game 862 completed. Episodes done: 877
Game 863 completed. Episodes done: 878
Game 864 completed. Episodes done: 879
Game 865 completed. Episodes done: 880
Game 866 completed. Episodes done: 881
Game 867 completed. Episodes done: 882
Game 868 completed. Episodes done: 883
Game 869 completed. Episodes done: 884
Game 870 completed. Episodes done: 885
Game 871 completed. Episodes done: 886
Game 872 completed. Episodes done: 887
Game 873 completed. Episodes done: 888
Game 874 completed. Episodes done: 889
Game 875 completed. Episodes done: 890
Game 876 completed. Episodes done: 892
Game 877 completed. Episodes done: 893
Game 878 completed. Episodes done: 894
Game 879 completed. Episodes done: 895
Game 880 completed. Episodes done: 896
Game 881 completed. Episodes done: 897
Game 882 completed. Episodes done: 898
Game 883 completed. Episodes done: 899
Game 884 completed. Episodes done: 900
Game 885 completed. Episodes done: 901
Game 886 completed. Episodes done: 902
Game 887 completed. Episodes done: 903
Game 888 completed. Episodes done: 904
Game 889 completed. Episodes done: 905
Game 890 completed. Episodes done: 906
Game 891 completed. Episodes done: 907
Game 892 completed. Episodes done: 908
Game 893 completed. Episodes done: 909
Game 894 completed. Episodes done: 910
Game 895 completed. Episodes done: 911
Game 896 completed. Episodes done: 912
Game 897 completed. Episodes done: 913
Game 898 completed. Episodes done: 914
Game 899 completed. Episodes done: 915
Game 900 completed. Episodes done: 916
Game 901 completed. Episodes done: 917
Game 902 completed. Episodes done: 918
Game 903 completed. Episodes done: 919
Game 904 completed. Episodes done: 920
Game 905 completed. Episodes done: 921
Game 906 completed. Episodes done: 922
Game 907 completed. Episodes done: 923
Game 908 completed. Episodes done: 924
Game 909 completed. Episodes done: 925
Game 910 completed. Episodes done: 926
Game 911 completed. Episodes done: 927
Game 912 completed. Episodes done: 928
Game 913 completed. Episodes done: 929
Game 914 completed. Episodes done: 930
Game 915 completed. Episodes done: 931
Game 916 completed. Episodes done: 932
Game 917 completed. Episodes done: 933
Game 918 completed. Episodes done: 934
Game 919 completed. Episodes done: 935
Game 920 completed. Episodes done: 936
Game 921 completed. Episodes done: 937
Game 922 completed. Episodes done: 938
Game 923 completed. Episodes done: 939
Game 924 completed. Episodes done: 940
Game 925 completed. Episodes done: 941
Game 926 completed. Episodes done: 942
Game 927 completed. Episodes done: 943
Game 928 completed. Episodes done: 944
Game 929 completed. Episodes done: 945
Game 930 completed. Episodes done: 946
